setup,side,entry_bar,exit_bar,entry_time,avg,exit,why,R,net,stop_atr,target_R,max_hold
S3,-1,716,719,2017-04-30 08:00:00+00:00,1326.0099999999998,1351.509362937425,stop,-1.0319034816791812,-0.002514147527938488,1.472586711280002,1.3716168853489539,60
S1,1,811,817,2017-05-16 04:00:00+00:00,1642.22,1788.44,target,2.1012779320027604,0.015719962569633778,1.291271915403658,2.1199584894885626,60
S1,1,851,852,2017-05-22 20:00:00+00:00,2004.44,2112.5523899232267,target,1.9808322250813173,0.015052430468057782,0.7821620573637142,2.0,60
S1,1,874,878,2017-05-26 16:00:00+00:00,2099.97,1968.3928668081876,stop,-1.016366756111301,-0.007838156230750841,0.8428002755463648,2.0,60
S4,1,888,892,2017-05-29 00:00:00+00:00,2136.72728,2313.96,target,0.5403087016353992,0.0013116807011821815,2.1732672225114906,0.5447640859272765,60
S4,1,899,906,2017-05-30 20:00:00+00:00,2207.5645,2350.0,target,0.9064491998119364,0.006972634457994906,1.3415569390879696,0.9181666070813573,60
S4,1,928,930,2017-06-04 16:00:00+00:00,2489.82929,2584.34,target,0.686689536910992,0.0031130631032305817,2.2290251471586977,0.6965106753091085,60
S1,1,885,935,2017-05-28 12:00:00+00:00,2104.9493972078935,2670.1057975471795,target,1.9750042836471084,0.015115005355841957,1.7425664665779788,2.0,60
S4,1,967,969,2017-06-11 04:00:00+00:00,2866.00164,2912.98,target,0.4903832907924584,0.001197271133534019,1.4584452645580817,0.5075729976618987,60
S1,1,970,974,2017-06-11 16:00:00+00:00,2933.0,2849.21758075502,stop,-1.0362086010507974,-0.008145607918364033,1.3919254248027897,2.0,60
S1,1,1036,1047,2017-06-22 16:00:00+00:00,2723.86,2613.303347862897,stop,-1.0338901276049113,-0.008064219983942664,1.4761918560773166,2.0,60
S4,1,1043,1048,2017-06-23 20:00:00+00:00,2663.015995,2578.8852665116947,stop,-1.031111861765397,-0.008042354656784287,1.3334089652627334,0.9178660065436481,60
S1,1,1102,1125,2017-07-03 16:00:00+00:00,2542.01,2486.400994024089,stop,-1.0920552306928417,-0.008385981349456473,1.0181242465890243,3.308505631619471,60
S4,1,1119,1125,2017-07-06 12:00:00+00:00,2573.8094499999997,2517.5582571782898,stop,-1.0458586316184557,-0.008080342618298292,1.1877079240837964,0.8784119047529659,60
S1,1,1210,1212,2017-07-21 16:00:00+00:00,2639.47,2734.1055699557824,target,1.9688239926133393,0.014875615611195396,0.3903863652329214,2.0,60
S1,1,1237,1247,2017-07-26 04:00:00+00:00,2425.16,2611.39,target,2.54716464217176,0.019501614006216837,0.7048045636742998,2.5804498190781047,60
S4,1,1210,1270,2017-07-21 16:00:00+00:00,2559.4075000000003,2837.156256,time,0.7353161614088819,0.005555743230911766,3.029717602525208,1.0309559053478363,60
S5,-1,1290,1291,2017-08-04 00:00:00+00:00,2793.0606660000003,2814.5233316114836,stop,-1.1324376902102176,-0.006046172804827416,0.3242837582632878,1.2203274474089936,30
S1,1,1255,1296,2017-07-29 04:00:00+00:00,2677.78,2948.6161085774634,target,1.9489296478372826,0.015292033789816677,1.4915554898903194,2.0,60
S1,1,1312,1322,2017-08-07 16:00:00+00:00,3339.66,3233.5743218225753,stop,-1.042346913059091,-0.00826000049420453,1.225266398034829,2.0,60
S5,-1,1326,1327,2017-08-10 00:00:00+00:00,3342.6557009999997,3379.7543207950375,stop,-1.091481368609129,-0.005773669039148103,0.4049299596584898,1.229538659575715,30
S1,1,1363,1370,2017-08-16 04:00:00+00:00,3985.3399999999997,4446.151021832395,target,1.9852684265629366,0.015523157305592599,1.277320584096449,2.0000000000000058,60
S4,1,1389,1398,2017-08-20 12:00:00+00:00,4008.215,3861.917316286459,stop,-1.032340444524262,-0.00819223741794847,1.0037169756346067,0.834650037378923,60
S5,-1,1407,1408,2017-08-23 12:00:00+00:00,4228.487109,4187.433892031613,target,1.1462099842522055,0.006093642874221861,0.2629013828810302,1.2216845895212882,30
S1,1,1417,1443,2017-08-25 04:00:00+00:00,4306.4,4640.084723271722,target,1.9541169648427652,0.015476327380567433,1.5602192829996062,2.0,60
S4,1,1424,1443,2017-08-26 08:00:00+00:00,4244.68226,4449.98,target,0.9589021316188763,0.007604000747739617,2.031387984616111,0.9820522953033678,60
S1,1,1466,1467,2017-09-02 08:00:00+00:00,4649.78,4552.398063070477,stop,-1.0425655358820018,-0.008437440861503418,0.9853517620405549,2.0,60
S1,1,1477,1478,2017-09-04 04:00:00+00:00,4393.3,4309.892535441195,stop,-1.046970254336932,-0.008406834948392488,0.7049524274523178,2.0006066661163455,60
S4,1,1501,1502,2017-09-08 04:00:00+00:00,4598.19212,4674.34,target,0.4793826188206171,0.0011812194672179322,1.289886255601462,0.4944327756328851,60
S1,1,1497,1503,2017-09-07 12:00:00+00:00,4591.55,4443.259811864824,stop,-1.035109169162287,-0.00824632930362768,1.078406090120184,2.0,60
S4,1,1522,1525,2017-09-11 16:00:00+00:00,4202.010909999999,4353.49,target,0.6540798963897606,0.0029868845032240293,1.6305449188085566,0.6653361095149213,60
S1,1,1523,1530,2017-09-11 20:00:00+00:00,4196.1,4057.0867437039524,stop,-1.0357719630544597,-0.008195885701585205,1.0374034869703979,3.036632062490156,60
S1,1,1577,1581,2017-09-20 20:00:00+00:00,3909.25,3784.9586802535664,stop,-1.0323923962190102,-0.008132930328796745,0.8940155777547872,3.282147170170381,60
S4,1,1571,1618,2017-09-19 20:00:00+00:00,3773.3888500000003,4122.7,target,0.9658116709046962,0.007605353341897107,2.285745663683292,0.9921356427930825,60
S1,1,1617,1619,2017-09-27 12:00:00+00:00,4050.0000000000005,4195.417423289306,target,1.968755443009897,0.015478650892462283,0.8787893861837398,1.9999999999999811,60
S1,1,1651,1651,2017-10-03 04:00:00+00:00,4349.0,4308.003093191454,stop,-1.09044168034574,-0.008709035855055532,0.5305000470119073,2.0,60
S4,1,1650,1658,2017-10-03 00:00:00+00:00,4327.5085,4197.924102191454,stop,-1.0399196169478178,-0.008305531046376186,1.8394545024330695,0.9715629169659411,60
S1,1,1658,1658,2017-10-04 08:00:00+00:00,4293.0,4197.994380452734,stop,-1.0379507488712192,-0.008221998223265473,1.253538356811062,2.0,60
S4,1,1676,1679,2017-10-07 08:00:00+00:00,4315.35072,4425.0,target,0.5465224591802073,0.0013638103909756941,2.935139279213359,0.5598933158197702,60
S1,1,1668,1683,2017-10-06 00:00:00+00:00,4293.0,4484.0591305323305,target,1.944888691669037,0.015165134616932127,1.3265000286276045,2.0,60
S1,1,1741,1741,2017-10-18 04:00:00+00:00,5417.62,5379.987774363724,stop,-1.1233547911492026,-0.008898540055844882,0.2511700409001365,8.124726208740999,60
S1,1,1765,1773,2017-10-22 04:00:00+00:00,5846.43,5659.50341937542,stop,-1.0387457980497692,-0.008158993664548916,1.1920766938543121,2.0,60
S4,1,1768,1776,2017-10-22 16:00:00+00:00,5867.4891,5547.017121532506,stop,-1.0204766792248194,-0.008067593729711893,1.8901155625976063,0.9768492572860045,60
S1,1,1782,1782,2017-10-25 00:00:00+00:00,5417.62,5368.448878103587,stop,-1.0942165147099894,-0.008461531709530663,0.2676689652947122,5.779263671137243,60
S1,1,1792,1803,2017-10-26 16:00:00+00:00,5829.999999999999,5658.522573656104,stop,-1.047050016013595,-0.008030347745711673,1.0802831781864675,2.000000000000016,60
S4,1,1800,1809,2017-10-28 00:00:00+00:00,5717.08554,5994.06,target,0.702957035643733,0.003139282004294182,2.6858063446764047,0.7157334612835313,60
S5,-1,1801,1809,2017-10-28 04:00:00+00:00,5724.447498,5890.657338848371,stop,-1.022899871107271,-0.005222270065080338,1.1841096187210056,1.2422224187092188,30
S1,1,1815,1821,2017-10-30 12:00:00+00:00,6045.34,6360.697411855579,target,1.9705937529415383,0.01496399478870916,1.1509040496254337,2.0,60
S4,1,1816,1821,2017-10-30 16:00:00+00:00,6060.654060000001,6316.85,target,0.561299010155174,0.001369147908372131,3.344158524641183,0.5709418353041742,60
S5,-1,1877,1878,2017-11-09 20:00:00+00:00,7170.312897,7273.447539647792,stop,-1.070590639142934,-0.005534247129554395,0.46416866531310946,1.2342444763475984,30
S1,1,1854,1880,2017-11-06 00:00:00+00:00,7257.610326197031,6917.570903119675,stop,-1.0452173005915868,-0.008065049612162438,1.8130979823989266,2.000000000000008,60
S5,-1,1917,1918,2017-11-16 12:00:00+00:00,7407.569169,7562.0213879883,stop,-1.0486678853366593,-0.0053489265341087645,0.6821227501032785,1.2391547681967867,30
S5,-1,1963,1963,2017-11-24 04:00:00+00:00,8087.971122,8134.815129785755,stop,-1.1849235484888185,-0.006120147432797894,0.25759161917166606,1.2104616233765728,30
S4,1,1951,1970,2017-11-22 04:00:00+00:00,8044.988429999999,8354.46,target,0.9191709115656745,0.006998806224344816,1.597840854679769,0.9480541408772746,60
S1,1,1924,1974,2017-11-17 16:00:00+00:00,7825.737958722306,8739.835099426404,target,1.9475891214511911,0.014751107452245449,1.7592623845463595,2.000000000000008,60
S1,1,2005,2009,2017-12-01 04:00:00+00:00,9500.0,10785.516576099635,target,1.9896783208578313,0.01530312905904489,1.1218371707996033,2.0,60
S1,1,2021,2021,2017-12-03 20:00:00+00:00,11395.0,10706.71585184142,stop,-1.0134829108400094,-0.007911279370116348,1.4396106062270015,2.0,60
S1,1,2029,2038,2017-12-05 04:00:00+00:00,11421.414794451022,13030.74612748079,target,1.9863752746754189,0.015387846884996104,1.872737867347683,2.0,60
S1,1,2080,2080,2017-12-13 16:00:00+00:00,16159.99,15587.656833511197,stop,-1.0234739007789306,-0.008046659888643537,0.7108349094389613,2.000000000000003,60
S1,1,2110,2114,2017-12-18 16:00:00+00:00,18586.87,17671.26467835024,stop,-1.020778116749292,-0.007963861442468396,1.4123850139598957,2.0,60
S4,1,2114,2114,2017-12-19 08:00:00+00:00,18486.748399999997,17677.985900691772,stop,-1.0188257659347448,-0.007978034952592503,1.2174884643936517,0.9086202920407079,60
S1,1,2121,2122,2017-12-20 12:00:00+00:00,17107.03,16360.706542312057,stop,-1.0200208679296772,-0.007835995569729477,0.8513028324205049,2.0,60
S4,1,2196,2200,2018-01-02 00:00:00+00:00,13283.615,14296.06,target,0.7128462968152651,0.003117309624455524,2.032474971035156,0.71897232277371,60
S1,1,2193,2216,2018-01-01 12:00:00+00:00,12874.624175414623,15800.0,target,2.187141137060126,0.016673498686725415,1.775155653881675,2.2046005980978904,60
S1,1,2227,2230,2018-01-07 04:00:00+00:00,16495.6,16017.33414785402,stop,-1.0340015987943634,-0.00803610793671879,0.8535660613466232,2.0,60
S4,1,2230,2235,2018-01-07 16:00:00+00:00,15607.459915000001,14048.33787805433,stop,-1.009140612437629,-0.007842892017121605,2.8775477571485575,1.022355165244249,60
S1,1,2240,2246,2018-01-09 08:00:00+00:00,14567.809999999998,13740.283280280111,stop,-1.0196158515842653,-0.007802875430484342,1.2822147891430684,2.8568452504845885,60
S1,1,2280,2281,2018-01-16 00:00:00+00:00,13269.73,12668.699374563717,stop,-1.0192131087499807,-0.007740147389286331,1.0960752767316788,6.099519584614577,60
S4,1,2341,2342,2018-01-26 04:00:00+00:00,11077.991145,10363.633908156953,stop,-1.0129487372463835,-0.007633771464356125,1.434570515391413,0.930617589027977,60
S1,1,2355,2367,2018-01-28 12:00:00+00:00,11536.742058696256,10657.738697658744,stop,-1.018198179337132,-0.007615037051909791,1.9945031484078737,2.0,60
S4,1,2358,2368,2018-01-29 00:00:00+00:00,11075.323015000002,10157.106134262256,stop,-1.0134940755241797,-0.007590613795377886,2.222089003414833,0.9963213261968161,60
S3,1,2434,2457,2018-02-10 16:00:00+00:00,8359.0,9120.215,target,0.7977501193407126,0.0024080056750008356,2.001632806183305,0.8124369883132323,60
S1,1,2499,2505,2018-02-21 12:00:00+00:00,10631.749999999998,10013.667299349598,stop,-1.0191062600529786,-0.0037620061626974293,1.5366022130966617,2.000000000000009,60
S1,1,2516,2519,2018-02-24 08:00:00+00:00,9826.33,9503.135110869662,stop,-1.0298147685575005,-0.003787008227743791,0.8134108371793901,2.0,60
S1,-1,2526,2529,2018-02-26 00:00:00+00:00,9600.0,9971.49717501514,stop,-1.016049359227518,-0.001860979272475371,1.0827939979140104,2.0,60
S4,-1,2528,2529,2018-02-26 08:00:00+00:00,9590.095594999999,9968.94547407938,stop,-1.0182595273460833,-0.001866020173013429,1.104678694061976,0.8736083117830643,60
S1,-1,2546,2550,2018-03-01 08:00:00+00:00,10728.23,11146.119698093813,stop,-1.0146829307608143,-0.001851385814499684,1.344291878660681,2.0270400084205726,60
S3,-1,2577,2584,2018-03-06 12:00:00+00:00,10928.28,10325.740833225536,target,1.971931942916983,0.0020188874640185437,1.3044692196743597,1.971965827978643,60
S4,-1,2619,2624,2018-03-13 12:00:00+00:00,9249.189129999999,8742.07,target,0.6760347747540654,0.0007139178776886832,1.766566800119968,0.6775128410861302,60
S1,-1,2625,2628,2018-03-14 12:00:00+00:00,8742.07,7897.964938477435,target,1.9960399491393148,0.0036452641009528317,1.1138613367579886,2.0,60
S4,-1,2633,2646,2018-03-15 20:00:00+00:00,8420.295740000001,7682.0,target,0.71415163399361,0.0007637635937272436,2.659663450966998,0.7125489473561228,60
S1,-1,2637,2649,2018-03-16 12:00:00+00:00,8366.0,7430.074983789829,target,2.0043700381287444,0.0036747140133578725,1.2359160306118668,2.0,60
S1,-1,2662,2667,2018-03-20 16:00:00+00:00,8742.07,9146.994353465785,stop,-1.0112390052516222,-0.0037242012904061435,1.2283113548215818,2.0,60
S1,-1,2679,2681,2018-03-23 12:00:00+00:00,8554.04,8789.131896122293,stop,-1.0242306620010133,-0.0037577429416525473,0.8699492822246472,2.0,60
S1,-1,2690,2696,2018-03-25 08:00:00+00:00,8554.04,8101.052266195493,target,1.9983019453970245,0.0073032997834982065,0.9253574552257112,2.0,60
S4,-1,2769,2798,2018-04-07 12:00:00+00:00,7070.267755,7562.89063214954,stop,-0.9943628509601485,-0.0036613834775297348,2.6451691636533177,0.9988840294572278,60
S1,-1,2815,2816,2018-04-15 04:00:00+00:00,8140.94,8294.965018354767,stop,-1.0377615276719236,-0.003806934830970004,0.7657600378016283,7.546038945127088,60
S4,-1,2827,2830,2018-04-17 04:00:00+00:00,8103.6361799999995,7905.0,target,0.5383331612825594,0.0006221541738148267,2.0378259867117383,0.5426839224398556,60
S1,-1,2827,2842,2018-04-17 04:00:00+00:00,8140.94,8288.14757399485,stop,-1.0008503528885253,-0.0036572413607035186,0.8149557049792785,9.320336056277892,60
S1,-1,2867,2868,2018-04-23 20:00:00+00:00,8870.0,9077.462100418437,stop,-1.030564682331102,-0.0037540920526733085,1.3129625986446865,3.384144069560875,60
S4,-1,2867,2868,2018-04-23 20:00:00+00:00,8906.41734,9077.462100418437,stop,-1.03714977084907,-0.0037780799002051445,1.0814759057867362,0.8605844093939766,60
S1,-1,2881,2885,2018-04-26 04:00:00+00:00,8870.0,9099.706484888937,stop,-1.0218566940622882,-0.0036935080055678555,0.9333239799798562,2.5699682012894556,60
S1,-1,3001,3002,2018-05-16 04:00:00+00:00,8208.81,8444.698579055826,stop,-1.0250089020194322,-0.003690704638080602,1.1158391682254962,2.0,60
S4,-1,3006,3011,2018-05-17 00:00:00+00:00,8405.94998,8100.01,target,0.5556262902353184,0.0006347909806926445,2.6321069719061514,0.5571342230695756,60
S1,-1,3011,3028,2018-05-17 20:00:00+00:00,8208.81,8550.391102624646,stop,-0.9981213378085371,-0.0035818687651482436,1.6867513349774894,2.0,60
S1,-1,3061,3066,2018-05-26 04:00:00+00:00,7600.8,7244.960632166006,target,1.9958933176456513,0.007136844463786152,1.032126733673714,2.0,60
S1,-1,3080,3080,2018-05-29 08:00:00+00:00,7218.728095140439,7459.2937450589025,stop,-1.0231379035145498,-0.0036858826005901502,1.5686660460888366,2.0,60
S4,-1,3099,3103,2018-06-01 12:00:00+00:00,7424.855745000001,7594.116641145438,stop,-1.0258218525656377,-0.003687276559403915,1.2506080654786116,0.8959308425885348,60
S1,-1,3091,3109,2018-05-31 04:00:00+00:00,7467.892681447166,7724.508798379585,stop,-0.9958994251391224,-0.0035739898473801128,1.8406432144448701,2.0,60
S1,-1,3124,3124,2018-06-05 16:00:00+00:00,7575.9400000000005,7670.980086257841,stop,-1.0608519448538505,-0.0037781985866212103,0.8172483640959807,2.777887831854788,60
S1,-1,3132,3150,2018-06-07 00:00:00+00:00,7707.05,7418.67,target,2.6127820940612607,0.009268341804581772,0.9990827215709851,2.575106133940335,60
S4,-1,3190,3202,2018-06-16 16:00:00+00:00,6549.02395,6742.230058513124,stop,-1.0159763813894396,-0.003648789568018918,1.3730490514084337,0.9298402020144315,60
S4,-1,3222,3223,2018-06-22 00:00:00+00:00,6728.0486200000005,6668.17,target,0.5630696387921917,0.0006183564118596321,1.1596713671654304,0.48852373122551457,60
S1,-1,3182,3225,2018-06-15 08:00:00+00:00,6627.7,6128.631940898792,target,2.047789829039738,0.0073353140037840416,1.6243971145213754,2.0,60
S1,-1,3243,3251,2018-06-25 12:00:00+00:00,6333.63,6099.853659544359,target,2.002632129217965,0.007205885335450844,0.785764926936563,2.0,60
S4,-1,3251,3252,2018-06-26 20:00:00+00:00,6228.739734999999,6073.99,target,0.9125690273358273,0.0033008630769132607,1.2697284531625972,0.9175561199511344,60
S4,-1,3269,3269,2018-06-29 20:00:00+00:00,5989.903505,6208.50901350162,stop,-1.0211611714665512,-0.0037145835371865787,1.6816308154792732,0.9871494906465248,60
S4,-1,3278,3279,2018-07-01 08:00:00+00:00,6383.6869799999995,6305.61,target,0.4873826090254529,0.0005470516517325425,1.355731224372808,0.49955937524984617,60
S1,-1,3358,3362,2018-07-14 16:00:00+00:00,6259.88,6360.514880014811,stop,-1.0349873109076617,-0.003752583773322917,1.1763703303225659,2.0,60
S1,-1,3386,3394,2018-07-19 08:00:00+00:00,7417.81,7635.399402947122,stop,-1.012533268867715,-0.003656922936490592,1.566282413876497,2.7570963224387537,60
S4,-1,3400,3409,2018-07-21 16:00:00+00:00,7468.743960000001,7731.577247468473,stop,-1.0130017611058577,-0.003644723209637655,1.9920020734401127,0.9797136424809578,60
S1,-1,3442,3462,2018-07-28 16:00:00+00:00,8207.01,7631.205277654556,target,5.5528317883158715,0.01990288112428995,0.7293402136727,5.502102655961768,60
S1,-1,3523,3526,2018-08-11 04:00:00+00:00,6121.0,6380.237224895301,stop,-1.0147548062033525,-0.0037128982316025575,1.583818297243013,2.0,60
S4,-1,3526,3540,2018-08-11 16:00:00+00:00,6329.996875,5995.75,target,0.999632817435686,0.003657733537772175,1.9499252677519279,0.9929147967112307,60
S1,-1,3538,3540,2018-08-13 16:00:00+00:00,6321.56,5894.392974919226,target,1.9928878330685913,0.007267225301944298,1.2898541789575424,2.0,60
S1,-1,3547,3550,2018-08-15 04:00:00+00:00,6321.56,6586.501973560106,stop,-1.0148949990285148,-0.003740859250685096,1.56583465403917,2.0,60
S4,-1,3572,3581,2018-08-19 08:00:00+00:00,6468.204,6303.0,target,0.9207690494227609,0.003381066429847213,1.3986037154914028,0.9202315210599177,60
S1,-1,3558,3588,2018-08-17 00:00:00+00:00,6351.62715865978,6648.2468799991375,stop,-0.9840307766217187,-0.003613290853967311,1.7613576664333077,1.9999999999999907,60
S4,-1,3599,3623,2018-08-23 20:00:00+00:00,6597.780895,6939.255083579656,stop,-0.9957052516179187,-0.003655291592261141,2.6451927440425713,1.0205427422780469,60
S4,-1,3710,3711,2018-09-11 08:00:00+00:00,6324.2760100000005,6223.9,target,0.6447995983286816,0.0013569451895242188,1.4982483542441531,0.6571320453244267,60
S1,-1,3702,3722,2018-09-10 00:00:00+00:00,6253.29,6445.499720075547,stop,-0.9921706090355376,-0.0036287156914996056,1.582042335769371,2.0,60
S1,-1,3843,3846,2018-10-03 12:00:00+00:00,6477.57,6594.378116175241,stop,-1.0340609014443711,-0.0037731138652162166,1.628283885649227,2.0,60
S4,-1,3845,3857,2018-10-03 20:00:00+00:00,6508.551640000001,6626.997383214027,stop,-1.010777660501514,-0.0036933156063053037,1.6419736766854103,0.952697209715419,60
S1,-1,3857,3873,2018-10-05 20:00:00+00:00,6557.56,6655.80549965398,stop,-0.9972510679335906,-0.0036213287993001964,1.5952428094890283,2.0,60
S4,-1,3869,3873,2018-10-07 20:00:00+00:00,6587.209565,6654.693843108379,stop,-1.054855595280213,-0.0038215842928261117,1.4251189635192794,0.9118615774202611,60
S4,-1,3964,3972,2018-10-23 16:00:00+00:00,6424.140364999999,6372.53,target,0.9463125085690939,0.003413073989417888,1.5895836814395696,0.9491377932362631,60
S4,-1,3980,3998,2018-10-26 08:00:00+00:00,6420.647464999999,6361.73,target,1.0399730452368785,0.003766998264610751,1.847414525582324,0.9812891933534498,60
S1,-1,3948,4008,2018-10-21 00:00:00+00:00,6448.86,6268.916829,time,3.4932264786287472,0.012550887976614186,1.3274180721387359,4.76299376639168,60
S1,-1,4020,4035,2018-11-02 00:00:00+00:00,6377.81,6407.829426335868,stop,-1.001449505018719,-0.0036722276534655748,0.8347870447936812,2.848321359928601,60
S4,-1,4090,4092,2018-11-13 16:00:00+00:00,6299.304520000001,6244.35,target,0.5389682604442655,0.0006264287857966648,2.3741803430174864,0.5548074202572928,60
S4,-1,4114,4120,2018-11-17 16:00:00+00:00,5516.718669999999,5637.063166675114,stop,-1.021297175957525,-0.0037333423283619103,1.147110391579053,0.8764228411440493,60
S4,-1,4151,4157,2018-11-23 20:00:00+00:00,4294.09291,4061.02,target,0.6886737717673305,0.0014551912401069241,2.006683121290713,0.6892885759103867,60
S1,-1,4163,4168,2018-11-25 20:00:00+00:00,4059.928709413137,3526.2074828707905,target,1.998678301626704,0.0072890751015216755,1.3013973872322007,1.999999999999995,60
S4,-1,4174,4179,2018-11-27 16:00:00+00:00,3838.77274,4170.054802937157,stop,-1.007317136166914,-0.003701166884025359,1.7606984709273523,0.9565612716783239,60
S1,-1,4180,4222,2018-11-28 16:00:00+00:00,4297.17,3708.49,target,3.771317184212845,0.013804538053462575,0.8552724570292976,3.7266102874401854,60
S4,-1,4245,4258,2018-12-09 12:00:00+00:00,3540.25239,3300.0,target,0.7107403259271263,0.0015407396216580236,2.817275386344588,0.7076793346395244,60
S1,-1,4234,4294,2018-12-07 16:00:00+00:00,3504.9567628147915,3531.313096,time,-0.08307405645096828,-0.0003083849625365296,1.619608906800261,2.0,60
S4,-1,4293,4294,2018-12-17 12:00:00+00:00,3353.555,3509.058047057269,stop,-1.0156602588406094,-0.003794075162403997,2.249491236757995,0.9897057432430774,60
S1,-1,4339,4360,2018-12-25 04:00:00+00:00,3815.34,3962.4515975179415,stop,-0.9933893836974957,-0.003678086632397963,1.0939286176033713,3.789036668221849,60
S4,-1,4360,4378,2018-12-28 16:00:00+00:00,3922.6205099999997,3674.73,target,0.724860051579143,0.0015674035343227262,3.233791492229234,0.7187702544995364,60
S1,-1,4370,4390,2018-12-30 08:00:00+00:00,3770.0,3889.4417186250744,stop,-0.9927206561943981,-0.0036665373247623265,1.2180443788958657,2.0,60
S1,-1,4414,4414,2019-01-06 16:00:00+00:00,3885.931395243716,3981.969630155679,stop,-1.0309879896660126,-0.0037949619159870092,1.3657445004590878,2.0391179074905983,60
S4,-1,4432,4435,2019-01-09 16:00:00+00:00,4020.5699600000003,3948.44,target,0.666636357061736,0.0014139993992677148,1.8254454973729872,0.6760338679452209,60
S1,-1,4435,4436,2019-01-10 04:00:00+00:00,4034.82,3803.42,target,2.5192345091906856,0.009237982164003665,1.284246228311475,2.0,60
S1,-1,4459,4461,2019-01-14 04:00:00+00:00,3537.693554011361,3646.613998667765,stop,-1.0217287028333815,-0.003787151974738302,1.9063258083420844,2.0,60
S1,-1,4473,4490,2019-01-16 12:00:00+00:00,3650.4,3729.6218707823537,stop,-0.9963433287943956,-0.003680584977005973,1.3550675611478549,2.0,60
S4,-1,4463,4497,2019-01-14 20:00:00+00:00,3706.96196,3503.44,target,0.5985868342321113,0.0007163546401486883,5.186895945355532,0.5844925585470413,60
S1,-1,4508,4510,2019-01-22 08:00:00+00:00,3534.25,3604.400105915746,stop,-1.0334458947105616,-0.0038044186036992806,1.317453543805573,2.0,60
S1,-1,4531,4531,2019-01-26 04:00:00+00:00,3577.0,3631.1103789391705,stop,-1.0504772185290163,-0.0038533944785519255,1.2447625810820382,2.0,60
S4,-1,4509,4539,2019-01-22 12:00:00+00:00,3630.968,3470.0,target,1.0434562880756098,0.003841269808917918,2.857934066688938,1.0359769148556923,60
S4,-1,4568,4577,2019-02-01 08:00:00+00:00,3435.8071999999997,3483.640298731608,stop,-1.0241164808746401,-0.0037554170913718997,1.2183570851728145,0.9099170202030116,60
S4,-1,4588,4596,2019-02-04 16:00:00+00:00,3428.9155299999998,3384.67,target,0.6832681813233086,0.0014509152249695043,2.106927550377121,0.6885334869704043,60
S1,-1,4581,4612,2019-02-03 12:00:00+00:00,3429.6356485304077,3491.134047122986,stop,-0.9564589459751596,-0.003493848469435953,1.8017188506632766,2.0,60
S4,-1,4645,4646,2019-02-14 04:00:00+00:00,3580.1652099999997,3541.0,target,0.6577435364065138,0.0013870323866080612,1.7411866149401107,0.6761857684308329,60
S1,-1,4650,4653,2019-02-15 00:00:00+00:00,3575.01,3608.365647593005,stop,-1.065644411122687,-0.0038900709187137937,1.0841510722206236,6.46131195275057,60
S1,-1,4666,4667,2019-02-17 16:00:00+00:00,3575.6022635126733,3626.253450520343,stop,-1.0503295054687403,-0.0038188428144675626,1.6260625683930419,1.999999999999973,60
S1,-1,4694,4702,2019-02-22 08:00:00+00:00,3929.2,4013.3966079069382,stop,-1.0168990228955939,-0.0036827318560460716,1.7703122039102155,3.683619118800631,60
S4,-1,4692,4702,2019-02-22 00:00:00+00:00,3931.7703299999994,4002.784810520728,stop,-1.0199792511714287,-0.0036938869998114875,1.4684035599812715,0.927862823211489,60
S2b,-1,4708,4738,2019-02-24 16:00:00+00:00,3778.032159,3829.032865,time,-0.21823288272199867,-0.0007856248501287188,2.8615926225715236,1.994942561843796,30
S4,-1,4731,4753,2019-02-28 12:00:00+00:00,3896.09156,3714.42,target,0.5892837894324223,0.0006822703682821914,5.602557720928605,0.5801836652668986,60
S1,-1,4731,4753,2019-02-28 12:00:00+00:00,3845.53,3722.2257230886876,target,2.046357708377592,0.007351651043090725,1.103095305956278,2.0,60
S2b,1,4891,4904,2019-03-27 04:00:00+00:00,3979.747935,4075.339711321693,target,1.859223970828446,0.013576325475736704,1.593375013364965,1.9753309328993551,30
S1,1,4903,4904,2019-03-29 04:00:00+00:00,4018.54,4084.1141820939138,target,1.9381688715990273,0.014131290823679907,1.143948368615586,2.0,60
S4,1,4909,4920,2019-03-30 04:00:00+00:00,4054.07323,4102.57,target,0.6373922394059729,0.0027597322379607145,2.0217465244193686,0.6960255970337915,60
S1,1,4920,4921,2019-04-01 00:00:00+00:00,4055.35,4129.968374525504,target,1.945068404721034,0.01452613496025212,1.201038888572543,2.000000000000012,60
S5,-1,4921,4923,2019-04-01 04:00:00+00:00,4123.6075980000005,4143.510719234998,stop,-1.2016140019938115,-0.00619822349809756,0.6490656928684229,1.2023878356808955,30
S4,1,4966,4978,2019-04-08 16:00:00+00:00,5189.912584999999,5347.37,target,0.8925250996986078,0.006767861341880299,1.4355077810592654,0.9225381395363595,60
S1,1,4942,5002,2019-04-04 16:00:00+00:00,5000.502810966194,5086.69128,time,0.2602931690557234,0.001960805376389112,1.7530701436310716,2.0,60
S4,1,4997,5003,2019-04-13 20:00:00+00:00,5029.65832,5122.48,target,0.6333612378252577,0.0027737575293728433,1.7153398865129226,0.6585936665588298,60
S4,1,5039,5049,2019-04-20 20:00:00+00:00,5263.926095,5357.96,target,0.8985650205602267,0.006873702874220476,1.6198399461687514,0.9451638916391913,60
S5,-1,5050,5050,2019-04-22 16:00:00+00:00,5311.56879,5405.007967608613,stop,-1.060596695767394,-0.005475206620429773,1.3447746031719041,1.2371341353215408,30
S1,1,5019,5053,2019-04-17 12:00:00+00:00,5240.0,5484.221266928904,target,1.9065072350418255,0.014526313946073566,1.6443773590448327,2.0,60
S4,1,5059,5069,2019-04-24 04:00:00+00:00,5407.681100000001,5193.3050320039365,stop,-1.027200645667734,-0.007949268837406253,2.4459359099724676,1.0255414715290003,60
S4,1,5085,5097,2019-04-28 12:00:00+00:00,5127.236,5218.31,target,0.8569645514686,0.006580759163223985,1.318283339706457,0.909221886465327,60
S1,1,5091,5113,2019-04-29 12:00:00+00:00,5117.959854246391,5541.0,target,3.2297005528772087,0.024891436499769173,1.796986543085528,3.2937305782870663,60
S1,1,5139,5142,2019-05-07 12:00:00+00:00,5836.399010314642,5661.731494815512,stop,-1.0328895665418505,-0.008175518476399418,1.569515060080787,2.0,60
S4,1,5140,5147,2019-05-07 16:00:00+00:00,5754.19698,5970.0,target,0.962871107231384,0.0076309516631504985,1.973263364084945,0.9832079704477783,60
S5,-1,5142,5147,2019-05-08 00:00:00+00:00,5750.964846,5915.979375250821,stop,-1.028382617789717,-0.00542445004107705,1.376699161616577,1.2421294674405137,30
S1,1,5192,5196,2019-05-16 08:00:00+00:00,7779.77,7444.965461695934,stop,-1.0238508666527633,-0.008058140064881128,1.0835303470897542,2.0,60
S4,1,5225,5231,2019-05-21 20:00:00+00:00,7848.730384999999,7510.676049998947,stop,-1.0238387606618125,-0.007996168014574258,1.2327927596005936,0.8931715497916878,60
S5,-1,5237,5237,2019-05-23 20:00:00+00:00,7787.491173,7906.109245436164,stop,-1.069960902528052,-0.005564926526027741,0.5093321313377425,1.2351277490678303,30
S4,1,5252,5254,2019-05-26 08:00:00+00:00,7913.616079999999,8188.87,target,0.5480777618830954,0.0013456329890990683,3.0080628012874913,0.5570787115880005,60
S1,1,5278,5278,2019-05-30 16:00:00+00:00,8937.02,8730.7070217522,stop,-1.0362973230823096,-0.007915306107481122,1.0589289027826503,2.03154208367565,60
S4,1,5319,5320,2019-06-06 12:00:00+00:00,7737.25939,7520.507987099506,stop,-1.0315997487638016,-0.007901029523888508,1.0594453697744421,0.8667649850330348,60
S4,1,5331,5355,2019-06-08 12:00:00+00:00,7772.118355,8134.99,target,0.9530323952695785,0.007306887773651441,2.0821057586998144,0.9849574254779205,60
S1,1,5319,5369,2019-06-06 12:00:00+00:00,7636.56,8553.97,target,3.481916026849054,0.02666801863881986,1.2590537862713305,3.573925180335539,60
S1,1,5405,5408,2019-06-20 20:00:00+00:00,9477.7,9854.824148349544,target,1.9691867818324662,0.015467097518854238,1.0805505157307036,2.0,60
S1,1,5433,5436,2019-06-25 12:00:00+00:00,11247.62,12125.366076583885,target,1.9840265461678839,0.01581381084222193,1.5399196254975875,2.0,60
S1,1,5446,5446,2019-06-27 16:00:00+00:00,11247.62,10720.744553139022,stop,-1.0175407487185555,-0.008231057779929395,0.7518170483864944,2.0,60
S1,1,5462,5465,2019-06-30 08:00:00+00:00,11485.49,10717.219421262213,stop,-1.0142790780631465,-0.008144926742173222,1.2887571835861278,2.0,60
S4,1,5458,5469,2019-06-29 16:00:00+00:00,11310.37993,10128.12044510144,stop,-1.0109135640938534,-0.008115042712304003,1.8281164339739964,0.9626102605281762,60
S1,1,5480,5513,2019-07-03 08:00:00+00:00,11247.62,12263.853083015294,target,1.95229862317671,0.01543386751486734,0.915352106630723,2.0,60
S1,1,5523,5525,2019-07-10 12:00:00+00:00,12315.95,11766.707340682813,stop,-1.0207088785961516,-0.00818734988881855,1.2392698272234688,2.0,60
S1,1,5543,5546,2019-07-13 20:00:00+00:00,10997.84,10667.70074558418,stop,-1.0328933385786043,-0.008221659411006546,0.7931077727581795,2.634466028967687,60
S4,1,5614,5622,2019-07-25 16:00:00+00:00,9831.15482,10187.0,target,0.9054127809625374,0.007151105380628595,1.4115063331415987,0.9260877047700147,60
S4,1,5638,5643,2019-07-29 16:00:00+00:00,9454.32103,9725.17,target,0.6652578119537854,0.0030644861728379097,1.796856214459295,0.6821112088265421,60
S1,1,5697,5708,2019-08-08 12:00:00+00:00,11668.110000000002,11360.067672794528,stop,-1.0527863150219454,-0.008395748082807592,1.0287550221481174,1.9999999999999822,60
S4,1,5706,5708,2019-08-10 00:00:00+00:00,11738.014985,11379.739677544967,stop,-1.0289369737816925,-0.00824236576548786,1.2879602183177998,0.904652321846614,60
S4,1,5723,5727,2019-08-12 20:00:00+00:00,11320.02388,11026.010769058461,stop,-1.0370041052609036,-0.008140484856893795,1.4330409531550823,0.9207802808445777,60
S4,1,5752,5761,2019-08-17 16:00:00+00:00,10114.79032,10540.0,target,0.9248726258680379,0.007203785622172157,1.6201299840151193,0.9455438714731591,60
S4,1,5771,5773,2019-08-20 20:00:00+00:00,10591.22636,10210.910031187279,stop,-1.0247821993364583,-0.008037343519119207,1.7896830808308022,0.9603435576285023,60
S1,1,5772,5773,2019-08-21 00:00:00+00:00,10540.0,10213.554980664032,stop,-1.028444334472988,-0.008069129781924941,1.3625800835581252,2.0,60
S1,1,5807,5818,2019-08-26 20:00:00+00:00,10176.78,9830.672337149703,stop,-1.0406004929480939,-0.008035703006295412,1.6670082168299853,2.0,60
S4,1,5835,5843,2019-08-31 12:00:00+00:00,9514.72795,9700.0,target,0.8765028414205035,0.006746293100555703,1.3804586053199988,0.9132506176474527,60
S1,1,5830,5847,2019-08-30 16:00:00+00:00,9455.94,9885.48,target,2.3137315848876767,0.017727605412258776,1.027485834094753,2.383418139114343,60
S1,1,5855,5872,2019-09-03 20:00:00+00:00,10549.018598241273,10323.354024209651,stop,-1.0794788147626888,-0.008469013485080853,1.364351640570001,2.0,60
S2b,1,5854,5872,2019-09-03 16:00:00+00:00,10700.389932,10364.729825118551,stop,-1.064705288367268,-0.008379902365953953,2.064906504799695,2.9872103196182422,30
S1,1,5882,5887,2019-09-08 08:00:00+00:00,10311.09,10159.536533976543,stop,-1.0747924483935993,-0.008296428604373166,0.8890728308129615,2.581683835441416,60
S4,1,5914,5946,2019-09-13 16:00:00+00:00,10142.063245000001,9815.743822356379,stop,-1.062419440193444,-0.00813481298456203,2.19870893723241,0.9926199923204794,60
S1,-1,6014,6018,2019-09-30 08:00:00+00:00,8099.244327016377,8429.982624678825,stop,-1.0139746109728143,-0.0038510066365019385,1.6692274453459686,2.0,60
S4,-1,6014,6018,2019-09-30 08:00:00+00:00,8142.91533,8402.53284715448,stop,-1.0189521437924067,-0.00386991096774872,1.3093794962902876,0.9284248871164671,60
S4,-1,6029,6033,2019-10-02 20:00:00+00:00,8361.71003,8170.91,target,0.8945254744193722,0.0016857236730838637,1.2567328004356342,0.9013728719142459,60
S4,-1,6047,6049,2019-10-05 20:00:00+00:00,8151.89556,7986.65,target,0.5432234094998349,0.00032546544000569794,2.4963269715268144,0.549942026629996,60
S1,-1,6056,6057,2019-10-07 08:00:00+00:00,7986.65,8179.978427909715,stop,-1.029588273960469,-0.001944130628193844,1.3577295935371503,2.0,60
S4,-1,6069,6069,2019-10-09 12:00:00+00:00,8233.84421,8374.915348538298,stop,-1.0445185782137558,-0.001968515402427278,0.9470119753683567,0.8849811621025448,60
S4,-1,6093,6095,2019-10-13 12:00:00+00:00,8450.97984,8222.88,target,0.5637845696296009,0.0003397492919563216,3.6702603618889618,0.5689658125893047,60
S1,-1,6129,6136,2019-10-19 12:00:00+00:00,8064.999999999999,8203.235487255992,stop,-1.024281245144536,-0.0019272477306990327,1.3453308784433804,1.9999999999999802,60
S4,-1,6136,6149,2019-10-20 16:00:00+00:00,8263.303075000002,8086.0,target,0.9776633190709517,0.0018395332551474155,1.7444645874627935,0.9658511426163882,60
S4,-1,6165,6165,2019-10-25 12:00:00+00:00,7834.28599,8347.925264434552,stop,-1.0120138212521597,-0.0019039993828025889,2.9408083903676925,1.0544679718292718,60
S4,-1,6194,6195,2019-10-30 08:00:00+00:00,9250.83434,9051.48,target,0.5025186341375468,0.0002936950972109484,1.437810536799852,0.5095480028291859,60
S4,-1,6234,6242,2019-11-06 00:00:00+00:00,9388.27835,9165.2,target,0.9468502591713961,0.001780499377359287,1.6339573775730787,0.946291372036096,60
S1,-1,6201,6261,2019-10-31 12:00:00+00:00,9426.94,8801.38005,time,3.160976194898543,0.005937505928974645,0.855898996038012,9.352768378548891,60
S4,-1,6262,6266,2019-11-10 16:00:00+00:00,9008.150790000002,8661.0,target,0.7257908878943675,0.00080435493459414,3.5871788157045446,0.7285264437087842,60
S4,-1,6273,6284,2019-11-12 12:00:00+00:00,8835.25453,8593.0,target,0.7230458506053327,0.0016002373808220428,2.4815461221329236,0.7178595947201272,60
S4,-1,6291,6292,2019-11-15 12:00:00+00:00,8659.419979999999,8466.96,target,1.185781540015229,0.0025917007930902646,1.2711149448918033,0.6520845854555355,60
S1,-1,6285,6309,2019-11-14 12:00:00+00:00,8661.0,8346.450318639414,target,2.045943215742691,0.0077612526009963505,1.459104814866817,2.0,60
S4,-1,6302,6309,2019-11-17 08:00:00+00:00,8555.289229999998,8363.0,target,0.7135851812392973,0.0015919484947555561,2.6027412370892598,0.7135568483138126,60
S1,-1,6356,6362,2019-11-26 08:00:00+00:00,7261.89,6919.909893978001,target,1.9979755636500485,0.007671242605605513,0.7969460399411551,2.0,60
S4,-1,6362,6364,2019-11-27 08:00:00+00:00,7210.04599,7429.799711048303,stop,-1.0231300380100163,-0.003944400022691651,1.1039436271496745,0.8733175559335866,60
S1,-1,6405,6405,2019-12-04 12:00:00+00:00,7357.129999999999,7469.4151245365165,stop,-1.0500189710915875,-0.004046230655873737,0.6941504302368818,1.9999999999999756,60
S4,-1,6405,6407,2019-12-04 12:00:00+00:00,7541.578334999999,7233.87,target,0.9725548692191647,0.003747724026607718,1.9572234710321141,0.9784273543976224,60
S1,-1,6450,6478,2019-12-12 00:00:00+00:00,7263.411709480252,6903.093534222377,target,2.0417557229572147,0.007865586207424929,1.7044944649824691,1.999999999999985,60
S4,-1,6472,6478,2019-12-15 16:00:00+00:00,7119.8237,7007.0,target,0.5483928883645462,0.0006727562672075348,2.3379903502926838,0.5501292774728451,60
S1,-1,6491,6491,2019-12-18 20:00:00+00:00,7072.2,7189.062468898441,stop,-1.0461795441427046,-0.004063761791836795,0.7171039103457636,2.0,60
S1,-1,6506,6514,2019-12-21 08:00:00+00:00,7138.18,7254.426337390969,stop,-1.0220474847560588,-0.003955884485177702,1.056612414333046,2.0,60
S4,-1,6503,6515,2019-12-20 20:00:00+00:00,7272.268565,7482.869965363938,stop,-1.0200808671642068,-0.003946839419558339,1.693124019307548,0.9514202129754891,60
S4,-1,6538,6539,2019-12-26 16:00:00+00:00,7301.66545,7156.0,target,0.9022694268812109,0.0034642710842173446,1.47155105646042,0.9158971125808129,60
S1,-1,6538,6557,2019-12-26 16:00:00+00:00,7305.5798915751775,7485.796982747554,stop,-0.9926113354449522,-0.003811139605089415,1.660557474359993,2.0,60
S4,-1,6573,6576,2020-01-01 12:00:00+00:00,7213.049100000001,7112.55,target,0.9113874296202549,0.0034980942391996555,1.4186065553940872,0.9245406824635772,60
S1,-1,6583,6583,2020-01-03 04:00:00+00:00,7066.027337499022,7200.489650285959,stop,-1.040180195949491,-0.004006072556412204,1.299737643426147,2.0,60
S1,-1,6627,6627,2020-01-10 12:00:00+00:00,7898.13,8049.660921129677,stop,-1.0398487331213377,-0.003989174574633918,0.8990886400721969,3.289544492225851,60
S4,-1,6644,6648,2020-01-13 08:00:00+00:00,8132.616999999999,8321.1229449624,stop,-1.0287034665370185,-0.003931029166144954,1.417639130827342,0.9197708653280332,60
S1,-1,6676,6678,2020-01-18 16:00:00+00:00,8911.0,9052.334708190865,stop,-1.0417739512390318,-0.0039656188119343485,0.9911055815512454,4.450629744221082,60
S5,-1,6760,6760,2020-02-01 16:00:00+00:00,9321.0678,9377.33946157938,stop,-1.1774572959813567,-0.006051565860906379,0.41068415122131385,1.2120947484561084,30
S3,-1,6755,6768,2020-01-31 20:00:00+00:00,9282.59,9482.570302000815,stop,-1.0049709251281693,-0.003005523563274053,1.333911746393786,0.9985573195005473,60
S5,-1,6767,6768,2020-02-02 20:00:00+00:00,9425.807325,9481.788692232372,stop,-1.172021584464125,-0.005979933911483726,0.40899800291873045,1.211459345549318,30
S1,1,6811,6811,2020-02-10 04:00:00+00:00,9878.0,9746.29000750065,stop,-1.0636576551234158,-0.003973125216321195,0.8858421248761549,2.0,60
S4,1,6811,6819,2020-02-10 04:00:00+00:00,9903.22118,10178.54,target,0.962354826158856,0.0035947244947120752,1.8789558237595358,0.9928483164852551,60
S1,1,6830,6830,2020-02-13 08:00:00+00:00,10199.85,10095.536951999584,stop,-1.0832912536412727,-0.004044926230166523,0.6383020507203869,2.0,60
S4,1,6830,6831,2020-02-13 08:00:00+00:00,10147.465540000001,10495.0,target,0.7162595916165512,0.0015656596637673036,2.953638823470101,0.7270296755909734,60
S1,1,6850,6850,2020-02-16 16:00:00+00:00,9723.43,9610.762878717536,stop,-1.073398658951216,-0.003998008387109312,0.6180030602628959,3.0846163831285436,60
S5,-1,6852,6853,2020-02-17 00:00:00+00:00,9924.967403999999,9791.286608234645,target,1.174808755014189,0.0029321739521625295,0.5755409518464348,1.2294600008767318,30
S5,-1,6864,6866,2020-02-19 00:00:00+00:00,10189.28097,10044.5133586777,target,1.1830752227180708,0.002960162551184737,0.6427991314399453,1.230511263988893,30
S4,1,6869,6869,2020-02-19 20:00:00+00:00,9925.0807,9556.160360680435,stop,-1.0222809294973276,-0.0038148759790009603,1.5992034264796333,0.9862885523978078,60
S4,1,6883,6888,2020-02-22 04:00:00+00:00,9607.25611,9773.2,target,0.6310289834020808,0.00135131458460026,1.5391334395511111,0.6579101468257507,60
S1,1,6898,6904,2020-02-24 16:00:00+00:00,9565.146557800883,9324.866120376117,stop,-1.0453015136736417,-0.003891125707110605,1.4896767159556623,2.46082604714524,60
S4,1,6945,6956,2020-03-03 12:00:00+00:00,8728.82006,8980.34,target,0.6803770644724977,0.001470241420021615,2.2572808929637973,0.7051141858476841,60
S4,1,6967,6970,2020-03-07 04:00:00+00:00,9083.09372,8958.56249987931,stop,-1.0672959124103207,-0.00397792781581971,1.0472108821577515,0.8473009067464322,60
S1,1,6943,6975,2020-03-03 04:00:00+00:00,8822.866350861534,8538.397961119164,stop,-1.0761333328796812,-0.003990194245623417,1.862190298898805,2.6925060057850976,60
S1,-1,7022,7026,2020-03-16 08:00:00+00:00,4850.01,5340.89764089358,stop,-1.0059579732949697,-0.0018527394171692605,1.1887221300654607,2.0,60
S4,-1,7082,7091,2020-03-26 08:00:00+00:00,6738.795165,6457.17,target,0.8918479710057307,0.0016394772906803763,1.260690605617275,0.892037609167583,60
S1,-1,7105,7105,2020-03-30 04:00:00+00:00,6030.51,6264.091782512831,stop,-1.0199688318733529,-0.0018781362919030804,1.227213062086338,2.0,60
S1,-1,7121,7121,2020-04-01 20:00:00+00:00,6407.77,6668.940306024817,stop,-1.0190026176464937,-0.001875108660988704,1.4604078837614451,2.0,60
S4,-1,7106,7126,2020-03-30 08:00:00+00:00,6496.895765,6923.8852250241625,stop,-0.9985333253869851,-0.0018386656714200712,2.2519047019853313,0.9920211153006198,60
S4,-1,7136,7147,2020-04-04 08:00:00+00:00,6841.89982,7095.347910353752,stop,-1.0060955433884666,-0.0018420417420585713,1.3159851081194034,0.9175479949506188,60
S1,-1,7139,7150,2020-04-04 20:00:00+00:00,6892.694660472695,7221.500617711169,stop,-1.0047509773959644,-0.0018414288991005824,1.7746699987238372,2.0536353743949043,60
S1,-1,7174,7186,2020-04-10 16:00:00+00:00,6918.945976816734,7188.006690746908,stop,-1.0045096924967882,-0.0018322005832837117,1.6130788653416415,2.0,60
S1,-1,7207,7208,2020-04-16 04:00:00+00:00,6879.610000000001,7048.052845680809,stop,-1.0292616848280767,-0.0018738116979267218,1.1060883412976328,2.0000000000000164,60
S4,-1,7246,7249,2020-04-22 16:00:00+00:00,7167.1322900000005,7057.46,target,0.6320292755031572,0.0006591957857533305,1.392487443239783,0.6424555451554376,60
S4,-1,7269,7271,2020-04-26 16:00:00+00:00,7610.727670000001,7756.6016857220175,stop,-1.034604470768516,-0.001881182238298915,1.1319723885785056,0.8767680482260025,60
S4,-1,7303,7307,2020-05-02 08:00:00+00:00,8881.770355,9135.194811354793,stop,-1.0207463121591138,-0.0018523840784047743,1.1000529854016081,0.8611915152219716,60
S5,-1,7418,7419,2020-05-21 12:00:00+00:00,9376.852221000001,9070.93,target,2.213093284491997,0.005381846111673463,0.5737933443825447,1.2344514730376444,30
S4,1,7448,7453,2020-05-26 12:00:00+00:00,8796.63228,8984.16,target,0.866826229281319,0.00631518538237951,1.2083115413380485,0.8965411544240263,60
S1,1,7469,7486,2020-05-30 00:00:00+00:00,9409.699701258643,9976.382848777488,target,1.955900276672365,0.014342176519170826,1.9293753513323162,2.0,60
S4,1,7507,7520,2020-06-05 08:00:00+00:00,9645.489,9387.122408681822,stop,-1.055606550454071,-0.007881793605794517,1.4742913513764084,0.9420544865221138,60
S1,1,7496,7545,2020-06-03 12:00:00+00:00,9596.798677401317,9229.053645545207,stop,-1.0864480490994528,-0.008083544242597586,1.8481406420308477,2.0,60
S4,1,7559,7564,2020-06-14 00:00:00+00:00,9394.099999999999,9264.19643522803,stop,-1.07678338566556,-0.007882701769458992,0.9654349193976082,0.8210762919916247,60
S1,1,7577,7582,2020-06-17 00:00:00+00:00,9417.24,9261.004703680937,stop,-1.066118419513061,-0.007741598603565593,1.1119357530066951,2.0,60
S4,1,7581,7611,2020-06-17 16:00:00+00:00,9227.613855,9596.31,target,0.968800631137893,0.007034927336286112,2.6885245310929315,1.008239888413736,60
S1,1,7603,7612,2020-06-21 08:00:00+00:00,9295.91,9668.77675537049,target,1.9543525979267413,0.014117160956707753,1.72088539598116,2.0,60
S1,1,7621,7621,2020-06-24 08:00:00+00:00,9478.69,9319.765644049554,stop,-1.0503375087844102,-0.007733947684056969,1.3977367365804645,2.0,60
S4,1,7618,7622,2020-06-23 20:00:00+00:00,9517.29898,9240.902201476445,stop,-1.032139397593077,-0.007598671793501839,2.7533728215909368,1.0217387290217221,60
S4,1,7651,7654,2020-06-29 08:00:00+00:00,9053.78362,9191.72,target,0.5275766760239561,0.0012132071457345568,2.2920282112561066,0.5493890708157942,60
S1,1,7665,7670,2020-07-01 16:00:00+00:00,9240.36,9132.611265282274,stop,-1.0944107034713475,-0.00794122359086319,1.1948167453595402,4.144319893378108,60
S4,1,7669,7670,2020-07-02 08:00:00+00:00,9172.555,9038.244539506599,stop,-1.0595152458721215,-0.007649269747348594,1.639188192484077,0.9553129449607566,60
S1,1,7686,7687,2020-07-05 04:00:00+00:00,9087.85,8996.024302416503,stop,-1.089310918633844,-0.007776847005865105,1.2251675075064496,2.056177433745499,60
S4,1,7702,7706,2020-07-07 20:00:00+00:00,9202.14058,9385.81,target,0.5574428567638338,0.0012717602531674352,3.84197624375843,0.5764173948475259,60
S1,1,7699,7716,2020-07-07 08:00:00+00:00,9240.36,9104.75003210159,stop,-1.1164329712069538,-0.00790536025900077,1.5307067677266055,2.0,60
S4,1,7725,7732,2020-07-11 16:00:00+00:00,9178.18949,9318.92,target,0.9334100722320523,0.006556584315784351,1.8671813462355147,0.970897734437502,60
S1,1,7723,7741,2020-07-11 08:00:00+00:00,9240.36,9106.2038030752,stop,-1.12076743760454,-0.00788029179946377,1.6115593933804309,2.0,60
S4,1,7748,7752,2020-07-15 12:00:00+00:00,9183.02114,9076.808648371672,stop,-1.0887543687063737,-0.00764439394411921,1.5396453340241536,0.9406877489713799,60
S1,1,7785,7792,2020-07-21 16:00:00+00:00,9325.606900097815,9511.866021265289,target,1.919264028122284,0.01336555552226717,1.4005225274245052,2.0,60
S1,1,7854,7854,2020-08-02 04:00:00+00:00,11416.627286504832,11047.765758764797,stop,-1.0257744452523185,-0.007246212127848797,1.1619577027126737,2.0,60
S4,1,7867,7874,2020-08-04 08:00:00+00:00,11190.50117,11480.0,target,0.8763681309864927,0.006157624896012355,1.268531453126758,0.9046615065573996,60
S4,1,7887,7901,2020-08-07 16:00:00+00:00,11433.278305000002,11920.0,target,0.9721293959759788,0.006907655188793788,2.1546803929990035,0.99973322611816,60
S1,1,7861,7921,2020-08-03 08:00:00+00:00,11121.967968342953,11555.184366,time,0.7208973046024961,0.0050533396550955885,1.9402763539416128,2.0,60
S5,-1,7920,7921,2020-08-13 04:00:00+00:00,11559.923892,11405.815111081261,target,1.1741566227669529,0.00564734284625687,0.6737399912625937,1.2292511438088705,30
S4,1,7923,7924,2020-08-13 16:00:00+00:00,11461.248,11666.0,target,0.5223603557642966,0.0011845630910224828,1.991530676234936,0.5375647060343579,60
S5,-1,7932,7934,2020-08-15 04:00:00+00:00,11897.230158,11765.681164567293,target,1.1643391010351907,0.005671453980924321,0.6265011828761954,1.2250687110831129,30
S1,1,7930,7946,2020-08-14 20:00:00+00:00,11746.34,12307.707141889005,target,1.9468560347932613,0.014011367609159909,1.614273253242609,2.0,60
S4,1,7935,7946,2020-08-15 16:00:00+00:00,11809.58986,11986.93,target,0.8265492296518393,0.006000843865165543,1.2061444278854223,0.883634832933469,60
S1,1,7955,7972,2020-08-19 00:00:00+00:00,11846.36979614392,11523.685827085668,stop,-1.0618121571821215,-0.007846311621120252,1.6653664233859349,2.0,60
S4,1,7991,7994,2020-08-25 00:00:00+00:00,11669.543425,11494.827130377125,stop,-1.0648353564983235,-0.007805988971537757,1.5067393047990891,0.9391581326623539,60
S1,1,8022,8036,2020-08-30 04:00:00+00:00,11585.211036072853,12017.952250314132,target,1.937547045612609,0.01409014336662085,1.7459361912683626,2.0,60
S1,1,8059,8080,2020-09-05 08:00:00+00:00,10326.910822282658,9844.347703732761,stop,-1.039788885602212,-0.007671387251590259,1.8032660203926953,2.0868435772255363,60
S1,1,8088,8127,2020-09-10 04:00:00+00:00,10292.428513351355,11084.765729888939,target,1.9361164102344106,0.014172945506571607,1.9128532406137138,2.0,60
S1,1,8147,8155,2020-09-20 00:00:00+00:00,10929.414685745236,10722.896057644704,stop,-1.0658010260340876,-0.007915270698045403,1.631493653821493,2.0,60
S4,1,8189,8195,2020-09-27 00:00:00+00:00,10683.402629999999,10830.0,target,0.8701198555605396,0.006410371983202169,1.3846733752419298,0.9180901030136511,60
S4,1,8211,8215,2020-09-30 16:00:00+00:00,10744.09397,10865.0,target,0.843780940691124,0.006309466460194361,1.2105655895445693,0.8958168208682049,60
S1,1,8190,8217,2020-09-27 04:00:00+00:00,10627.67,10502.592827684577,stop,-1.1894372201674206,-0.00876285604013389,1.0334265234718643,2.726668576444379,60
S4,1,8246,8258,2020-10-06 12:00:00+00:00,10580.348310000001,10805.82,target,0.9670067747400142,0.0071528582919829975,2.4529068631224926,1.0156332817285627,60
S1,1,8261,8263,2020-10-09 00:00:00+00:00,10865.0,11056.318340212092,target,1.9370015110797882,0.014431731485192464,0.943007778075256,2.0,60
S1,1,8284,8288,2020-10-12 20:00:00+00:00,11496.06,11368.491957795435,stop,-1.0948143086031716,-0.008275471999352616,0.9103252601612007,2.0,60
S1,1,8299,8299,2020-10-15 08:00:00+00:00,11390.54,11256.236499172237,stop,-1.0720679124000019,-0.008036997745806676,1.082234625922233,2.0,60
S1,1,8317,8324,2020-10-18 08:00:00+00:00,11411.08201257935,11789.854046874447,target,1.9511982940921653,0.014509982662975169,1.7861988435339795,2.0,60
S1,1,8364,8367,2020-10-26 04:00:00+00:00,13102.84,12800.53139015904,stop,-1.0428887112378722,-0.007692138274079344,1.7595609747512209,2.0689303374346055,60
S1,1,8378,8378,2020-10-28 12:00:00+00:00,13250.0,13030.588101089445,stop,-1.0510300010059852,-0.007869672070136112,0.8805045606215964,2.0,60
S1,1,8388,8395,2020-10-30 04:00:00+00:00,13155.794066475199,13992.837282460063,target,1.9740879620963723,0.01466462746276774,1.6208364489910045,2.0,60
S1,1,8404,8407,2020-11-01 20:00:00+00:00,13698.0,13398.875794127705,stop,-1.0453729670392562,-0.007880589041242198,1.335942360640566,2.0,60
S1,1,8422,8424,2020-11-04 20:00:00+00:00,14100.0,14524.579051088658,target,1.962908439358806,0.014681453073674766,0.8068414953259696,2.0,60
S4,1,8456,8461,2020-11-10 12:00:00+00:00,15162.9902,15664.9,target,0.5345392186708866,0.0012853444073688556,2.4296460916736082,0.5462704345744116,60
S5,-1,8464,8465,2020-11-11 20:00:00+00:00,15822.007641,15574.762498765504,target,1.1851210665923682,0.006051699116230309,0.6311116061208756,1.232255630059977,30
S5,-1,8481,8482,2020-11-14 16:00:00+00:00,15961.283711999997,16104.892987099793,stop,-1.1129897613550637,-0.005734338060164587,0.4814752784263724,1.2247065166320814,30
S5,-1,8489,8489,2020-11-16 00:00:00+00:00,15973.892451,16053.043715665164,stop,-1.2168693451753232,-0.00629383247210152,0.297260909345292,1.2036471300878977,30
S4,1,8475,8493,2020-11-13 16:00:00+00:00,15957.86116,16494.52,target,0.9292235433567767,0.007113888144567361,1.7477029979206085,0.9655486562833515,60
S1,1,8469,8498,2020-11-12 16:00:00+00:00,15994.184633695517,17181.336257607927,target,1.9476848010771843,0.014889226990205763,1.7562266995183384,2.0,60
S1,1,8522,8527,2020-11-21 12:00:00+00:00,18483.0,17958.74338647339,stop,-1.038342028445716,-0.008015366417135513,1.3122285187329534,2.0,60
S5,-1,8533,8533,2020-11-23 08:00:00+00:00,18468.023012999998,18605.769449143405,stop,-1.1432688515060925,-0.005918180636981623,0.33668628502429954,1.2194176047088874,30
S4,1,8537,8539,2020-11-24 00:00:00+00:00,18263.147289999997,18786.31,target,0.6742377860825036,0.0029776639516806785,1.9615365844323982,0.6870314409510803,60
S1,1,8542,8548,2020-11-24 20:00:00+00:00,18977.0,18476.115529583578,stop,-1.0431602439578758,-0.00796684453606963,1.2249433445058102,2.0,60
S4,1,8547,8549,2020-11-25 16:00:00+00:00,18714.824685000003,17964.54404443172,stop,-1.0221689824137326,-0.007825480192600539,1.8308001001555694,0.9717045503758245,60
S1,1,8577,8582,2020-11-30 16:00:00+00:00,19105.32725900951,18182.41918026123,stop,-1.0223244634124207,-0.0076866304917428095,1.986502360990492,2.0,60
S5,-1,8582,8583,2020-12-01 12:00:00+00:00,19427.85702,18758.19068355719,target,1.2204802656378304,0.006155048929445352,0.9704536817258473,1.2418926960883363,30
S5,-1,8601,8602,2020-12-04 16:00:00+00:00,18955.154295,18633.20859435472,target,1.1902879660177892,0.006001976909653731,0.5910962412251595,1.2336557635718162,30
S5,-1,8623,8624,2020-12-08 08:00:00+00:00,19136.066201999998,18770.0,target,1.8397372324718118,0.009372900306893547,0.6488155795443582,1.2276608443810753,30
S1,1,8591,8626,2020-12-03 00:00:00+00:00,19089.238888351534,18175.615405549735,stop,-1.0538568520340341,-0.007926405519993473,1.792039816911947,2.0,60
S4,1,8582,8642,2020-12-01 12:00:00+00:00,18352.10212,18116.378181,time,-0.15002167337983804,-0.00066422211385517,3.6701770958095636,0.7414449986033232,60
S5,-1,8663,8663,2020-12-15 00:00:00+00:00,19272.402567,19376.999060676306,stop,-1.197629009005861,-0.006150059344710657,0.3609812207812997,1.2077560196654005,30
S4,1,8667,8671,2020-12-15 16:00:00+00:00,19342.98334,19567.84,target,0.48704687738196445,0.001142321489546461,1.5416647629203974,0.516101103432893,60
S5,-1,8670,8671,2020-12-16 04:00:00+00:00,19347.775029,19529.280444409076,stop,-1.1082216245526793,-0.00561064816353649,0.6782259189921219,1.225752605385586,30
S4,1,8695,8698,2020-12-20 08:00:00+00:00,23398.68555,24217.38,target,0.6843585727592795,0.0029743364508824804,2.156853324458576,0.6959865427141607,60
S1,1,8693,8701,2020-12-20 00:00:00+00:00,23644.380068327886,22661.083449671463,stop,-1.0295073258171377,-0.007699206493308659,1.7781059061952609,2.0,60
S5,-1,8714,8714,2020-12-23 12:00:00+00:00,23065.063263,23784.411022252367,stop,-1.0343546134133719,-0.005126812505780542,1.0644268941986075,1.2427609781938729,30
S5,-1,8725,8725,2020-12-25 08:00:00+00:00,23635.356228,23734.967399342037,stop,-1.2553719607434326,-0.006347527245425673,0.1641142593909905,1.1953043890541593,30
S1,1,8711,8733,2020-12-23 00:00:00+00:00,23708.24520455725,25957.602825824426,target,1.966675341215896,0.014638158088034118,1.7797166225901326,2.0,60
S1,1,8769,8774,2021-01-01 16:00:00+00:00,28752.956896461677,31400.809079949537,target,1.9841372809054507,0.014815209897761477,1.8415120141265255,2.0000000000000084,60
S1,1,8824,8825,2021-01-10 20:00:00+00:00,35879.35,34048.91669407132,stop,-1.0171222998646616,-0.007707692893130158,0.9397094501854072,2.5183849477425855,60
S4,1,8836,8842,2021-01-12 20:00:00+00:00,33262.02605,36639.23,target,0.9270232301452753,0.0069713383707366424,1.5026356308776796,0.9340455017473854,60
S4,1,8871,8873,2021-01-18 16:00:00+00:00,35690.9181,36839.0,target,0.5058597268577626,0.001201954266555908,1.5216854445358887,0.5148107410440067,60
S1,1,8867,8883,2021-01-18 00:00:00+00:00,35132.82,33437.04161400499,stop,-1.0340802427342926,-0.007830488313120033,1.088114008821857,2.3440672933782283,60
S1,1,8915,8924,2021-01-26 00:00:00+00:00,31650.22,30656.791726423005,stop,-1.0409303217959174,-0.007830611162632513,0.8013704811648726,5.745150103207329,60
S1,1,8934,8934,2021-01-29 04:00:00+00:00,33075.75,32198.760685922294,stop,-1.0315314840353094,-0.007699325069346326,0.6972702036065129,2.0,60
S1,1,8987,8996,2021-02-07 00:00:00+00:00,38748.52,42462.394372673116,target,1.9806780193543758,0.014669356822750872,1.762556643862167,2.0,60
S5,-1,9029,9029,2021-02-14 00:00:00+00:00,47253.934134,47564.88885614126,stop,-1.1626372592009093,-0.005917106134896263,0.23949640215564252,1.2152735358039457,30
S5,-1,9036,9041,2021-02-15 04:00:00+00:00,47145.275001,49191.743022421004,stop,-1.0189165824740107,-0.005083542322825475,1.4958265061726281,1.2448035800323793,30
S1,1,9035,9051,2021-02-15 00:00:00+00:00,47362.16632142731,52003.43656741282,target,1.97340994929949,0.01474506616419495,1.6815667704445472,2.0000000000000093,60
S4,1,9059,9061,2021-02-19 00:00:00+00:00,50772.784,52640.0,target,0.5510541196767058,0.0013257994476491594,2.762066725967639,0.5595846457698643,60
S1,1,9084,9085,2021-02-23 04:00:00+00:00,50602.53,48503.93854831775,stop,-1.0210274691096435,-0.007713124052480324,0.9577357291060778,2.0,60
S5,-1,9091,9094,2021-02-24 08:00:00+00:00,50094.99,48061.999670022706,target,1.227996936776955,0.006155919019898572,0.6213699009122798,1.2431072341611953,30
S4,1,9094,9098,2021-02-24 20:00:00+00:00,48542.82861,51459.51,target,0.6653735995083837,0.002892913910040181,1.739458283253831,0.6728907272276903,60
S4,1,9109,9116,2021-02-27 08:00:00+00:00,46186.717825,43603.44546084557,stop,-1.0194387631354718,-0.007711335078450468,1.2153537039355944,0.8879335722961657,60
S4,1,9129,9133,2021-03-02 16:00:00+00:00,47488.522,50250.0,target,0.5582382333368003,0.0013397524070563403,2.9048609061600392,0.5647535568074912,60
S1,1,9134,9139,2021-03-03 12:00:00+00:00,51359.49102411162,48529.34188165437,stop,-1.0192636219402125,-0.007661302840628435,1.709474175243678,2.0,60
S1,1,9162,9167,2021-03-08 04:00:00+00:00,50250.0,52774.01222605989,target,1.9714269649149025,0.01470496817664172,0.9090400446707543,2.0,60
S1,1,9204,9205,2021-03-15 04:00:00+00:00,58155.99,56390.13436105896,stop,-1.0290673828015173,-0.007789355931314598,1.1181614656965893,2.0,60
S5,-1,9206,9209,2021-03-15 12:00:00+00:00,56181.161322,53229.1382764389,target,1.2330320620746031,0.006188794042680427,1.3338897109135897,1.2446697075399007,30
S5,-1,9220,9220,2021-03-17 20:00:00+00:00,57903.819039,58440.49543796107,stop,-1.1150466155194017,-0.005702920868589482,0.3038190113179917,1.225454306955644,30
S5,-1,9229,9229,2021-03-19 08:00:00+00:00,57795.839838,58668.35723323612,stop,-1.0705661094508194,-0.005419233908182179,0.5383060606637781,1.2349935414520972,30
S5,-1,9240,9241,2021-03-21 04:00:00+00:00,57762.32319,56514.97406588007,target,1.202874445568741,0.006050150981554103,0.7407535172124194,1.237108884447603,30
S5,-1,9248,9249,2021-03-22 12:00:00+00:00,57721.917231,56647.35045986658,target,1.1953520022690831,0.006062844083446166,0.6718299791356986,1.2350711869032402,30
S1,1,9215,9250,2021-03-17 00:00:00+00:00,56465.41,53844.40696365334,stop,-1.0563105405521105,-0.00798288834542173,1.5518312194626867,2.0,60
S4,1,9239,9250,2021-03-21 00:00:00+00:00,56927.827125,53716.13788581949,stop,-1.0231323311783778,-0.007698310741562481,2.3220594840096176,0.9841268933242738,60
S4,1,9284,9289,2021-03-28 12:00:00+00:00,55236.48490000001,56686.15,target,0.8932391104922629,0.006652088556578998,1.3570453740103143,0.9171546845757357,60
S1,1,9301,9302,2021-03-31 08:00:00+00:00,57207.33,59118.7791241134,target,1.969519105732584,0.014765571251609589,0.7663050521630093,2.0,60
S5,-1,9312,9313,2021-04-02 04:00:00+00:00,59823.68703300001,59342.88436157085,target,1.1253429720348203,0.005795266913048429,0.35106614630797706,1.215955273157959,30
S1,1,9315,9322,2021-04-02 16:00:00+00:00,58899.97,57634.687685782555,stop,-1.0554765803984776,-0.008075715411302774,1.1938198076696307,2.0,60
S4,1,9315,9322,2021-04-02 16:00:00+00:00,58955.285209999995,57666.92446178256,stop,-1.0545022043914214,-0.008068260216670585,1.2156913782860954,0.8948702833380969,60
S5,-1,9322,9323,2021-04-03 20:00:00+00:00,58582.401174000006,57064.13,target,2.2965696834135985,0.011776543841480776,0.6314945166961992,1.2295899280658014,30
S1,1,9333,9338,2021-04-05 16:00:00+00:00,58899.97,57682.92261779607,stop,-1.0528175970827873,-0.008020885046848855,1.259349439247943,2.0,60
S5,-1,9339,9343,2021-04-06 16:00:00+00:00,57838.325589,56241.260405235356,target,1.219905172403725,0.006174699491848335,1.3670930138653374,1.2398957475150014,30
S1,1,9356,9379,2021-04-09 12:00:00+00:00,58036.0,61666.74360106308,target,1.947189070750057,0.014807687635313094,1.8795901977318723,2.0,60
S1,1,9396,9397,2021-04-16 04:00:00+00:00,61234.56,60118.19360843581,stop,-1.0490258852859302,-0.008097070428924174,0.883560385537298,2.0,60
S4,1,9389,9407,2021-04-15 00:00:00+00:00,61964.908755000004,59010.94947421152,stop,-1.0317911952828251,-0.007960997248831703,2.172161538384769,0.9939803242994288,60
S1,1,9405,9407,2021-04-17 16:00:00+00:00,59837.668470730925,57690.96201217491,stop,-1.0258740747260053,-0.007831615481579485,1.7575407157648295,2.0,60
S5,-1,9405,9407,2021-04-17 16:00:00+00:00,60299.829414,58938.42212603453,target,1.2075498558550926,0.006169758171909518,0.9029977930448803,1.2376644960990597,30
S4,1,9429,9431,2021-04-21 16:00:00+00:00,55149.7895,52961.26740949776,stop,-1.0226999381224515,-0.007754935537356293,1.2872396491458797,0.9019730483378601,60
S4,1,9493,9498,2021-05-02 08:00:00+00:00,56192.4038,58549.0,target,0.5619325032375077,0.001361206608710846,3.5161232708442496,0.5716728446044279,60
S1,1,9484,9506,2021-04-30 20:00:00+00:00,56500.0,54593.37339985274,stop,-1.0577492024013264,-0.007959186492867391,1.4142068757001272,2.0,60
S4,1,9519,9525,2021-05-06 16:00:00+00:00,55748.63508,57976.62,target,0.6881178897748003,0.002993290403619737,2.164649871153015,0.7015130851787332,60
S4,1,9536,9539,2021-05-09 12:00:00+00:00,56911.329925000005,58743.85,target,0.9147954051939501,0.006891584732281326,1.462710924659278,0.9324810230788567,60
S1,1,9519,9544,2021-05-06 16:00:00+00:00,56700.35,54735.4313325541,stop,-1.06077943725093,-0.00792949542180274,1.3355008631566043,2.0,60
S1,1,9552,9555,2021-05-12 04:00:00+00:00,57423.49,54912.80745117363,stop,-1.0222005990338965,-0.007656103382568054,1.7505405272008763,2.0,60
S1,1,9568,9579,2021-05-14 20:00:00+00:00,49184.05240477336,45656.675488635505,stop,-1.0188143006537573,-0.007572239493927991,1.9266831146987655,2.007473013121633,60
S4,-1,9647,9648,2021-05-28 00:00:00+00:00,38622.900200000004,37212.9,target,0.5154064559815058,0.0005944459654001556,1.6064950408996888,0.5196085970100055,60
S1,-1,9662,9680,2021-05-30 12:00:00+00:00,36467.16,38072.03433292507,stop,-0.997157303765394,-0.003679545630022685,1.0270844313867935,2.0,60
S4,-1,9678,9680,2021-06-02 04:00:00+00:00,36879.42007,38249.96741362383,stop,-1.0180745109965406,-0.0037566903130646424,1.0933640905816224,0.8629695289886574,60
S1,-1,9693,9712,2021-06-04 16:00:00+00:00,37212.9,34644.09,target,2.59764769293185,0.009512973926133608,0.9102461375605339,2.575845901521084,60
S1,-1,9719,9721,2021-06-09 00:00:00+00:00,33425.0,34937.9441284187,stop,-1.0149351919086929,-0.0037530507437026138,1.3033649026467364,2.0,60
S4,-1,9724,9737,2021-06-09 20:00:00+00:00,37648.778235000005,35576.67,target,0.9804534836842258,0.003608274609206137,1.636603275302527,0.9764631115485254,60
S1,-1,9731,9739,2021-06-11 00:00:00+00:00,37279.89,34679.88430008665,target,2.001596902760676,0.007385661749774256,1.0030788391118446,2.0,60
S4,-1,9745,9748,2021-06-13 08:00:00+00:00,36245.319175000004,37960.977924507955,stop,-1.0145103606794994,-0.003779027118531759,1.6005096814809687,0.9436030485367068,60
S1,-1,9788,9789,2021-06-20 12:00:00+00:00,34630.0,35547.54760716826,stop,-1.0270874322826462,-0.00381132119580713,0.8812857472468637,2.0,60
S4,-1,9818,9819,2021-06-25 12:00:00+00:00,33340.28066,32314.37,target,0.5157762519189193,0.0005966189633655525,1.5902522759661204,0.5207955605866732,60
S1,-1,9827,9832,2021-06-27 00:00:00+00:00,33042.16,34223.90439001444,stop,-1.014529288227972,-0.0037524900859756388,0.898170811486086,2.0,60
S4,-1,9884,9893,2021-07-06 12:00:00+00:00,34634.601500000004,33143.0,target,0.9795606245307467,0.0036118587023646134,1.9587939787437312,0.9802935851866015,60
S1,-1,9864,9924,2021-07-03 04:00:00+00:00,34360.44283000009,33187.348402999996,time,0.7625214336415627,0.0028096459853979203,1.7893896694699731,2.0,60
S4,-1,9900,9929,2021-07-09 04:00:00+00:00,33667.27159,32101.0,target,1.0178029121159728,0.003776586758262919,2.2216424802917927,0.9969145110136761,60
S1,-1,9931,9933,2021-07-14 08:00:00+00:00,32101.000000000004,33049.21776122029,stop,-1.022594383142933,-0.0038070379888978504,1.459925299648844,2.0000000000000115,60
S4,-1,9945,9946,2021-07-16 16:00:00+00:00,32258.098299999998,31589.35,target,0.5337128655643618,0.0006256504708164448,1.9662121040337461,0.5414885932392992,60
S4,-1,9960,9962,2021-07-19 04:00:00+00:00,31691.37218,31100.0,target,0.6571782108894455,0.0014075263762970871,1.6488323645287544,0.666053309447045,60
S1,-1,9973,9974,2021-07-21 08:00:00+00:00,31012.930000000004,31694.810040454064,stop,-1.032480028500324,-0.0038355630458784735,1.07501456970499,2.000000000000016,60
S4,-1,9972,9975,2021-07-21 04:00:00+00:00,30694.19587,32081.927277258223,stop,-1.0137876672127366,-0.003767507587648793,2.2747692580048264,1.009593433656772,60
S4,-1,10029,10030,2021-07-30 16:00:00+00:00,40051.465235,40921.48453054922,stop,-1.034589807628265,-0.0038153162126181965,0.8530646410751911,0.7945182365641315,60
S1,-1,10028,10030,2021-07-30 12:00:00+00:00,38767.58162618973,40561.53653521121,stop,-1.0145419693128654,-0.003741384648641128,1.7624632117628112,3.2614025156115254,60
S4,-1,10059,10064,2021-08-04 16:00:00+00:00,39539.7747,37639.0,target,0.5749361612291146,0.0006764458846066518,3.6637123937973564,0.5760592099226456,60
S1,-1,10058,10065,2021-08-04 12:00:00+00:00,38813.80187334556,40493.32339117162,stop,-1.0097453650452874,-0.003695082147026957,1.816893093579872,2.0,60
S1,1,10130,10132,2021-08-16 12:00:00+00:00,46787.6,45761.59484570558,stop,-1.0428169245116674,-0.007608600593456612,1.0514226264188553,2.0,60
S5,-1,10138,10139,2021-08-17 20:00:00+00:00,45451.144431,44421.59185944999,target,1.2051001405576796,0.005847878138203568,0.8134689325827947,1.2377046956463458,30
S5,-1,10151,10151,2021-08-20 00:00:00+00:00,46754.614071,47223.05035350027,stop,-1.1064387892198653,-0.005426847328256992,0.45695968193534936,1.227311812780522,30
S1,1,10166,10169,2021-08-22 12:00:00+00:00,48190.0,50251.512826957216,target,1.9713498454346465,0.014277093158091761,1.179660406146171,2.0,60
S1,1,10178,10183,2021-08-24 12:00:00+00:00,48565.54,47175.70028545595,stop,-1.0378456871394135,-0.007627513186974887,1.5733020684675565,2.0,60
S1,1,10202,10206,2021-08-28 12:00:00+00:00,48565.54,47841.984779078346,stop,-1.0703727549202757,-0.007805334564364923,0.8672498680297314,2.0,60
S4,1,10206,10210,2021-08-29 04:00:00+00:00,47995.089530000005,49325.0,target,0.6845270619940177,0.0028949277556826907,2.248861756963441,0.7011917181167574,60
S4,1,10226,10227,2021-09-01 12:00:00+00:00,47438.310765,48270.33,target,0.8619420065713657,0.006253679546373573,1.2050143204186914,0.887462417191786,60
S5,-1,10228,10229,2021-09-01 20:00:00+00:00,48145.185,49223.430636186175,stop,-1.0453592162617225,-0.005111907840487436,1.2774370484875852,1.2399063543095696,30
S5,-1,10237,10237,2021-09-03 08:00:00+00:00,49319.467560000005,49850.53463225656,stop,-1.0989540155717201,-0.005391358910857706,0.605294362116212,1.2289044690973001,30
S1,1,10229,10238,2021-09-02 00:00:00+00:00,48733.72,51024.68828892837,target,1.9608716830569917,0.014269846269438642,1.3129966820573862,2.0,60
S4,1,10243,10252,2021-09-04 08:00:00+00:00,49860.0056,51050.0,target,0.6652990955351779,0.0028304914432476336,2.084262122818124,0.6901254629590993,60
S1,1,10245,10258,2021-09-04 16:00:00+00:00,49623.70379655732,52619.16781442808,target,1.9625264096064206,0.014383956594671898,1.8693260352296408,2.0,60
S1,1,10279,10298,2021-09-10 08:00:00+00:00,45629.668152017395,43661.40921973041,stop,-1.0410844441787253,-0.007766070487904729,1.7879300706863468,2.2804721639899643,60
S4,1,10331,10337,2021-09-19 00:00:00+00:00,47710.47513,46522.33241155904,stop,-1.0436148042007465,-0.00777730354063597,1.5925265705836056,0.9493319344310932,60
S1,1,10305,10338,2021-09-14 16:00:00+00:00,46616.90643470586,44826.44423658591,stop,-1.0655980180757922,-0.007886865552456695,1.8646049309430057,2.0,60
S4,1,10383,10404,2021-09-27 16:00:00+00:00,42487.54385,44377.7,target,0.9378547485083952,0.006831212339839337,1.8748511848016856,0.9699617490626284,60
S1,1,10426,10436,2021-10-04 20:00:00+00:00,49190.096714296094,52282.05477988875,target,1.9687653934662397,0.01444109966759555,1.604236726979804,2.0,60
S1,1,10462,10462,2021-10-10 20:00:00+00:00,53952.82,53036.93174900735,stop,-1.049802104591577,-0.007814110245320376,0.6973578218840535,2.0,60
S5,-1,10463,10463,2021-10-11 00:00:00+00:00,54651.5343,56697.2454555962,stop,-1.0286847893650852,-0.005078030729613144,1.478867790674156,1.243971778516198,30
S1,1,10472,10474,2021-10-12 12:00:00+00:00,56168.0,54681.09190889799,stop,-1.0353856761004434,-0.007606690283648355,1.2078807751657843,2.0,60
S5,-1,10475,10476,2021-10-13 00:00:00+00:00,55999.009539,55164.38028363832,target,1.1820010583631304,0.005799237997762376,0.5259928289544001,1.2314084827940348,30
S4,1,10473,10481,2021-10-12 16:00:00+00:00,54832.38661,57855.79,target,0.7190539924188162,0.0030949118033115485,3.3718628043450445,0.7302785623778194,60
S5,-1,10529,10529,2021-10-22 00:00:00+00:00,62201.289249,63278.875504015436,stop,-1.061520964295004,-0.005221340929282573,0.7086950482016157,1.236934355046247,30
S1,1,10526,10532,2021-10-21 12:00:00+00:00,62944.94,60985.99149441306,stop,-1.0364186201896988,-0.007624286638897757,1.2243205514502642,2.0,60
S4,1,10542,10547,2021-10-24 04:00:00+00:00,60623.433785,61737.38,target,0.8173512191699297,0.005940055735341513,1.0524243479412,0.8487270400684216,60
S1,1,10540,10561,2021-10-23 20:00:00+00:00,60886.46,58565.831222956214,stop,-1.0496875411133408,-0.007620768616374655,1.7293139093032817,2.0,60
S4,1,10556,10561,2021-10-26 12:00:00+00:00,61497.359065,59233.476965445894,stop,-1.0271829296322537,-0.0075393661185553275,2.1412961100537946,0.9905280687448031,60
S4,1,10586,10597,2021-10-31 12:00:00+00:00,60194.182,62524.0,target,0.549856386220517,0.0012641429338994172,3.6234571586871427,0.5647291276867114,60
S1,1,10600,10605,2021-11-02 20:00:00+00:00,62971.54,61024.681473279656,stop,-1.0351009467744652,-0.007453105449218645,1.5942373374110415,2.0000000000000036,60
S1,1,10649,10651,2021-11-11 00:00:00+00:00,64300.0,65445.54583219874,target,1.9376453823800501,0.01384344446462243,0.4021976749817953,2.0,60
S5,-1,10654,10655,2021-11-11 20:00:00+00:00,65167.792569,65414.84517697724,stop,-1.2717027850998912,-0.006316276123661429,0.1928713759756275,1.1890290991159216,30
S1,1,10676,10679,2021-11-15 12:00:00+00:00,64609.50162067509,62879.29562879249,stop,-1.0367226720539888,-0.007465358334539299,1.6540823155889333,2.205069863286209,60
S4,1,10714,10715,2021-11-21 20:00:00+00:00,58587.473035,57142.36533185268,stop,-1.034974848567844,-0.00739482395939294,1.298490640348005,0.9094577091675407,60
S4,1,10732,10733,2021-11-24 20:00:00+00:00,56839.80492,57897.54,target,0.5100084754102869,0.0011333297259306793,1.6919729267830068,0.5242304965287349,60
S1,1,10755,10756,2021-11-28 16:00:00+00:00,54142.27,57424.27,target,3.736654411095105,0.026522660425295514,0.8246789256423195,3.7687077047541018,60
S4,1,10773,10785,2021-12-01 16:00:00+00:00,57486.1296,55603.848184560695,stop,-1.0434622041651638,-0.007614028738662499,1.44617660568337,0.9398684694612202,60
S1,1,10774,10785,2021-12-01 20:00:00+00:00,56653.35,55564.63502587779,stop,-1.0724751901244252,-0.007825245701801592,0.8473953886211658,2.0,60
S3,1,10836,10845,2021-12-12 04:00:00+00:00,49346.92,46478.11857441057,stop,-1.021720587286373,-0.0052218233409718475,2.436074964512576,1.1080395617860235,60
S3,-1,10922,10929,2021-12-26 12:00:00+00:00,49753.64,51928.9849232936,stop,-1.0095760349995355,-0.0034252637102265017,2.9461486148888163,0.5044150020728811,60
S3,1,10953,10953,2021-12-31 16:00:00+00:00,47970.83,47081.184530889805,stop,-1.045346172132201,-0.004429042656589283,0.9124708338901693,1.420759865483847,60
S4,-1,10969,10971,2022-01-03 08:00:00+00:00,47363.705500000004,46660.0,target,0.8435434981853425,0.0029874195446190563,1.0697914180431571,0.8593775957372153,60
S1,-1,10976,10983,2022-01-04 12:00:00+00:00,47300.0,45536.163089119,target,1.9998758886185581,0.007104989006497747,1.1709552539933061,2.0,60
S4,-1,10979,10983,2022-01-05 00:00:00+00:00,46527.58245,45692.13,target,0.6558960308962798,0.0013513513037003398,1.5827339545003942,0.6632335281275142,60
S1,-1,11017,11024,2022-01-11 08:00:00+00:00,42413.59,43682.29056763961,stop,-1.0139487944985908,-0.003634424670688618,1.376799420032998,2.0,60
S1,-1,11062,11072,2022-01-18 20:00:00+00:00,42387.86,43195.23078201137,stop,-1.0140311018438564,-0.003620899371596992,1.2612006212620552,2.0,60
S4,-1,11072,11074,2022-01-20 12:00:00+00:00,43256.6481,42615.0,target,0.8613350338859319,0.00307565268684657,1.0706516241440964,0.8761177964025477,60
S1,-1,11096,11097,2022-01-24 12:00:00+00:00,34000.0,35759.284138393974,stop,-1.0140911130602117,-0.0036190401726621394,1.2617111898497348,2.0,60
S1,-1,11158,11160,2022-02-03 20:00:00+00:00,37327.79,37784.95775336829,stop,-1.0540554777313063,-0.003747358088921262,0.616084731742895,2.4150971140363655,60
S4,-1,11160,11162,2022-02-04 04:00:00+00:00,37863.878275,39467.06920172732,stop,-1.015940119988309,-0.003611155863210862,2.193600679160961,1.0000523125486074,60
S4,-1,11215,11219,2022-02-13 08:00:00+00:00,42592.91488,41741.88,target,0.5250650377941952,0.0005819116345994089,1.9615246137468885,0.5289865837320898,60
S1,-1,11224,11225,2022-02-14 20:00:00+00:00,42597.08,43581.451056165,stop,-1.0309800192629646,-0.003639121124668633,1.2669968088234764,2.0,60
S1,-1,11254,11256,2022-02-19 20:00:00+00:00,40088.88,38793.20553959463,target,1.9848121624550035,0.006978841937446979,0.9315620084274568,2.0,60
S1,-1,11284,11291,2022-02-24 20:00:00+00:00,38821.3,40141.00963812225,stop,-1.0123702585348993,-0.0035861118491127557,1.0899295762898438,2.0,60
S4,-1,11297,11298,2022-02-27 00:00:00+00:00,39261.23818,38600.0,target,0.4943451110580099,0.0005413008378063316,1.336402675024364,0.5032484910867282,60
S1,-1,11298,11306,2022-02-27 04:00:00+00:00,38682.4813087566,40397.44590061759,stop,-1.008503915561366,-0.0035608010453876213,1.8146617961168137,2.0,60
S1,-1,11336,11349,2022-03-05 12:00:00+00:00,39269.54,37551.15871467991,target,2.0136376936331466,0.0070830143366693845,0.9246020493124044,2.0,60
S4,-1,11348,11349,2022-03-07 12:00:00+00:00,38947.7295,38100.0,target,0.8610726617945991,0.00303995089829917,1.144866485208431,0.8730076757857381,60
S4,-1,11381,11386,2022-03-13 00:00:00+00:00,39160.30091,38310.71,target,0.6574793657670902,0.0013476620616500977,1.5817026663013998,0.6612471600055473,60
S1,-1,11387,11392,2022-03-14 00:00:00+00:00,38304.38704337302,39654.01536770693,stop,-1.0146940946113605,-0.0036128554402271133,1.788970943384421,2.0,60
S1,-1,11435,11436,2022-03-22 00:00:00+00:00,42085.13,42556.0908850078,stop,-1.0636880852774833,-0.00377288926881766,0.7107295201643322,2.7177042456094713,60
S1,-1,11444,11444,2022-03-23 12:00:00+00:00,42085.13,42574.17560721708,stop,-1.0656535253861086,-0.003764783439213514,0.717892522185859,2.193872514766891,60
S4,-1,11446,11450,2022-03-23 20:00:00+00:00,42604.22985,43511.227185073665,stop,-1.0264100340707083,-0.0036116516688158456,1.3125276785397957,0.9141116873970863,60
S3,-1,11489,11492,2022-03-31 00:00:00+00:00,47235.6425,46536.135,target,0.5936341035965272,0.0020807934401344827,1.8122858365270758,0.6016824424934372,60
S1,1,11525,11528,2022-04-06 00:00:00+00:00,44625.630000000005,44064.44148208081,stop,-1.0796342721153764,-0.007585470190208335,0.7634500087422273,3.3225947397892703,60
S1,1,11554,11554,2022-04-10 20:00:00+00:00,42290.11,41974.903039599936,stop,-1.1149486681487177,-0.007770157247483499,0.5118535795279614,4.746035520676974,60
S4,-1,11592,11595,2022-04-17 04:00:00+00:00,40467.61839999999,40014.79,target,0.8381160278026595,0.0028960242593919576,1.0995741338083826,0.8580849693529613,60
S1,-1,11693,11694,2022-05-04 00:00:00+00:00,38045.79,38696.07394639776,stop,-1.041754595561166,-0.0036109900634284683,1.1311056436632607,2.0,60
S4,-1,11694,11697,2022-05-04 04:00:00+00:00,38632.12653,39298.632829024515,stop,-1.0354364770087847,-0.0035890898352850813,1.1290050924320314,0.884933647861581,60
S2b,-1,11703,11721,2022-05-05 16:00:00+00:00,36888.520779,34158.88,target,2.993260616922298,0.010336278586588593,1.1512049577155568,2.983868718226639,30
S1,-1,11747,11764,2022-05-13 00:00:00+00:00,29731.03,31395.35455589073,stop,-0.9987194567369311,-0.003473564859813515,1.0514842851652504,2.0,60
S4,-1,11779,11780,2022-05-18 08:00:00+00:00,29917.21272,29400.0,target,0.48677640254632004,0.0005213886614138661,1.3186620381211598,0.4953244771886376,60
S4,-1,11816,11828,2022-05-24 12:00:00+00:00,29786.411945,28839.29,target,0.9769565610292241,0.0033915851265534035,1.734642261957679,0.9722979824061789,60
S1,-1,11786,11846,2022-05-19 12:00:00+00:00,29740.417723273153,29194.759184,time,0.4249595193452145,0.0014733125354354636,1.831482507770196,2.0,60
S1,-1,11864,11866,2022-06-01 12:00:00+00:00,31731.22,29496.808082334595,target,2.8702631132690266,0.010003416084479754,1.3993267999155774,2.880209541891909,60
S4,-1,11882,11891,2022-06-04 12:00:00+00:00,30003.851984999998,30815.993999331982,stop,-1.0214162171930876,-0.003598147125654623,1.7717684317065827,0.952786315078239,60
S1,-1,11920,11927,2022-06-10 20:00:00+00:00,29184.25,27696.02015279972,target,2.0001129206884247,0.007026379852739993,1.3414630523543696,2.0,60
S2b,-1,11898,11928,2022-06-07 04:00:00+00:00,29549.894715,27624.402164,time,0.8830846861315085,0.0031030987910700145,4.06159668232385,2.99462701167958,30
S1,-1,11973,11977,2022-06-19 16:00:00+00:00,20079.72,20908.879439537403,stop,-1.0138889867955467,-0.0035964635891614846,0.8758460009447315,2.0,60
S4,-1,12017,12020,2022-06-27 00:00:00+00:00,21258.886764999996,20890.0,target,0.818707495329578,0.0028909447572752966,0.9837332779412297,0.8299493305561377,60
S4,-1,12041,12042,2022-07-01 00:00:00+00:00,20883.047739999998,19701.61,target,1.5899422301230557,0.0017722626883332215,1.3527681148297885,0.5299891403165653,60
S1,-1,11990,12050,2022-06-22 12:00:00+00:00,20736.302365323358,19202.430051,time,1.1582429152241926,0.004092894437202681,1.7887098321967851,2.0,60
S4,-1,12061,12080,2022-07-04 08:00:00+00:00,19984.62486,21004.313021015434,stop,-0.9982126383956632,-0.0035601705596488265,2.5691365375542206,1.0069152944819366,60
S4,-1,12118,12144,2022-07-13 20:00:00+00:00,20676.47392,22054.412090850623,stop,-0.9964133756060934,-0.0035404506515958815,2.786671318527665,1.0460270794770647,60
S1,-1,12129,12144,2022-07-15 16:00:00+00:00,21164.07,21691.955553120475,stop,-1.0006560577519523,-0.0035548309120897476,1.119709415484717,2.9049008482246252,60
S4,-1,12185,12186,2022-07-25 00:00:00+00:00,22638.3348,21869.08,target,0.6137357412380953,0.0006898550923652839,2.4384444827631016,0.5584581721373223,60
S1,-1,12186,12201,2022-07-25 04:00:00+00:00,21944.47,22733.84611895822,stop,-1.001101719721414,-0.0035330951947975388,1.6001712143627531,2.0,60
S4,-1,12221,12226,2022-07-31 00:00:00+00:00,23971.441749999998,23438.5,target,0.8726249395556331,0.003068083988840176,1.190243309961587,0.8824530607612763,60
S4,-1,12240,12242,2022-08-03 04:00:00+00:00,23113.68284,23624.67147955827,stop,-1.031792149076742,-0.0036573017133707006,1.182677082995207,0.88021941527359,60
S4,-1,12251,12270,2022-08-05 00:00:00+00:00,23215.589405,23749.77563689398,stop,-0.9930285791713629,-0.003504932118009677,1.2346908485414496,0.9026495523279241,60
S1,-1,12233,12271,2022-08-02 00:00:00+00:00,23438.5,23879.91807815857,stop,-0.9406727874186588,-0.0033181578665891047,0.9118391762664653,2.7085144964839625,60
S1,-1,12284,12284,2022-08-10 12:00:00+00:00,23335.67,23730.063184021816,stop,-1.0451622771594582,-0.0036456608653478184,1.0491630812566481,2.0,60
S4,-1,12324,12325,2022-08-17 04:00:00+00:00,24328.26,23782.0,target,0.5477575927437764,0.0006055975726068547,2.4849125086031125,0.5551197966411249,60
S1,-1,12422,12427,2022-09-02 12:00:00+00:00,20399.0,19761.0,target,2.407237911387989,0.008369313323491495,0.7788948817005085,2.4149775738413326,60
S4,-1,12436,12438,2022-09-04 20:00:00+00:00,20020.996,19762.0,target,0.5080909774136209,0.0005566327976993771,1.95195273346734,0.5180403035164144,60
S1,-1,12439,12443,2022-09-05 08:00:00+00:00,19762.0,20054.200303933852,stop,-1.0380534345792753,-0.003643776283594996,1.1738115270635439,2.0,60
S1,-1,12461,12461,2022-09-09 00:00:00+00:00,19552.0,19862.6659795633,stop,-1.048045403749812,-0.003664083532495103,0.9624001610929174,2.0,60
S4,-1,12453,12462,2022-09-07 16:00:00+00:00,19408.909499999998,20257.675899515227,stop,-1.0122791230324568,-0.0035394713224772474,2.81321437950525,1.0261811697457395,60
S3,1,12513,12521,2022-09-17 16:00:00+00:00,19965.0,19188.585598834194,stop,-1.0315019234683185,-0.005902141849325281,2.310567551850959,0.7211147226314375,60
S1,-1,12526,12531,2022-09-19 20:00:00+00:00,19623.0,18776.534946477987,target,1.995526792319616,0.006892681072951166,1.0411787484749848,2.0,60
S4,-1,12561,12562,2022-09-25 16:00:00+00:00,19074.102999999996,18817.0,target,0.6174534858399617,0.0012278726398262277,1.2731541618125153,0.6314324427433654,60
S1,-1,12621,12633,2022-10-05 16:00:00+00:00,20230.0,19392.39546595939,target,2.7142609742449237,0.009439772523236462,1.0474344494078436,2.697901905216464,60
S1,-1,12656,12668,2022-10-11 12:00:00+00:00,19201.09007367373,18547.402295416337,target,2.014796518114731,0.007078467298080045,1.6174689781711826,2.0,60
S1,-1,12681,12691,2022-10-15 16:00:00+00:00,19146.0,19523.499284570316,stop,-1.0132534746229065,-0.00358670049291676,1.6752405031935975,2.0,60
S4,-1,12687,12707,2022-10-16 16:00:00+00:00,19496.7315,18990.0,target,1.0363137330709875,0.0036683636517941876,2.669740346674544,1.0177591286346852,60
S1,-1,12708,12710,2022-10-20 04:00:00+00:00,19099.0,19316.39924278696,stop,-1.0581474198611325,-0.0037459394967687236,1.1028118089728571,2.0,60
S1,-1,12740,12740,2022-10-25 12:00:00+00:00,19574.0,19742.698949274665,stop,-1.0886080844503567,-0.003838481084806695,0.93266996964339,3.046935824994131,60
S4,-1,12738,12740,2022-10-25 04:00:00+00:00,19444.34,19730.75312075505,stop,-1.0501244916955907,-0.0037027862052861583,1.8439590119189668,0.9680064865526458,60
S4,-1,12783,12790,2022-11-01 16:00:00+00:00,20555.405,20241.0,target,0.9267761327818971,0.003253327444115656,1.4968253330709342,0.9314935128472123,60
S1,-1,12770,12800,2022-10-30 12:00:00+00:00,20780.0,21142.361623320612,stop,-0.9587539389912747,-0.003353496201527345,1.4882420253279718,4.091630328387625,60
S4,-1,12798,12800,2022-11-04 04:00:00+00:00,20450.5365,20858.117701273815,stop,-1.0333032452754578,-0.0036492223511069384,1.8213370931513548,0.9754396888361755,60
S4,-1,12878,12898,2022-11-17 12:00:00+00:00,16754.358,16371.0,target,0.9133967225161151,0.0031820047505445558,1.3240950042968311,0.8925204428734732,60
S4,-1,12928,12933,2022-11-25 20:00:00+00:00,16629.1465,16456.0,target,0.8331994997552533,0.0029165141849323223,1.1345006758855631,0.844285286193061,60
S1,-1,12878,12938,2022-11-17 12:00:00+00:00,16668.357195573146,16564.6563,time,0.22867662595045302,0.0007966419105472583,1.917959544280859,2.0,60
S1,-1,12945,12948,2022-11-28 16:00:00+00:00,16331.0,16492.273210223815,stop,-1.0620438646397103,-0.003727308658538594,0.9886228175576178,2.0,60
S4,-1,12945,12953,2022-11-28 16:00:00+00:00,16335.282500000001,16625.286510223814,stop,-1.0245303175022937,-0.00359565254365183,1.7858271207010887,0.9824543285804398,60
S4,-1,12968,12983,2022-12-02 12:00:00+00:00,17068.387,17292.032359872857,stop,-1.0065700388786798,-0.003504978309470113,1.2957141636194685,0.921009285002824,60
S4,-1,12994,12996,2022-12-06 20:00:00+00:00,17084.898,16879.0,target,0.545316418372937,0.0006034645892358492,2.669660543230588,0.5568054894820913,60
S1,-1,12989,13005,2022-12-06 00:00:00+00:00,17095.0,17292.001027752827,stop,-0.9969446603487392,-0.003458358261171546,1.2710372717241696,2.6014994395610223,60
S4,-1,13004,13005,2022-12-08 12:00:00+00:00,16945.1525,17163.671173304083,stop,-1.0572011985744634,-0.003689316315486645,1.7305656058301877,0.9647145277871986,60
S1,-1,13023,13023,2022-12-11 16:00:00+00:00,17214.0,17248.60908155496,stop,-1.393283614345669,-0.004799743756372371,0.3664965845839564,2.5239936680022055,60
S4,-1,13016,13025,2022-12-10 12:00:00+00:00,17221.26,17073.0,target,0.9202647455783004,0.003169774904622176,1.4604853850528419,0.9283737831196873,60
S1,-1,13056,13072,2022-12-17 04:00:00+00:00,16734.0,16435.6711950193,target,2.0506733887898294,0.007050838377381989,0.7210962105078398,2.0,60
S4,-1,13076,13089,2022-12-20 12:00:00+00:00,16936.046,16572.0,target,0.5782408393901528,0.0006377421694273093,3.670940116247804,0.5702925442182157,60
S1,-1,13090,13094,2022-12-22 20:00:00+00:00,16719.0,16892.6643506007,stop,-1.053904730679737,-0.003653611083994611,1.2547671318096403,2.0,60
S1,-1,13113,13115,2022-12-26 16:00:00+00:00,16835.0,16935.819540056316,stop,-1.110939190971963,-0.0038365563607365536,1.395358449912937,2.0,60
S1,-1,13124,13126,2022-12-28 12:00:00+00:00,16734.66516884449,16466.923238768453,target,1.9689584094628554,0.006771342444397717,1.3943619257925344,2.0,60
S1,-1,13136,13151,2022-12-30 12:00:00+00:00,16559.0,16674.799537866595,stop,-1.000567876352183,-0.003466407889852932,1.1369494079539681,2.0,60
S4,-1,13177,13179,2023-01-06 08:00:00+00:00,16816.422,16892.364215306607,stop,-1.1562347438112492,-0.003990676562834273,0.9314012284778392,0.82719725461604,60
S4,-1,13189,13192,2023-01-08 08:00:00+00:00,16968.9515,17042.80974988537,stop,-1.1504472694285333,-0.003953484947567336,1.1585887070629763,0.8585993898979466,60
S4,1,13241,13244,2023-01-17 00:00:00+00:00,20954.570999999996,21411.0,target,0.8918208081944456,0.006102998907676153,1.3352561866773782,0.917359970778776,60
S5,-1,13245,13250,2023-01-17 16:00:00+00:00,21170.882700000002,21631.95256349893,stop,-1.0374801450351472,-0.004786937762633113,1.2881219709880325,1.2396189724746298,30
S1,1,13251,13251,2023-01-18 16:00:00+00:00,20827.0,20460.902668992618,stop,-1.048034600911163,-0.0072118073763083965,0.9651870726593997,2.0,60
S5,-1,13257,13257,2023-01-19 16:00:00+00:00,20873.9124,20986.152670196738,stop,-1.1995044119455383,-0.005542063383684609,0.3428880246322802,1.2073540904741964,30
S1,1,13285,13289,2023-01-24 08:00:00+00:00,22954.5827468599,22336.15583188638,stop,-1.038463647767687,-0.007017436988827733,1.839504306844686,2.0,60
S5,-1,13316,13316,2023-01-29 12:00:00+00:00,23432.6565,23643.557867829375,stop,-1.118567674321983,-0.00510505618067804,0.7375905326752187,1.2247149488205382,30
S1,1,13301,13317,2023-01-27 00:00:00+00:00,22862.0,23720.92100795464,target,1.932481837251506,0.0129570731444878,1.2473585295756673,2.0,60
S4,1,13321,13323,2023-01-30 08:00:00+00:00,23392.73,22821.586900491824,stop,-1.038365237564091,-0.007023271471341824,1.854780250606132,0.9866562896477529,60
S5,-1,13329,13330,2023-01-31 16:00:00+00:00,23125.687199999997,23230.95442694104,stop,-1.2252321848173782,-0.0056077596876762375,0.35065325384608226,1.1994503651419557,30
S4,1,13334,13336,2023-02-01 12:00:00+00:00,22886.986999999997,23392.0,target,1.08969711408394,0.007255625950397871,1.664608621951006,0.9524654992098505,60
S1,1,13330,13337,2023-01-31 20:00:00+00:00,23167.0,24073.78940328592,target,1.9586077918143918,0.013109336138017274,1.472223072012243,2.0,60
S5,-1,13347,13348,2023-02-03 16:00:00+00:00,23611.638600000002,23307.0,target,2.3046314417567113,0.010681222450100142,0.3893938563387372,1.2078502823471167,30
S1,1,13358,13358,2023-02-05 12:00:00+00:00,23318.0,23108.087443515527,stop,-1.094815943009678,-0.007556300511254069,0.8978427566377358,2.370105073236742,60
S1,1,13376,13379,2023-02-08 12:00:00+00:00,22936.37624565052,22523.893690533565,stop,-1.0552450820582249,-0.00722338361754181,1.7109226308509786,2.231059750572286,60
S1,1,13402,13407,2023-02-12 20:00:00+00:00,21665.0,21398.454077308423,stop,-1.0895910028569546,-0.0073994599614594534,1.2145408332504792,3.698858973380889,60
S1,1,13429,13431,2023-02-17 08:00:00+00:00,23582.0,24444.280807456096,target,1.9693199569163213,0.013264448326943807,0.9812502522993045,2.0,60
S1,1,13470,13472,2023-02-24 04:00:00+00:00,23791.000000000004,23489.918674202912,stop,-1.075005284673741,-0.00734769441509964,0.7609528325063336,2.6411624416080137,60
S1,1,13508,13511,2023-03-02 12:00:00+00:00,23294.41851866668,22745.750505913584,stop,-1.0419820580826806,-0.007064558395460089,1.8430765657945611,2.9934147253916703,60
S4,1,13505,13511,2023-03-02 00:00:00+00:00,23486.975,22957.329072097444,stop,-1.049364082198822,-0.007114607952494819,1.6285215497297338,0.9538732018675977,60
S1,1,13533,13538,2023-03-06 16:00:00+00:00,22388.114111366845,22029.81131672572,stop,-1.0685554839133933,-0.007131089988745173,1.7441747398114864,3.043771768806694,60
S1,1,13573,13574,2023-03-13 08:00:00+00:00,21974.0,22807.082139210535,target,1.9729465657767649,0.013061096340499177,0.9011960616406135,2.0,60
S1,1,13586,13597,2023-03-15 12:00:00+00:00,24750.0,26448.54355720448,target,1.9702054049728503,0.013235947411428825,1.1323480836830866,2.0,60
S4,1,13627,13628,2023-03-22 08:00:00+00:00,28091.698000000004,28497.0,target,0.493234648154264,0.0010473180174728816,1.511227044130472,0.5110899072611225,60
S1,1,13629,13629,2023-03-22 16:00:00+00:00,27817.999999999996,27279.671032859307,stop,-1.0434403357978121,-0.007113471019978388,0.8212575606911141,2.0000000000000204,60
S1,1,13639,13640,2023-03-24 08:00:00+00:00,27818.000000000004,28918.06125128173,target,1.974305590286371,0.013369657918955077,0.8910612790496687,1.9999999999999802,60
S4,1,13639,13640,2023-03-24 08:00:00+00:00,27690.164999999997,28818.0,target,0.961136691569559,0.006508652380292025,1.8772513646250513,0.9732935367645074,60
S4,1,13650,13651,2023-03-26 04:00:00+00:00,27517.006,27810.0,target,0.45774671826518076,0.0009741490339063881,1.1906377670050918,0.4804366673392131,60
S4,1,13658,13658,2023-03-27 12:00:00+00:00,27683.7935,27099.024389807244,stop,-1.0397592801873063,-0.0072076697067627125,1.158852921510498,0.9160696045483941,60
S5,-1,13641,13671,2023-03-24 16:00:00+00:00,28060.1937,28419.8417,time,-0.24832113861828367,-0.001148057826056441,2.021739795247474,1.245456902036406,30
S1,1,13683,13697,2023-03-31 16:00:00+00:00,28353.000000000004,27801.470827506768,stop,-1.0794533213025896,-0.007411044538761349,1.1561411242378876,1.99999999999998,60
S4,1,13689,13702,2023-04-01 16:00:00+00:00,28136.6515,27428.968529652597,stop,-1.0507464229947794,-0.007219160939523688,1.8228985184359323,0.9636971849125449,60
S5,-1,13710,13712,2023-04-05 04:00:00+00:00,28555.1442,28228.279051918038,target,1.1671446726629233,0.005313596887492382,0.6998257957298766,1.225901105112663,30
S4,1,13722,13737,2023-04-07 04:00:00+00:00,27946.958,28199.0,target,0.708483581492721,0.0048267187501940395,0.9244726160176422,0.8175190114715107,60
S1,1,13717,13743,2023-04-06 08:00:00+00:00,27816.0,29180.297675257076,target,1.9276651123432376,0.013099793217721785,1.8514411935232749,2.0,60
S5,-1,13761,13762,2023-04-13 16:00:00+00:00,30476.952,30269.44684893421,target,1.1035682016421053,0.005190838879892721,0.5050706418437262,1.210009451450153,30
S1,1,13766,13781,2023-04-14 12:00:00+00:00,30558.629075624536,29936.868175118856,stop,-1.0781299791607728,-0.007513551517189598,1.7110647507062393,2.0,60
S5,-1,13770,13781,2023-04-15 04:00:00+00:00,30410.9586,30112.671549928666,target,1.2095379136198618,0.005679437610430438,0.7303573957311533,1.221966270470792,30
S1,1,13839,13840,2023-04-26 16:00:00+00:00,27998.0,27682.620658754175,stop,-1.0800538531072374,-0.007512102044938488,0.5557772715427015,6.535282801485302,60
S1,1,13863,13865,2023-04-30 16:00:00+00:00,29267.0,28825.03654222229,stop,-1.0626496731565955,-0.007331180200172859,1.1135711221488436,2.0,60
S1,1,13872,13882,2023-05-02 04:00:00+00:00,27998.0,28922.0,target,2.7862211492659212,0.019068837936084337,0.7876639990718062,2.870280769670276,60
S1,1,13892,13893,2023-05-05 12:00:00+00:00,28894.0,29662.0,target,2.4908735276531346,0.017403720609683294,0.7597386320587506,2.5393450957088874,60
S1,1,13905,13906,2023-05-07 16:00:00+00:00,28894.000000000004,28600.857038727023,stop,-1.0889157710148372,-0.007750382821713989,0.8536477441616901,2.215082899173539,60
S1,1,13923,13923,2023-05-10 16:00:00+00:00,27415.0,27203.158731031774,stop,-1.110897770524113,-0.007842266081814368,0.48443505326351516,6.101739883767539,60
S1,1,13947,13949,2023-05-14 16:00:00+00:00,27052.0,26741.140147770217,stop,-1.0827707791107266,-0.00758002121725064,0.965743046432556,6.875729717752461,60
S1,1,13956,13971,2023-05-16 04:00:00+00:00,27052.0,26514.895977639902,stop,-1.0804417070886,-0.007502293084081976,1.6872931602603867,3.9648068284332365,60
S4,1,13970,13971,2023-05-18 12:00:00+00:00,26991.328999999998,26474.038758611223,stop,-1.0446119647652232,-0.007286644433323084,1.7043943326195108,0.9650795062480882,60
S4,1,14003,14006,2023-05-24 00:00:00+00:00,26985.035499999998,26487.949496627156,stop,-1.0538301032172661,-0.0072006216446799534,2.0598309522094276,0.9970219791694412,60
S4,1,14068,14072,2023-06-03 20:00:00+00:00,27001.658,27300.0,target,0.5146703901623341,0.0005539397456540856,2.2073076138975245,0.5470226592011899,60
S1,1,14051,14078,2023-06-01 00:00:00+00:00,26826.273321584704,26322.75665421059,stop,-1.1177381525197583,-0.003788465089327869,1.5049163661152725,1.9999999999999782,60
S2b,1,14086,14089,2023-06-06 20:00:00+00:00,27111.7109,26516.3481,stop,-1.0588104242726104,-0.0035923227756169385,1.6142328813863,1.9862788081002143,30
S1,1,14087,14089,2023-06-07 00:00:00+00:00,26821.0,26424.562764107042,stop,-1.0641173275570655,-0.0035963135907085306,1.0163722829920248,2.0,60
S4,1,14102,14106,2023-06-09 12:00:00+00:00,26454.7645,26056.941462448613,stop,-1.0678892804485978,-0.0035777667359424585,1.2283265668193795,0.8963061451738703,60
S4,-1,14119,14134,2023-06-12 08:00:00+00:00,26139.061,25420.0,target,1.012905756595789,0.0016899823846615552,2.3919769492465415,1.003816767509112,60
S1,-1,14140,14145,2023-06-15 20:00:00+00:00,25634.0,25900.703606156025,stop,-1.0490548522598562,-0.001753619493208945,0.8164408530269686,2.0,60
S5,-1,14212,14213,2023-06-27 20:00:00+00:00,30674.9322,30519.309176279094,target,1.0555215453455267,0.002404682878601159,0.3569297081795843,1.1969118163839205,30
S5,-1,14222,14222,2023-06-29 12:00:00+00:00,30661.9335,30786.625063856787,stop,-1.2654233382124727,-0.0029037655332591243,0.3380779430794422,1.1932658257586501,30
S1,1,14214,14226,2023-06-28 04:00:00+00:00,30301.0,31201.952654146888,target,1.928824804759159,0.006435834341227234,1.2491381534874004,2.0,60
S5,-1,14234,14234,2023-07-01 12:00:00+00:00,30521.947500000002,30632.26205668379,stop,-1.2994026539739425,-0.0029949697570281924,0.2797753514327297,1.185962515754263,30
S4,1,14240,14241,2023-07-02 12:00:00+00:00,30211.902,30647.0,target,0.5341518706299927,0.0005685619017701284,2.5885773426498657,0.5535203773004571,60
S1,1,14244,14247,2023-07-03 04:00:00+00:00,30657.0,31273.00934795331,target,1.939718116514693,0.006497715669533462,1.042003910094694,2.0,60
S5,-1,14247,14247,2023-07-03 16:00:00+00:00,31066.893,31193.236106276032,stop,-1.2652579950176366,-0.0029126674576948424,0.38652283270421667,1.193267994586708,30
S1,1,14257,14258,2023-07-05 08:00:00+00:00,30657.0,30344.11914076072,stop,-1.0883544155673668,-0.003658848859667167,1.095389767039854,2.0,60
S4,1,14252,14263,2023-07-04 12:00:00+00:00,30741.011499999997,31378.0,target,0.9494006110834481,0.003193089299087119,2.1511938892147975,0.9907439634775662,60
S5,-1,14264,14266,2023-07-06 12:00:00+00:00,30848.9148,30003.07596475669,target,1.2150628567258592,0.0027353436643543,1.9067582266092942,1.2398249026081145,30
S4,1,14274,14289,2023-07-08 04:00:00+00:00,30062.1715,30445.0,target,0.844914036108225,0.002848863891493717,1.3560378177138195,0.9086889226777947,60
S4,1,14328,14329,2023-07-17 04:00:00+00:00,30243.4375,30002.15240168737,stop,-1.1104412784868598,-0.003756026334785468,1.0115025134737956,0.8332998194119681,60
S4,1,14344,14346,2023-07-19 20:00:00+00:00,29893.853,30188.0,target,0.6325413581006372,0.0012308601227647535,1.6826517966869803,0.6701811827753582,60
S1,1,14348,14349,2023-07-20 12:00:00+00:00,29952.0,29607.80124456071,stop,-1.0783422478914586,-0.003637241332054215,1.1931883096952738,2.4030171635942406,60
S4,1,14360,14367,2023-07-22 12:00:00+00:00,29794.721999999998,30051.0,target,0.825904035250361,0.0027745038498112246,1.3777760400423502,0.9022598664722336,60
S4,1,14400,14410,2023-07-29 04:00:00+00:00,29311.082000000002,29072.32019240665,stop,-1.164037720565262,-0.003922525628379898,1.3265364882565465,0.9069922141189516,60
S1,1,14409,14410,2023-07-30 16:00:00+00:00,29158.0,29041.078364303412,stop,-1.229617363573651,-0.004145915171570862,0.7922237696572959,3.5871768975790426,60
S1,1,14425,14426,2023-08-02 08:00:00+00:00,29503.975383456687,29210.29999927545,stop,-1.090695954590023,-0.00364238080366925,1.2088808389178998,2.0,60
S1,1,14434,14440,2023-08-03 20:00:00+00:00,29190.0,28864.315847055652,stop,-1.1033309896629115,-0.003669505204000486,1.3293744938951313,2.0,60
S4,1,14439,14440,2023-08-04 16:00:00+00:00,29146.135000000002,28867.824933702817,stop,-1.0945939922634154,-0.0036425562921045328,1.217156393133839,0.903573791696758,60
S1,1,14462,14463,2023-08-08 12:00:00+00:00,29395.0,29811.942884725286,target,1.928951954238509,0.006362498269532721,1.1095166497460216,2.0,60
S1,1,14470,14495,2023-08-09 20:00:00+00:00,29395.0,29166.917782468176,stop,-1.2736168069032996,-0.004229890278537763,0.9178129803903049,2.0,60
S4,1,14469,14513,2023-08-09 16:00:00+00:00,29395.0995,28613.804689134686,stop,-1.1030283903950464,-0.003664571074475411,3.181681376085425,1.0468471262311771,60
S1,-1,14542,14547,2023-08-21 20:00:00+00:00,26192.0,25863.77093339269,target,1.9840937049624452,0.0032664903548893865,0.6917265912351219,2.0,60
S4,-1,14564,14565,2023-08-25 12:00:00+00:00,26214.136,25852.0,target,0.5442045588702621,0.0002863098506247147,2.3820568740796344,0.5562138470315372,60
S1,-1,14582,14588,2023-08-28 12:00:00+00:00,26070.719381639945,26341.073812276354,stop,-1.0442176484366772,-0.001726092036837592,1.7704059550657325,2.000000000000041,60
S1,-1,14666,14667,2023-09-11 12:00:00+00:00,25687.00531909763,25100.0,target,1.9944172846852175,0.0032903174986487218,1.3837883038104777,2.0,60
S1,-1,14677,14684,2023-09-13 08:00:00+00:00,26212.0,26607.594133534603,stop,-1.027175556733058,-0.001700934081492609,1.2753003603277462,2.0,60
S4,-1,14705,14707,2023-09-18 00:00:00+00:00,26668.157,26927.98327560936,stop,-1.0679063030340274,-0.0017649756538816626,1.3519635240340824,0.9184208731160246,60
S4,-1,14755,14761,2023-09-26 08:00:00+00:00,26375.802,26776.52020835408,stop,-1.0453138313856396,-0.0017267477519211571,2.3114772979285974,1.001912306181416,60
S1,-1,14727,14768,2023-09-21 16:00:00+00:00,26607.0,27019.69211741862,stop,-0.9170974408767364,-0.0015126922457671067,1.476872060848864,2.0,60
S1,-1,14844,14847,2023-10-11 04:00:00+00:00,27103.0,26598.521515297914,target,1.9787812385845542,0.0032518512121292088,1.1058133946258133,2.0,60
S2b,-1,14847,14872,2023-10-11 16:00:00+00:00,26764.323299999996,27299.7297,stop,-0.9903434419038858,-0.001639597238368705,2.09538138332354,2.979900003135083,30
S1,-1,14876,14876,2023-10-16 12:00:00+00:00,27996.597042916404,28291.267240020512,stop,-1.0725395720360127,-0.0017658115842594476,0.8363811224664061,3.1205107694503953,60
S4,1,14961,14972,2023-10-30 16:00:00+00:00,34326.104999999996,34755.0,target,0.8327195138102766,0.0027364374402106444,1.230932010311641,0.9054766936953986,60
S1,1,14968,14974,2023-10-31 20:00:00+00:00,34506.0,35515.608166884966,target,1.9482596863019375,0.006412807309933841,1.3675529807551028,2.0,60
S5,-1,14973,14974,2023-11-01 16:00:00+00:00,34293.5703,35233.17885194076,stop,-1.0371606941414024,-0.0022838410948758285,2.39309048569192,1.2417562826385635,30
S5,-1,14985,14986,2023-11-03 16:00:00+00:00,34783.5213,34546.0,target,1.6202460971086194,0.0036769451990661104,0.26646770537058656,1.1914733107989752,30
S1,1,14981,15017,2023-11-03 00:00:00+00:00,34515.55926179986,36205.4672792176,target,1.9065582806940593,0.006314312662171727,1.7098286878131863,2.0,60
S1,1,15059,15062,2023-11-16 00:00:00+00:00,37782.54394180518,36953.67342370225,stop,-1.0450314082100578,-0.0035001842333701764,1.4959428943231707,2.0,60
S4,1,15077,15081,2023-11-19 00:00:00+00:00,36452.762,36800.0,target,0.47520737946391634,0.000493585995753159,1.5491472196163374,0.5101914144805165,60
S5,-1,15090,15091,2023-11-21 04:00:00+00:00,37488.2508,37222.35216979909,target,1.1092039783567893,0.0025162931247065755,0.5183651852476285,1.211562867497222,30
S1,1,15083,15092,2023-11-20 00:00:00+00:00,37086.02296677164,36348.03426915538,stop,-1.065204546136905,-0.003555741384925982,1.7784048142584619,2.0,60
S4,1,15104,15109,2023-11-23 12:00:00+00:00,37019.252,37865.0,target,0.5479793795645475,0.0005846775810521887,2.8775766440250483,0.5654883306916592,60
S5,-1,15110,15110,2023-11-24 12:00:00+00:00,37756.224,38128.32070336498,stop,-1.1081830757144193,-0.0024956275462258383,0.7519213610907272,1.2269308626654378,30
S4,1,15118,15128,2023-11-25 20:00:00+00:00,37615.745500000005,36784.89231633092,stop,-1.0538218951513,-0.003514496067124,2.215377504616277,0.9928433144480936,60
S5,-1,15142,15143,2023-11-29 20:00:00+00:00,37890.2106,37974.38547686836,stop,-1.4719418592291624,-0.003421203210429442,0.1930006936093655,1.1439240923760519,30
S4,1,15140,15151,2023-11-29 12:00:00+00:00,37673.386999999995,38420.0,target,0.6797531850481622,0.0013180349737330651,2.3990120876811765,0.7104935357238498,60
S1,1,15103,15159,2023-11-23 08:00:00+00:00,37230.37129043123,39063.25296528023,target,1.8657598834237055,0.0062207890924039924,1.7989963660994275,2.0,60
S4,1,15230,15257,2023-12-14 12:00:00+00:00,41930.3955,43440.0,target,0.9508218405788635,0.00316555300306756,2.010648946558324,1.0012606805940372,60
S5,-1,15284,15284,2023-12-23 12:00:00+00:00,43567.6428,43747.13382336021,stop,-1.2617840095000954,-0.0028931552037605116,0.3484543286882374,1.194016205501481,30
S5,-1,15297,15298,2023-12-25 16:00:00+00:00,43636.6359,43379.963309714076,target,1.0813295495897217,0.002460522254487947,0.5057271249287035,1.2039421830391592,30
S4,1,15300,15300,2023-12-26 04:00:00+00:00,43220.843499999995,42595.44876924393,stop,-1.0585068914280786,-0.003546555249180069,1.4166960719167072,0.9436865199933511,60
S1,1,15260,15320,2023-12-19 12:00:00+00:00,42440.784089860426,42283.7712,time,-0.29967571181813923,-0.001001262024238907,1.7787542682288966,2.0,60
S4,1,15336,15339,2024-01-01 04:00:00+00:00,42270.698,42867.0,target,0.525942033473981,0.0005545204117757799,2.3121725445961836,0.5495333574254745,60
S4,1,15349,15350,2024-01-03 08:00:00+00:00,43883.425,41918.99510851463,stop,-1.0195211804064368,-0.003389453725524398,2.8873276677137367,1.0399632311647533,60
S1,1,15350,15350,2024-01-03 12:00:00+00:00,43128.0,42351.03680428449,stop,-1.0468306586023537,-0.0034792110235705095,0.9726102833212317,2.0,60
S1,1,15359,15359,2024-01-05 00:00:00+00:00,43812.0,43263.981845861395,stop,-1.067862811509712,-0.0035226626439323274,0.6338092652304,2.0,60
S4,1,15362,15380,2024-01-05 12:00:00+00:00,43025.9405,44795.0,target,0.9586008382772687,0.003149566471303516,1.9763217483501498,0.9918911158013033,60
S1,1,15392,15393,2024-01-10 12:00:00+00:00,44795.0,46662.42384480778,target,1.9754789628154092,0.006513940171535937,1.0339737045329556,2.0,60
S4,1,15389,15394,2024-01-10 00:00:00+00:00,45126.994,47281.0,target,0.9904938790213808,0.0032660524306584128,2.3647679361914635,1.0034005950791514,60
S5,-1,15399,15405,2024-01-11 16:00:00+00:00,46686.3309,43601.174351386086,target,1.2392476855042833,0.0027596976898873367,2.1295803039060086,1.2457579853195127,30
S1,1,15404,15405,2024-01-12 12:00:00+00:00,45492.0,43798.889896980334,stop,-1.023548007819906,-0.0034124501488660398,1.5349223433109493,2.0,60
S4,1,15461,15465,2024-01-22 00:00:00+00:00,41149.127,40102.773059184474,stop,-1.03975148283329,-0.0034640620802530385,2.471048313537777,0.962133143788633,60
S4,1,15504,15507,2024-01-29 04:00:00+00:00,42067.873999999996,42824.0,target,0.9271057896648945,0.003079304561075238,1.6989502472310634,0.9566690540443715,60
S1,1,15501,15512,2024-01-28 16:00:00+00:00,42125.73717712343,43776.80890002691,target,1.9481126002932168,0.00646507429242321,1.768645505634643,2.0,60
S4,1,15540,15548,2024-02-04 04:00:00+00:00,42585.452000000005,43403.0,target,0.9033570665010326,0.003040429401026251,2.157456082527282,0.9384529187256133,60
S1,1,15521,15562,2024-02-01 00:00:00+00:00,42163.35507505669,44032.62652439916,target,1.8850855007091978,0.00632338025387641,1.53468224553809,2.0,60
S1,1,15642,15643,2024-02-21 04:00:00+00:00,51942.0,51152.35399464678,stop,-1.058897503924134,-0.003585241649836462,1.184803802920015,2.0,60
S5,-1,15639,15669,2024-02-20 16:00:00+00:00,51687.83069999999,51673.1668,time,0.030663158664817447,6.954773790478978e-05,2.01225152467406,1.241640530382349,30
S4,1,15669,15670,2024-02-25 16:00:00+00:00,51353.918,51870.0,target,0.5158651450714314,0.0005528448709525354,2.0634780831870487,0.5430272214406701,60
S1,1,15650,15674,2024-02-22 12:00:00+00:00,50992.0,52220.0,target,2.057613230174317,0.006947760940772332,0.7879923637061149,2.2103438503378268,60
S5,-1,15712,15712,2024-03-03 20:00:00+00:00,62765.7228,63129.9978003597,stop,-1.184664886689181,-0.0054987069884463655,0.39112115299607975,1.2105442056107396,30
S4,1,15706,15713,2024-03-02 20:00:00+00:00,61729.45,63265.0,target,0.906345299117052,0.00617127602665007,1.5387752081121688,0.9348712086884394,60
S1,1,15725,15726,2024-03-06 00:00:00+00:00,62912.640738623915,66715.50426073396,target,1.9829448893912036,0.013511810557642846,0.9790807319749913,1.9999999999999925,60
S5,-1,15741,15756,2024-03-08 16:00:00+00:00,67726.2267,70345.70217018283,stop,-1.0079913867696144,-0.004659155810799181,1.60111962021627,1.244166405488089,30
S4,1,15755,15756,2024-03-11 00:00:00+00:00,68021.3175,69999.0,target,0.9580932087121826,0.0066103959540581144,1.7761235411932488,0.975146271825284,60
S4,1,15776,15779,2024-03-14 12:00:00+00:00,71008.7315,68329.7406175746,stop,-1.0258913560134306,-0.007196338634231118,2.098330354735989,0.99929318343239,60
S1,1,15742,15781,2024-03-08 20:00:00+00:00,68905.66706553946,66320.7916306692,stop,-1.075582322889034,-0.007419414621648446,1.5879199485864548,2.0,60
S4,1,15787,15790,2024-03-16 08:00:00+00:00,67938.9085,65110.82210655078,stop,-1.0222142451250344,-0.006971876176669151,1.5686220639946395,0.9452493098085658,60
S4,1,15803,15804,2024-03-19 00:00:00+00:00,66582.79000000001,64119.142995221526,stop,-1.02373228369443,-0.006928699746243105,1.441850946190509,0.9438293528454176,60
S4,1,15864,15885,2024-03-29 04:00:00+00:00,69879.36249999999,68068.92648503771,stop,-1.0711256715588497,-0.0072516616910944,1.6142091845949282,0.9467789821091993,60
S1,1,15854,15887,2024-03-27 12:00:00+00:00,68902.0,67486.11590922257,stop,-1.1228330986866355,-0.007541073471979701,1.0103657920850557,2.985519900074905,60
S5,-1,15928,15929,2024-04-08 20:00:00+00:00,71770.8222,71197.88121217108,target,1.124530137225538,0.0025141960181067594,0.46185902386954397,1.2157309970723391,30
S1,1,15950,15950,2024-04-12 12:00:00+00:00,70344.0,69271.21986968303,stop,-1.0554467291961225,-0.0034956519749581843,0.9853252622706935,2.0,60
S4,1,15950,15951,2024-04-12 12:00:00+00:00,69272.2525,67193.11549664423,stop,-1.0285882094337533,-0.0034066962417557242,1.9158421985746066,0.972172820790135,60
S4,1,16005,16007,2024-04-21 16:00:00+00:00,64517.977,65710.0,target,0.6356235114160391,0.0012025089723608972,1.5130124999549517,0.6553082706562531,60
S4,1,16018,16023,2024-04-23 20:00:00+00:00,65680.56349999999,64036.88364369014,stop,-1.0374479247926138,-0.0034222016774481086,1.749270514122104,0.9530689696258215,60
S4,1,16048,16049,2024-04-28 20:00:00+00:00,63301.3025,62220.830926057584,stop,-1.052373973081842,-0.0034445535758648553,1.478196580997635,0.938979345944332,60
S1,1,16005,16052,2024-04-21 16:00:00+00:00,64595.54238383693,61913.46252378239,stop,-1.076569932395386,-0.003537746545205211,2.225724697579883,2.0,60
S4,1,16094,16102,2024-05-06 12:00:00+00:00,63736.498999999996,62687.0111905762,stop,-1.0755710187797587,-0.003500143040304422,1.0020339531924518,0.8516921583209904,60
S1,1,16090,16104,2024-05-05 20:00:00+00:00,63834.0,62136.243893447034,stop,-1.0577073615653847,-0.00343926291566297,1.6993859326300298,2.0,60
S1,1,16172,16173,2024-05-19 12:00:00+00:00,66843.0,66339.98939842745,stop,-1.1205159283218895,-0.0036143336065664407,0.7504306595791879,2.0,60
S1,1,16196,16197,2024-05-23 12:00:00+00:00,67654.0,66956.56444580643,stop,-1.087533190296678,-0.0034932044084026058,0.6932708437382564,2.0,60
S1,1,16221,16223,2024-05-27 16:00:00+00:00,69580.0,68670.39473615556,stop,-1.0724999469817693,-0.003430867739322063,1.047489171754027,2.0,60
S2b,1,16317,16317,2024-06-12 16:00:00+00:00,69751.9745,68443.155,stop,-1.060921865021167,-0.0033983852253035387,1.3913695311751741,1.9839294087557091,30
S1,1,16328,16329,2024-06-14 12:00:00+00:00,66416.0,65779.89857577033,stop,-1.0942679903330546,-0.0034724786270709028,0.7184182491782507,3.231018917671114,60
S1,1,16342,16345,2024-06-16 20:00:00+00:00,66416.0,65659.94849196161,stop,-1.0879465077733956,-0.0034382514306311833,1.276289780065021,3.622488134839211,60
S3,1,16343,16345,2024-06-17 00:00:00+00:00,66622.0,65674.62257707349,stop,-1.0665740443907044,-0.00224553590912702,1.571179600175209,1.2239462293573973,60
S1,-1,16411,16426,2024-06-28 08:00:00+00:00,61516.00000000001,62650.421747851346,stop,-1.0008749015576364,-0.001570872528060375,1.5434303597978547,2.0000000000000195,60
S1,-1,16462,16469,2024-07-06 20:00:00+00:00,58251.0,55670.251542764425,target,2.000012515509911,0.003133127575474321,1.2451365221848723,2.0,60
S1,-1,16479,16482,2024-07-09 16:00:00+00:00,58251.0,59036.70096014801,stop,-1.045422385928718,-0.003287704114983268,0.7010946570371145,2.0,60
S1,-1,16489,16490,2024-07-11 08:00:00+00:00,58251.0,58992.69903907464,stop,-1.0560415322565393,-0.003308079993403352,0.7438435032402806,2.0,60
S4,-1,16496,16504,2024-07-12 12:00:00+00:00,58335.91649999999,59734.5162761664,stop,-1.020466282342823,-0.003183980325664777,1.4336293611065454,0.9075772413938128,60
S1,-1,16501,16504,2024-07-13 08:00:00+00:00,58251.0,58985.43713607153,stop,-1.0484219975403195,-0.0032734598427194557,0.8336700806993587,2.0,60
S1,-1,16550,16551,2024-07-21 12:00:00+00:00,67226.0,66035.46050814533,target,1.9665372845875142,0.006088217738061317,0.7503254675570629,2.0,60
S1,1,16558,16560,2024-07-22 20:00:00+00:00,67617.0,66985.61590448566,stop,-1.1021250764061556,-0.006874479645788563,0.6645779130309202,2.0,60
S4,1,16558,16563,2024-07-22 20:00:00+00:00,67081.2365,65592.75520448566,stop,-1.0457055165417097,-0.0065225639474567445,1.576558460302924,0.9479339013020011,60
S4,1,16590,16595,2024-07-28 04:00:00+00:00,67119.64,69404.0,target,0.5664553488360756,0.0011204760151080945,3.9160528351852975,0.5785469171004485,60
S1,1,16588,16604,2024-07-27 20:00:00+00:00,67617.5967434972,65817.34046827097,stop,-1.0616732968690845,-0.0065154879817356905,1.7745613146257189,2.0,60
S1,1,16611,16611,2024-07-31 16:00:00+00:00,65887.0,65063.57477189961,stop,-1.0679117495619426,-0.006510562884782488,0.8212150849651536,2.7946493838966178,60
S1,-1,16660,16678,2024-08-08 20:00:00+00:00,61880.99999999999,59092.763215452695,target,2.023973141407593,0.0061201984779895215,0.7961260484427564,1.9999999999999842,60
S4,-1,16668,16678,2024-08-10 04:00:00+00:00,61243.161,59571.0,target,0.8986306074534053,0.0027278596595167646,1.307847490029231,0.900685722235747,60
S1,-1,16685,16689,2024-08-13 00:00:00+00:00,59571.0,60538.71774902245,stop,-1.034691335624114,-0.003163086408321329,0.7469423894136107,2.0,60
S1,-1,16700,16701,2024-08-15 12:00:00+00:00,59571.0,56720.274315238916,target,1.9877784418499689,0.006053127746209238,1.250164858682189,2.0,60
S1,-1,16726,16727,2024-08-19 20:00:00+00:00,59571.0,60079.96716062313,stop,-1.0834135899245296,-0.00332377365032964,0.606220057495759,2.0,60
S4,-1,16734,16738,2024-08-21 04:00:00+00:00,60073.1945,61664.07643391483,stop,-1.02517624740635,-0.0031323310165787405,1.7474329243687006,0.959285047267524,60
S3,-1,16767,16772,2024-08-26 16:00:00+00:00,63565.0,61468.0,target,1.2118494220203126,0.0025315045829321123,2.320617675508475,1.2154419891683157,60
S3,1,16796,16802,2024-08-31 12:00:00+00:00,59113.0,57412.446291525375,stop,-1.0394038963050052,-0.003661248037772217,1.9098824154917853,1.466913129167679,60
S1,-1,16805,16810,2024-09-02 00:00:00+00:00,57650.71637516598,59336.780790092795,stop,-1.0176416973534193,-0.003093045154527753,1.9734191694919108,2.0,60
S4,-1,16807,16814,2024-09-02 08:00:00+00:00,58877.42799999999,57721.0,target,0.9271132209278471,0.0028172936436877084,1.4506906265738702,0.9322895422565981,60
S4,-1,16824,16830,2024-09-05 04:00:00+00:00,57206.782,55602.0,target,0.5652049171343215,0.0005507719024776848,3.028479996426742,0.5662085501230933,60
S1,-1,16820,16832,2024-09-04 12:00:00+00:00,58034.18771393055,55115.967391606035,target,2.0096962651316352,0.006106241996418505,1.5274059691759023,2.0,60
S1,-1,16850,16851,2024-09-09 12:00:00+00:00,55708.458756634,57126.948746240494,stop,-1.02816669962486,-0.0031496388603676827,1.7545995948789952,2.0,60
S1,-1,16863,16874,2024-09-11 16:00:00+00:00,57267.314502099376,58770.07013655198,stop,-1.0079260017915133,-0.0030757296711309426,1.6035562360038038,2.0845466158274917,60
S1,-1,16900,16905,2024-09-17 20:00:00+00:00,60342.0,60902.07542388988,stop,-1.055196423622417,-0.003207806781288313,0.623543786354399,3.7438098843744108,60
S1,1,16934,16952,2024-09-23 12:00:00+00:00,63176.0,65222.00747991586,target,1.9157062206834852,0.011601439757932248,1.2919982944888613,2.0,60
S1,1,16972,16973,2024-09-29 20:00:00+00:00,65851.0,65130.01670372687,stop,-1.0822370298635793,-0.006648150196453525,1.3682624286436276,2.0,60
S1,1,16982,16982,2024-10-01 12:00:00+00:00,63176.0,62183.17755406999,stop,-1.0537977800489464,-0.006420905178150501,1.366381595793054,2.119392427341742,60
S1,1,17000,17037,2024-10-04 12:00:00+00:00,60807.0,59623.09570606318,stop,-1.1408651613687653,-0.006896475856593346,1.3319446109002762,3.9348307538221907,60
S1,1,17044,17058,2024-10-11 20:00:00+00:00,62473.0,64428.00249183379,target,1.9257154905922846,0.011541254039727432,1.1689537634779126,2.0,60
S1,1,17101,17102,2024-10-21 08:00:00+00:00,68388.0,67745.88901527289,stop,-1.0961712983797005,-0.006664489616003449,1.0918949014931143,2.0,60
S1,1,17124,17127,2024-10-25 04:00:00+00:00,67505.2322599647,66205.97568039688,stop,-1.051615249065534,-0.006341034669513187,1.7633274400782921,2.0,60
S4,1,17127,17144,2024-10-25 16:00:00+00:00,66787.9,68800.0,target,0.975353152490557,0.005899222905166152,2.28186379500741,1.019833620858328,60
S5,-1,17145,17145,2024-10-28 16:00:00+00:00,68425.1568,69294.25961409288,stop,-1.083868145526809,-0.004389454295980541,1.2106739761508187,1.2321414255668002,30
S1,1,17165,17168,2024-11-01 00:00:00+00:00,68800.0,70801.41245833802,target,1.9582194241696818,0.011736725777353752,1.0665411425490163,2.0,60
S1,1,17175,17177,2024-11-02 16:00:00+00:00,69279.0,67828.73369125031,stop,-1.0449701724901006,-0.006355086150664035,1.658344590762819,2.114330763665852,60
S1,1,17184,17187,2024-11-04 04:00:00+00:00,68800.0,67837.99335407709,stop,-1.0713430097554675,-0.006464411507030316,1.100074226335601,3.6965222518616425,60
S4,1,17191,17192,2024-11-05 08:00:00+00:00,68685.73,69444.0,target,0.4977478208559676,0.000932607349041957,1.658323087049388,0.5215061015671482,60
S2b,1,17196,17223,2024-11-06 04:00:00+00:00,74358.4351,80411.0,target,2.906292380185186,0.01747989757782373,1.4413831794535217,2.9853310224332166,30
S1,1,17241,17242,2024-11-13 16:00:00+00:00,90242.99999999999,88306.40323788565,stop,-1.0415383696573106,-0.0063779053007162155,0.8314761991359945,2.0000000000000226,60
S5,-1,17266,17267,2024-11-17 20:00:00+00:00,90042.99480000001,90779.86208947594,stop,-1.1242964051751283,-0.004606515473916169,0.47412929598550246,1.2221599717962357,30
S4,1,17261,17268,2024-11-17 00:00:00+00:00,89605.216,91909.0,target,0.6593675343184244,0.002318181810877465,1.9592309273623951,0.6773648545659191,60
S1,1,17258,17277,2024-11-16 12:00:00+00:00,90243.0,93942.76325554319,target,1.9308726024782719,0.01173142006018466,0.9872111061160781,2.0,60
S1,1,17317,17326,2024-11-26 08:00:00+00:00,91909.0,97226.0,target,3.263306870601843,0.0200580206082317,0.9883533397227322,3.316111914505828,60
S1,1,17352,17353,2024-12-02 04:00:00+00:00,96362.0,95485.10995336407,stop,-1.0992967155413216,-0.006922235480074748,0.8077991961551135,2.0510973884982304,60
S1,1,17369,17370,2024-12-05 00:00:00+00:00,98200.0,103043.0,target,2.697380312293171,0.0168452763822695,1.0500543077767677,2.0,60
S5,-1,17376,17378,2024-12-06 04:00:00+00:00,97672.2318,99073.92659001407,stop,-1.067173272905707,-0.004564957093752314,0.6384219782472264,1.234208482992396,30
S4,1,17395,17415,2024-12-09 08:00:00+00:00,96799.823,102098.0,target,0.9945407678113327,0.0063236580178702324,3.366221477770477,1.0202488639967897,60
S5,-1,17416,17430,2024-12-12 20:00:00+00:00,99462.05279999999,102760.02328202625,stop,-1.010815938639672,-0.0043265176309589,2.0158180178635465,1.2431924352632278,30
S4,1,17427,17430,2024-12-14 16:00:00+00:00,101146.68699999999,102643.0,target,0.644556357287713,0.0023859228156141842,1.7292337685624288,0.6719809806655047,60
S1,1,17377,17435,2024-12-06 08:00:00+00:00,97911.15140996463,105841.77935122984,target,1.9152998757123243,0.012177397009690673,1.8819983163508605,2.0,60
S1,1,17456,17457,2024-12-19 12:00:00+00:00,99750.0,98315.11978176373,stop,-1.0623308985968964,-0.006864098538485246,0.8131999759909405,4.834224067567304,60
S1,1,17497,17497,2024-12-26 08:00:00+00:00,97473.0,95370.27406943099,stop,-1.0389343528680963,-0.00665944000997037,1.2483354297309939,4.378966543728323,60
S1,1,17518,17522,2024-12-29 20:00:00+00:00,92890.0,91830.50384501393,stop,-1.0923478485519358,-0.006947255688057735,0.9539088095317216,2.114609379165239,60
S4,1,17530,17536,2024-12-31 20:00:00+00:00,93313.98400000001,94891.0,target,0.6396014676066764,0.0023354170439140285,1.661697411504477,0.6664226454911173,60
S1,1,17529,17540,2024-12-31 16:00:00+00:00,93443.0,96841.0,target,2.352637018754515,0.014840023618819628,0.9553818785696959,2.4201369018183136,60
S4,1,17551,17561,2025-01-04 08:00:00+00:00,97668.131,98951.0,target,0.6400778652937488,0.0023857670428684896,1.8600760457159302,0.6804664257789977,60
S4,1,17594,17603,2025-01-11 12:00:00+00:00,94222.62999999999,95797.0,target,0.6333527357784797,0.0023607211839545327,1.7367310018640678,0.6685436031523817,60
S1,1,17624,17626,2025-01-16 12:00:00+00:00,97620.0,100609.61683772679,target,1.9634555688353148,0.012707955471597285,1.0187164766250851,2.0,60
S1,1,17649,17655,2025-01-20 16:00:00+00:00,101191.0,105894.75001453832,target,1.9669764975762511,0.012918215640160819,0.8484069565717975,2.0,60
S4,1,17672,17673,2025-01-24 12:00:00+00:00,104703.07,106848.0,target,0.5174354573889391,0.0010841983697993103,1.8830936038708441,0.5305182704843305,60
S4,1,17686,17686,2025-01-26 20:00:00+00:00,104736.709,103806.91278638243,stop,-1.0961059230265695,-0.007313840944484506,0.6859954564977618,0.7475311862455997,60
S1,1,17779,17781,2025-02-11 08:00:00+00:00,97961.46700803514,96054.41894408599,stop,-1.0483470755775017,-0.0069376609748163206,1.8459659055924857,2.0,60
S4,1,17780,17786,2025-02-11 12:00:00+00:00,96430.6215,94448.04660542031,stop,-1.0536541587194002,-0.006972781732494184,1.8535099647227384,0.9722518693348617,60
S4,1,17795,17799,2025-02-14 00:00:00+00:00,96595.75399999999,98144.0,target,0.5280842765557157,0.0010917301334238654,2.344816541140485,0.5505743688803938,60
S1,1,17790,17823,2025-02-13 04:00:00+00:00,96668.42550734185,94602.68572247375,stop,-1.1168486586114852,-0.007274465905879513,1.5873781733644003,2.0,60
S1,-1,17939,17954,2025-03-10 00:00:00+00:00,81463.0,84241.02362185212,stop,-1.0006033079249084,-0.003235458312684694,1.4322581141652622,2.0,60
S1,-1,17965,17966,2025-03-14 08:00:00+00:00,82983.0,84909.97026981719,stop,-1.0308281188190995,-0.0033206834604867256,1.1701992975035886,2.0,60
S4,-1,17963,17966,2025-03-14 00:00:00+00:00,82634.985,84909.97026981719,stop,-1.0251590295070536,-0.003302421200493179,1.2895863324782992,0.8947669820638906,60
S4,-1,17977,17978,2025-03-16 08:00:00+00:00,84267.502,82404.0,target,1.4108513137915568,0.00138852132383304,1.1174740219789683,0.4869243025964769,60
S1,-1,17985,17998,2025-03-17 16:00:00+00:00,84724.0,86218.24440595011,stop,-1.0068089491929266,-0.0032235453738423915,1.188470404007174,2.7032422093803032,60
S1,-1,18068,18073,2025-03-31 12:00:00+00:00,83097.0,84057.7086887314,stop,-1.0442286238510001,-0.0033307306808730533,0.9476316411386929,2.0,60
S4,-1,18074,18078,2025-04-01 12:00:00+00:00,85132.356,83544.0,target,0.5621657917636674,0.0005738265962483989,2.5252636284164898,0.5666295756406228,60
S1,-1,18082,18083,2025-04-02 20:00:00+00:00,88139.0,82477.0,target,5.840122519171668,0.018567607642105365,0.5806869705693933,4.377881033552185,60
S4,-1,18091,18105,2025-04-04 08:00:00+00:00,84012.666,81200.0,target,0.5779432619829679,0.0006023364251801204,3.120786498338292,0.5720128673225219,60
S2b,-1,18083,18113,2025-04-03 00:00:00+00:00,82468.75230000001,79883.9876,time,0.5866619593760163,0.0019094542984082969,2.6886635812902004,1.9944809875216178,30
S4,-1,18153,18158,2025-04-14 16:00:00+00:00,84647.56350000002,86451.03311290265,stop,-1.0240936353864276,-0.0033368717944848216,1.2587554596902428,0.9006801014761575,60
S1,-1,18164,18191,2025-04-16 12:00:00+00:00,84937.0,86413.21249959889,stop,-0.9660064479938167,-0.0031355145842724107,1.2354442712778833,6.737659013908224,60
S4,-1,18166,18191,2025-04-16 20:00:00+00:00,84874.766,86774.00816792542,stop,-0.9848834211163698,-0.0032015362459085817,1.5547191006014667,0.9376907986710722,60
S4,-1,18234,18236,2025-04-28 04:00:00+00:00,94952.2285,93934.0,target,0.863506550803451,0.0027822947034762038,1.2800504475982866,0.887147132256169,60
S3,-1,18245,18253,2025-04-30 00:00:00+00:00,94284.0,96111.51022989725,stop,-1.0186248387567727,-0.0016166392769260552,1.8565152826840554,2.2814785791211802,60
S1,1,18319,18320,2025-05-12 08:00:00+00:00,104332.0,103361.95453980916,stop,-1.0971131156688556,-0.007079582973708295,0.8105238966032208,2.0,60
S1,1,18328,18331,2025-05-13 20:00:00+00:00,104332.0,103329.77226708118,stop,-1.1044804442576233,-0.007068479297301918,0.7636886355576837,2.0,60
S5,-1,18342,18343,2025-05-16 04:00:00+00:00,104041.5948,103395.67254362062,target,1.0898788245173894,0.004721821192440425,0.4659403610408672,1.2062779913956736,30
S4,1,18331,18356,2025-05-14 08:00:00+00:00,102755.62649999998,104997.0,target,0.9072417387833804,0.005777147888935806,1.9024469333927063,0.9778612151039461,60
S1,1,18357,18358,2025-05-18 16:00:00+00:00,104570.0,103713.70268981591,stop,-1.11072668337167,-0.007137031645799819,0.8778995767586562,2.0,60
S5,-1,18358,18358,2025-05-18 20:00:00+00:00,103901.6088,106078.96465677542,stop,-1.0508924298301638,-0.00449724948744552,1.9181418448294412,1.2392095486032462,30
S5,-1,18365,18365,2025-05-20 00:00:00+00:00,105619.43700000002,105987.71521540989,stop,-1.3106468949837549,-0.005706707509058834,0.27118615467245566,1.1835531297993704,30
S1,1,18366,18376,2025-05-20 04:00:00+00:00,105706.0,109889.4741241335,target,1.9512525036372985,0.012284098840184434,1.5750754873583164,2.0,60
S1,1,18388,18424,2025-05-23 20:00:00+00:00,107115.0,105394.71477576793,stop,-1.1668642594035326,-0.007453835343720143,1.0568759708077335,2.4641105793154816,60
S4,1,18385,18429,2025-05-23 08:00:00+00:00,107834.14800000002,103829.40377041687,stop,-1.0795284921273347,-0.006895623132665806,2.6718507745268454,1.0148939368149683,60
S1,1,18464,18465,2025-06-05 12:00:00+00:00,104126.00000000001,103470.36208727371,stop,-1.1444822869245133,-0.007187353355137974,0.6750624246480028,3.9827064272198553,60
S1,1,18473,18487,2025-06-07 00:00:00+00:00,104126.00000000001,106696.0,target,1.9083281724353853,0.011881439865060097,1.1383551854836698,2.003003401602898,60
S4,1,18501,18502,2025-06-11 16:00:00+00:00,109342.58850000001,108150.49486019305,stop,-1.0826499662522424,-0.006837161527670631,1.1873134325648862,0.8951423287121248,60
S1,1,18508,18509,2025-06-12 20:00:00+00:00,105959.00000000001,104621.96568021236,stop,-1.071214974740386,-0.006710016635188935,1.248459282002165,2.717532488675233,60
S4,1,18523,18528,2025-06-15 08:00:00+00:00,104735.606,106250.0,target,0.6655089238392976,0.0024031939289701496,2.2964263615865974,0.6958474560757361,60
S1,1,18533,18536,2025-06-17 00:00:00+00:00,106250.0,104808.30372488074,stop,-1.073611634061316,-0.006690350231463456,1.2647809108877073,2.315516115522507,60
S4,1,18545,18552,2025-06-19 00:00:00+00:00,104412.749,105566.0,target,0.8149778230820203,0.005037746419726635,1.1294267836419767,0.8693309754101037,60
S1,1,18548,18555,2025-06-19 12:00:00+00:00,104382.99999999999,102503.90157855237,stop,-1.0664781095937337,-0.006592383407446355,1.7586063668035452,2.151058907858586,60
S1,1,18593,18627,2025-06-27 00:00:00+00:00,106521.0,109725.8223295802,target,1.8557469396462958,0.01144957332059934,1.4151663978349853,2.0,60
S4,1,18638,18669,2025-07-04 12:00:00+00:00,107741.648,109802.0,target,0.6498981002918356,0.0023791125964538313,3.171406679963399,0.7254100318782449,60
S1,1,18694,18695,2025-07-13 20:00:00+00:00,118839.0,121325.26024123584,target,1.9517120524612426,0.012244080239342297,1.2759618707110345,2.0,60
S1,1,18711,18722,2025-07-16 16:00:00+00:00,118839.00000000001,117465.62584176136,stop,-1.121610191855492,-0.007139428112788643,0.9457346273397084,1.999999999999968,60
S4,1,18732,18734,2025-07-20 04:00:00+00:00,117927.284,118553.0,target,0.43478957401352863,0.0008442511276372597,1.2174778120665368,0.48522098995099594,60
S1,1,18736,18736,2025-07-20 20:00:00+00:00,117447.0,116613.91797987468,stop,-1.1209197877942207,-0.007075013010658818,0.7748620750049463,2.2254159834367555,60
S4,1,18746,18747,2025-07-22 12:00:00+00:00,118024.1355,119682.0,target,0.8843915075227693,0.0055407673593922055,1.3056669727613126,0.9172885490728441,60
S1,1,18750,18761,2025-07-23 04:00:00+00:00,118445.67819899433,116004.87928179541,stop,-1.0676434044544159,-0.006733218527807945,1.804732973712945,1.999999999999982,60
S4,1,18755,18761,2025-07-24 00:00:00+00:00,118120.22549999999,115846.80014426072,stop,-1.0575058078987019,-0.006675749927309658,1.7798819518300968,0.9623912233841906,60
S1,1,18780,18795,2025-07-28 04:00:00+00:00,118823.23444077486,116406.22381896108,stop,-1.0781992319021543,-0.006691358547250887,2.601885981947534,2.0,60
S4,1,18783,18805,2025-07-28 16:00:00+00:00,117015.414,114275.60363803706,stop,-1.0670254470330767,-0.0066076056970013975,2.9408998513521025,1.0301293409623193,60
S4,1,18848,18853,2025-08-08 12:00:00+00:00,116177.805,117675.0,target,0.6606795627225625,0.002346194386550003,2.1223814658078344,0.6988392989732479,60
S1,1,18867,18878,2025-08-11 16:00:00+00:00,118904.0,121298.49984576443,target,1.8999666254470617,0.011635214006628123,1.0028035177141073,2.0,60
S1,1,18885,18905,2025-08-14 16:00:00+00:00,117929.0,116739.50645986928,stop,-1.1845249380831409,-0.007357284007072381,0.8107486260414741,2.0,60
S1,1,18938,18945,2025-08-23 12:00:00+00:00,115005.0,113914.15849007363,stop,-1.1270916829709543,-0.006938363878792217,0.9049382033710616,2.0,60
S4,1,18937,18945,2025-08-23 08:00:00+00:00,114369.4915,111332.12429157863,stop,-1.0386117132560873,-0.006393682168207646,2.4912316513156676,1.0083521719646982,60
S4,1,18987,18991,2025-08-31 16:00:00+00:00,108383.637,109503.0,target,0.8531492668005664,0.005166670718422888,1.3180214831287056,0.9071608256115107,60
S1,1,19007,19010,2025-09-04 00:00:00+00:00,111272.0,110079.45096848228,stop,-1.093443237502831,-0.006664261614052105,1.072047949426607,2.0,60
S1,1,19047,19055,2025-09-10 16:00:00+00:00,113402.0,116187.79064411676,target,1.9300729160430472,0.011666840324122877,1.418575929061089,2.0,60
S4,1,19075,19075,2025-09-15 08:00:00+00:00,115665.8495,114980.27058669119,stop,-1.1452024543895007,-0.007022688268063874,0.8742140374013918,0.8161504794570354,60
S1,1,19082,19083,2025-09-16 12:00:00+00:00,114949.0,116385.33877719732,target,1.9193696241099472,0.011668995255289425,0.9095186175008194,2.0,60
S1,1,19096,19099,2025-09-18 20:00:00+00:00,117323.0,116539.47487750287,stop,-1.151280136552705,-0.0071000772504656645,0.8261453707989871,2.0,60
S4,1,19096,19115,2025-09-18 20:00:00+00:00,116246.48349999999,114503.67847750288,stop,-1.1099230084403506,-0.006845023076305787,1.8530965959132433,0.974680497508127,60
S1,1,19147,19156,2025-09-27 08:00:00+00:00,109389.00000000001,111571.0,target,2.09068200054932,0.012674816004991677,1.0957442373376007,2.1901992544554347,60
S1,-1,19283,19292,2025-10-20 00:00:00+00:00,109711.0,111753.32701830025,stop,-1.0166303237940704,-0.003129995384686621,1.3966706778897386,2.0,60
S4,-1,19298,19300,2025-10-22 12:00:00+00:00,109086.174,107460.0,target,0.514958097638337,0.0004949315664713504,1.729919606813474,0.5236898967185835,60
S1,-1,19302,19321,2025-10-23 04:00:00+00:00,109971.0,112471.99860044301,stop,-0.9913855392332155,-0.0030413763038376566,1.4508499447344179,2.0,60
S1,1,19340,19341,2025-10-29 12:00:00+00:00,112066.0,110796.70949881956,stop,-1.0794778740114266,-0.00660102315944635,1.0440055040948768,2.0,60
S4,1,19365,19367,2025-11-02 16:00:00+00:00,109468.77299999999,108290.22358596555,stop,-1.0825590927945672,-0.0065662698755379195,1.1153604605243226,0.8642719123601359,60
S1,-1,19371,19377,2025-11-03 16:00:00+00:00,106101.0,102447.92577798085,target,1.9972394838707606,0.00600795609553549,1.3297079161874057,2.0,60
S2b,-1,19375,19405,2025-11-04 08:00:00+00:00,104438.5551,102225.2215,time,0.7166765125812162,0.002170325176357556,2.155995619006398,2.9868013497881423,30
S4,-1,19382,19431,2025-11-05 12:00:00+00:00,105374.3145,98898.0,target,1.0656854948564016,0.0032386961665601477,3.5743556348174637,1.0471882219841402,60
S1,-1,19432,19436,2025-11-13 20:00:00+00:00,98898.00000000001,94938.26558459373,target,1.9927589319823444,0.006079795326913591,1.1525648319700772,2.000000000000022,60
S1,-1,19463,19467,2025-11-19 00:00:00+00:00,92929.00000000001,88996.2361255018,target,1.993031161970367,0.0061260654660764535,1.2864264613624026,2.000000000000022,60
S4,-1,19506,19509,2025-11-26 04:00:00+00:00,87741.807,89600.96339086774,stop,-1.0325709572069282,-0.003197578681007291,1.276110089547792,0.9003402494606703,60
S1,-1,19540,19541,2025-12-01 20:00:00+00:00,86076.0,87266.00382154541,stop,-1.051563581889091,-0.003243784224953818,0.8978017966244075,2.0,60
S4,-1,19544,19545,2025-12-02 12:00:00+00:00,90725.9085,91423.7914159409,stop,-1.0927188893820199,-0.00337073702126392,0.47651167861600613,0.740348209476548,60
S4,-1,19579,19580,2025-12-08 08:00:00+00:00,92151.758,90903.0,target,0.5196304529149297,0.0005001113103952594,1.8935298893578225,0.5313375478109136,60
S1,-1,19568,19586,2025-12-06 12:00:00+00:00,90216.0,92310.83243589161,stop,-0.9940327196130805,-0.0030416609096962635,1.77970652915123,2.0,60
S1,-1,19617,19623,2025-12-14 16:00:00+00:00,89269.0,86045.50145732972,target,1.997437256299769,0.006092961635848998,1.6820390258751114,2.0,60
S1,-1,19634,19635,2025-12-17 12:00:00+00:00,89269.0,85905.89257868638,target,1.984314608359768,0.006098271271278574,1.2776694084489375,2.0,60
S4,-1,19639,19641,2025-12-18 08:00:00+00:00,87944.2685,85274.0,target,0.9835289964049505,0.003045110641221041,2.185024473642193,0.9927899930276803,60
S1,-1,19642,19643,2025-12-18 20:00:00+00:00,85140.0,86517.6903737755,stop,-1.0440633746968784,-0.003244453862711091,0.9156119319291894,2.0,60
S4,-1,19657,19658,2025-12-21 08:00:00+00:00,88615.96100000001,87791.0,target,0.800347593650449,0.002477363197152124,1.0107585272383297,0.8268594566830362,60
S1,-1,19661,19664,2025-12-22 00:00:00+00:00,89279.0,90288.69298177562,stop,-1.0541187232148617,-0.0032628759691904884,0.9866732483185987,3.143909252326846,60
S4,-1,19666,19668,2025-12-22 20:00:00+00:00,88339.0095,87576.0,target,0.7805291753012034,0.0024137188921796665,0.8858506149064125,0.8036745041821423,60
S1,-1,19685,19685,2025-12-26 00:00:00+00:00,87576.0,88521.90613192049,stop,-1.0706362175201898,-0.0033218597762632402,0.9486520314714622,2.0,60
S1,-1,19708,19712,2025-12-29 20:00:00+00:00,87377.0,88520.9987761302,stop,-1.0428714871970464,-0.0032300520733045475,1.3461380474893092,2.0,60
S4,-1,19682,19731,2025-12-25 12:00:00+00:00,88665.7625,90805.79094356275,stop,-0.9352475607645564,-0.002900637445518677,2.430308345783836,0.9877114491093153,60
S1,-1,19790,19795,2026-01-12 12:00:00+00:00,91067.0,92267.98462484601,stop,-1.038678103456016,-0.0031846055542670264,1.3980213223303535,2.0,60
S4,-1,19827,19828,2026-01-18 16:00:00+00:00,95243.53799999999,94839.0,target,0.7130592619635214,0.0021777368432242235,0.8057998061562046,0.7672398105309428,60
S2b,-1,19837,19840,2026-01-20 08:00:00+00:00,91068.8922,87932.0,target,1.9541988566771533,0.006018879084807465,1.9305227403267733,1.9827297482510395,30
S1,-1,19844,19845,2026-01-21 12:00:00+00:00,90016.0,88490.1775814415,target,1.9650330402911622,0.006037933931511362,0.6901041935451774,2.0,60
S1,-1,19872,19885,2026-01-26 04:00:00+00:00,87956.59400892069,89675.90914239339,stop,-1.0055679400754673,-0.0031247572154609786,1.9365208246987469,2.0,60
S4,-1,19874,19892,2026-01-26 12:00:00+00:00,88712.09899999999,86000.0,target,1.0435750346352934,0.0032441764003437873,2.856006921642277,1.0316496249511105,60
S1,-1,19892,19893,2026-01-29 12:00:00+00:00,87970.548811632,84405.57189393221,target,1.985389316821767,0.006155614834061449,1.4871352888014968,2.0,60
S4,-1,19962,19964,2026-02-10 04:00:00+00:00,69758.238,68265.0,target,0.5171399496804167,0.0005084133904354158,1.6657183548803909,0.5231925460244145,60
S1,-1,19959,19968,2026-02-09 16:00:00+00:00,70664.0,66724.96499508774,target,2.00356661313861,0.006273139956066393,1.0768580476110086,2.0,60
S4,-1,19975,19977,2026-02-12 08:00:00+00:00,67967.257,65719.0,target,0.9351176368591146,0.0029516214812277163,1.5515600094182587,0.9428317869948561,60
S1,-1,19975,19982,2026-02-12 08:00:00+00:00,67313.0,69256.76111110058,stop,-1.0145816487866341,-0.0032024430627536553,1.2602297175068176,2.0,60
S4,-1,20000,20001,2026-02-16 12:00:00+00:00,69575.84349999999,67500.0,target,1.2628769527759667,0.0039891334695700865,1.3961155944556904,0.9412867154292448,60
S4,-1,20011,20012,2026-02-18 08:00:00+00:00,68336.836,67268.0,target,0.5208144994913383,0.0005210041777397582,1.887140696970802,0.5309333454561715,60
S1,-1,19996,20013,2026-02-15 20:00:00+00:00,68918.0,66259.90695178942,target,2.0256583708629754,0.006391917818587747,1.1925491191585404,2.0,60
S1,-1,20023,20024,2026-02-20 08:00:00+00:00,68037.0,66485.0,target,2.3508054768860935,0.007513610552537503,0.6671404137424456,2.3817464659221455,60
S4,-1,20019,20039,2026-02-19 16:00:00+00:00,67210.346,65840.0,target,0.9579618320490594,0.0030619903272210746,1.4132735950638897,0.9301046262496624,60
S1,-1,20040,20045,2026-02-23 04:00:00+00:00,65620.0,63666.7247527311,target,1.9935039928863922,0.0064510146539592675,1.042449196523797,2.0,60
S1,-1,20052,20054,2026-02-25 04:00:00+00:00,65620.0,66655.92731205373,stop,-1.0419945297625655,-0.003397872670864502,0.9352895635844884,2.0,60
S4,-1,20051,20055,2026-02-25 00:00:00+00:00,66593.095,68934.98409681971,stop,-1.0194464207144758,-0.003323608629958527,2.0903247324870247,1.0000422751460378,60
S4,-1,20065,20066,2026-02-27 08:00:00+00:00,67858.314,66123.0,target,0.694140263077269,0.0007111077727887391,1.9981047503213896,0.5452795475252175,60
S1,-1,20073,20073,2026-02-28 16:00:00+00:00,65620.0,66678.24606204279,stop,-1.0473682770971835,-0.00339103319422133,0.8193893109297717,2.0,60
S1,-1,20080,20084,2026-03-01 20:00:00+00:00,66431.0,67727.80879616988,stop,-1.0288510848441,-0.003317997374611093,0.9860023146437722,2.0146713772629714,60
S1,-1,20119,20126,2026-03-08 08:00:00+00:00,67513.0,68961.31826346478,stop,-1.0193602813856848,-0.0032747065902016146,1.3803328251384013,2.5537267385428124,60
S4,-1,20126,20166,2026-03-09 12:00:00+00:00,70543.427,74333.5455031513,stop,-0.980149040865175,-0.003150309573858645,3.2515320424566005,1.0506891435396166,60
S1,-1,20208,20209,2026-03-23 04:00:00+00:00,68799.0,70095.93462797147,stop,-1.0379078489138243,-0.0033092837083728197,1.319314575731363,2.0,60
S1,-1,20218,20234,2026-03-24 20:00:00+00:00,70121.0,66186.79674217844,target,2.016214942930644,0.006403514465422137,1.673388004226908,2.0,60
S1,-1,20267,20268,2026-04-02 00:00:00+00:00,68643.0,66570.0,target,2.1814996804678155,0.006980844830486296,0.8814822915138804,2.1542583030808813,60
S4,-1,20274,20291,2026-04-03 04:00:00+00:00,67587.374,69516.72564326195,stop,-1.0146637889227685,-0.0032735074910390702,2.0099358678363486,0.983860458255439,60
S1,-1,20312,20314,2026-04-09 12:00:00+00:00,71698.0,73127.56055909724,stop,-1.0333358439059188,-0.0033210623873011756,1.3983982412379783,2.96871769990147,60
S1,-1,20328,20337,2026-04-12 04:00:00+00:00,71703.6233893735,73232.97394084548,stop,-1.0148310523778417,-0.0032489507126758073,1.7494161210430104,3.3426608676403835,60
S4,-1,20336,20338,2026-04-13 12:00:00+00:00,72276.527,74028.96412647022,stop,-1.028470242434444,-0.0032988848092040993,2.1042223506212547,1.0031472319010037,60
S1,-1,20400,20416,2026-04-24 04:00:00+00:00,77835.0,78956.07115262195,stop,-0.9971147007987498,-0.0031677488160918197,1.1334843738159714,2.1470093505219756,60
S4,-1,20405,20416,2026-04-25 00:00:00+00:00,77891.85650000001,78933.24357828363,stop,-1.0307199766104045,-0.0032786232480656033,1.1689930026262534,0.87456339848637,60
S1,1,20432,20433,2026-04-29 12:00:00+00:00,76264.0,75466.61657250332,stop,-1.0862257781719489,-0.0034245888411670654,0.9534608740331596,3.6210048159552475,60
S5,-1,20459,20459,2026-05-04 00:00:00+00:00,78555.1437,79504.20973611275,stop,-1.0881544002830523,-0.0022969714312415846,1.3346715531074602,1.2312173342104613,30
S1,1,20483,20500,2026-05-08 00:00:00+00:00,79168.61766690151,82339.07136127375,target,1.9338760960352774,0.006055518024806879,1.7190581425060394,2.0,60
S5,-1,20526,20528,2026-05-15 04:00:00+00:00,81043.8948,80194.07165027541,target,1.1596122782461684,0.0024670673508021953,0.7926486466449782,1.2237392819086805,30
S4,1,20527,20532,2026-05-15 08:00:00+00:00,80276.88149999999,78477.12385327641,stop,-1.0473757056745396,-0.0033057556014824143,2.118196470721961,0.9878394228330549,60
S4,1,20567,20571,2026-05-22 00:00:00+00:00,77045.227545,75901.36089482075,stop,-1.0637569951146226,-0.0033517371667553704,1.625946014405198,0.9480642795196962,60
S1,1,20571,20571,2026-05-22 16:00:00+00:00,76438.0,75819.02631874468,stop,-1.1056079855729697,-0.0034834638293565266,0.8155209257568881,8.186250424604976,60
S1,1,20591,20594,2026-05-26 00:00:00+00:00,76438.0,77692.87878952752,target,1.9264266228050813,0.006020500322611292,0.8904555326858713,2.0,60
S4,1,20624,20629,2026-05-31 12:00:00+00:00,73254.85161,72203.41048222214,stop,-1.068630249403884,-0.0033682112012641645,1.7195133038486212,0.9271497673713407,60
S1,1,20616,20630,2026-05-30 04:00:00+00:00,73371.0,72181.7246743794,stop,-1.095600057412871,-0.0034487226349685027,1.4801138999737422,2.2367798440665956,60
S3,1,20628,20630,2026-06-01 04:00:00+00:00,73660.44,72135.7839633023,stop,-1.0453520917052508,-0.0028297788326004797,2.3267743114021857,0.6266665295523692,60
S1,-1,20676,20679,2026-06-09 04:00:00+00:00,63315.72,60946.292775536,target,1.9895299505914024,0.003095328833926238,1.0009887219628981,2.0,60
S1,-1,20753,20756,2026-06-22 00:00:00+00:00,64352.060000000005,64908.639794224575,stop,-1.0708001965915348,-0.0016721186976392743,0.7605036514061524,3.0209625170784937,60
S4,-1,20742,20761,2026-06-20 04:00:00+00:00,64408.672305,62178.0,target,1.0201488048280956,0.0015930774903713339,2.8110879564380125,1.0135095699336958,60
S1,-1,20767,20768,2026-06-24 08:00:00+00:00,63133.21,61473.7735322594,target,1.9773766557848287,0.003087603758462925,1.1010581510330886,2.0,60
S1,-1,20791,20794,2026-06-28 08:00:00+00:00,60424.16,59131.323631049745,target,1.981490518036826,0.003105498766912032,0.7576602683316953,2.0,60
S1,-1,20810,20812,2026-07-01 12:00:00+00:00,59870.07,61065.720219680545,stop,-1.0333001355441662,-0.001625460390742075,1.28375240938201,2.0,60
S1,-1,20855,20856,2026-07-09 00:00:00+00:00,62389.98,63114.446048118196,stop,-1.061410933768943,-0.0016664459304013667,0.873194492889656,3.667306818028854,60
S4,-1,20856,20863,2026-07-09 04:00:00+00:00,62915.98211,64403.361168297146,stop,-1.0174694502996653,-0.0015993780577319935,1.7285207288268405,0.9691498131565455,60
S4,-1,20873,20874,2026-07-12 00:00:00+00:00,64071.89210999999,63613.38,target,0.5966562700625492,0.0005331787969452778,1.201166091554211,0.6226422583077883,60
S1,-1,20960,20962,2026-07-26 12:00:00+00:00,64590.0,65050.03965790253,stop,-1.0930746470064308,-0.0017105582807304153,1.0752999835802513,2.0,60
S1,-1,20976,20977,2026-07-29 04:00:00+00:00,64115.36000000001,64585.67162198866,stop,-1.0972881268832582,-0.0017136326489423622,0.7377597091349057,2.000000000000047,60
S4,-1,20976,20990,2026-07-29 04:00:00+00:00,64270.084315,62683.93,target,1.030570653462744,0.0016094401056100298,2.480472169064727,1.0170562812461619,60
S1,-1,20991,21004,2026-07-31 16:00:00+00:00,62683.93,63702.04635577236,stop,-1.0065534824866527,-0.0015717358969476963,1.4567309639060146,2.0,60
S4,-1,21000,21007,2026-08-02 04:00:00+00:00,63504.082440000006,62369.0,target,0.576384853991124,0.00028928425090118503,3.7520116701243413,0.5763691337065916,60
S4,-1,21031,21031,2026-08-07 08:00:00+00:00,64571.524280000005,65132.16428370767,stop,-1.087965826594871,-0.0016962453661355634,1.0408386755966978,0.8617589507240108,60
S4,-1,21056,21057,2026-08-11 12:00:00+00:00,64378.27194,63546.58,target,0.7145845322782554,0.0003553440803537557,2.5698558791995905,0.5640030194945631,60
S1,-1,21059,21061,2026-08-12 00:00:00+00:00,63737.02,64134.50876293281,stop,-1.1064802287673927,-0.0017223356620686182,0.9277253097218073,2.0,60
S4,-1,21066,21069,2026-08-13 04:00:00+00:00,63735.34269,63173.91,target,0.6647707786642445,0.000597902625734254,1.909449471419282,0.6801388942290557,60
S4,-1,21087,21088,2026-08-16 16:00:00+00:00,63223.372619999995,62782.77,target,0.5115786316475595,0.00025086036092741057,3.047025659835558,0.534516060707845,60
S1,-1,21087,21090,2026-08-16 16:00:00+00:00,63173.91,63561.018763391745,stop,-1.1001577228763588,-0.0017118733621797522,1.4074515965522665,2.0,60
S2b,-1,21063,21092,2026-08-12 16:00:00+00:00,63361.96317,64023.891748999995,stop,-0.9623230600027413,-0.00150942003131133,1.4399538104324923,2.9613329022703754,30
S1,-1,21123,21134,2026-08-22 16:00:00+00:00,77340.25679507446,79685.11782157805,stop,-1.0072100098440944,-0.0015600735834609236,1.8228071547604394,5.576398599824689,60
S4,-1,21128,21134,2026-08-23 12:00:00+00:00,77729.86365,79117.83150928373,stop,-1.0287535519213475,-0.0015937836992484529,1.1477357434649471,0.8727565353272573,60
S5,-1,21146,21151,2026-08-26 12:00:00+00:00,78459.25329000001,79227.79656225495,stop,-1.0829897376595412,-0.002246671417268812,0.6551301372524571,1.2267885834213896,30
S4,1,21141,21155,2026-08-25 16:00:00+00:00,78824.18904,81255.06,target,0.9412709888040556,0.0029047481031815574,1.949070254838585,0.9772081415178236,60
S1,1,21141,21159,2026-08-25 16:00:00+00:00,79324.45710153182,77023.84654298777,stop,-1.059833152201324,-0.0032706291547954934,1.7965494739705605,2.0,60
S4,1,21181,21183,2026-09-01 08:00:00+00:00,78071.14593500001,76814.45619562894,stop,-1.0587384956664947,-0.0032667717329496553,1.5332364030691572,0.9437125404826663,60
S1,1,21173,21187,2026-08-31 00:00:00+00:00,77557.11,76313.7247175072,stop,-1.0969369382983494,-0.003374384110295751,1.5179093282923257,2.2097702722201737,60
S1,1,21196,21200,2026-09-03 20:00:00+00:00,81454.98,80012.0504270459,stop,-1.0588664120458,-0.003230901655782503,1.3554988661062972,2.0,60
S1,1,21212,21222,2026-09-06 12:00:00+00:00,79426.28,78460.59802523046,stop,-1.1112961000586088,-0.0033777387868626453,1.403452721325613,2.0,60
S1,1,21230,21236,2026-09-09 12:00:00+00:00,78404.86,77424.19176874246,stop,-1.0919502262851006,-0.0033051928248008984,1.2609623129117358,2.0,60
S4,1,21200,21260,2026-09-04 12:00:00+00:00,79076.05423,78546.484566,time,-0.2517349838332241,-0.0007675771997877393,2.7534141048470335,1.0342619037652316,60
S5,-1,21243,21267,2026-09-11 16:00:00+00:00,77698.09941299999,74923.80544796283,target,1.2613452461559167,0.002538706837422462,2.319620414813868,1.2421717351399633,30
S1,1,21277,21284,2026-09-17 08:00:00+00:00,76107.69,78977.8,target,1.9906568878722433,0.006013273614851279,1.6681858545604473,2.0346110292183623,60
S1,1,21340,21342,2026-09-27 20:00:00+00:00,84131.01953311427,82913.76425020205,stop,-1.0654364282622852,-0.003242440741971473,1.764257894381518,2.0310797848660496,60
