market,entry_time,T0,T1,T1_on_level,T2,T2_on_level,T3,T3_on_level,S1
BTCUSD,2017-01-04 12:00:00+00:00,1.9517008720930236,1.9517008720930236,False,1.9517008720930236,False,1.9517008720930236,False,1.9517008720930236
BTCUSD,2017-01-11 12:00:00+00:00,0.00115988268298944,0.00115988268298944,False,0.00115988268298944,False,0.00115988268298944,False,0.00115988268298944
BTCUSD,2017-01-17 08:00:00+00:00,1.5592066250000005,1.5592066250000005,False,1.5592066250000005,False,1.5592066250000005,False,1.5592066250000005
BTCUSD,2017-01-21 04:00:00+00:00,-1.0364,-1.0364,False,-1.0364,False,-1.0364,False,-1.0413114360253337
BTCUSD,2017-01-31 08:00:00+00:00,1.9322587537091986,1.9322587537091986,False,1.9322587537091986,False,1.9322587537091986,False,1.9175535182684402
BTCUSD,2017-01-31 16:00:00+00:00,1.9337916289592758,1.9337916289592758,False,1.9337916289592758,False,1.9337916289592758,False,1.9337916289592758
BTCUSD,2017-02-07 08:00:00+00:00,-1.0625463046757162,-1.0625463046757162,False,-1.0625463046757162,False,-1.0625463046757162,False,-1.0625463046757162
BTCUSD,2017-02-21 00:00:00+00:00,1.9477682228324835,1.9477682228324835,False,1.9477682228324835,False,1.9477682228324835,False,1.9380510893525174
BTCUSD,2017-02-21 12:00:00+00:00,1.9551033671134361,1.9551033671134361,False,1.9551033671134361,False,1.9551033671134361,False,1.9551033671134361
BTCUSD,2017-02-24 00:00:00+00:00,-1.0539615059546676,-1.0539615059546676,False,-1.0539615059546676,False,-1.0539615059546676,False,-1.0539615059546676
BTCUSD,2017-03-16 20:00:00+00:00,1.9576873703477735,1.9576873703477735,False,1.9576873703477735,False,1.9576873703477735,False,1.9576873703477735
BTCUSD,2017-03-18 00:00:00+00:00,1.9791077559462253,1.9791077559462253,False,1.9791077559462253,False,1.9791077559462253,False,1.9791077559462253
BTCUSD,2017-03-18 16:00:00+00:00,-1.010779933809441,-1.010779933809441,False,-1.010779933809441,False,-1.010779933809441,False,-1.010779933809441
BTCUSD,2017-03-31 16:00:00+00:00,1.1806130567994342,1.1806130567994342,False,1.1806130567994342,False,1.1806130567994342,False,1.9662860355562966
BTCUSD,2017-04-03 04:00:00+00:00,1.6447676836158156,1.6447676836158156,False,1.6447676836158156,False,1.6447676836158156,False,1.6447676836158156
BTCUSD,2017-04-26 16:00:00+00:00,-1.0598731613400076,-1.0598731613400076,False,-1.0598731613400076,False,-1.0598731613400076,False,-1.0598731613400076
BTCUSD,2017-04-27 16:00:00+00:00,-1.0586868596881958,-1.0586868596881958,False,-1.0586868596881958,False,-1.0586868596881958,False,-1.0586868596881958
BTCUSD,2017-05-01 16:00:00+00:00,1.9605184301124627,1.9605184301124627,False,1.9605184301124627,False,1.9605184301124627,False,1.9605184301124627
BTCUSD,2017-05-22 08:00:00+00:00,-1.034928774769746,-1.034928774769746,False,-1.034928774769746,False,-1.034928774769746,False,-1.034928774769746
BTCUSD,2017-05-22 16:00:00+00:00,-1.0277510932231047,-1.0277510932231047,False,-1.0277510932231047,False,-1.0277510932231047,False,-1.0277510932231047
BTCUSD,2017-05-25 04:00:00+00:00,-1.0206275862068965,-1.0206275862068965,False,-1.0206275862068965,False,-1.0206275862068965,False,-1.0206275862068965
BTCUSD,2017-06-12 12:00:00+00:00,1.9860330376940132,1.1507668422025128,True,0.589038654841093,True,0.589038654841093,True,1.980577852954463
BTCUSD,2017-06-12 20:00:00+00:00,-1.014621781997444,-1.014621781997444,False,-1.014621781997444,True,-1.014621781997444,True,-1.014621781997444
BTCUSD,2017-06-24 20:00:00+00:00,-0.10147928636226289,-0.10147928636226289,False,-0.10147928636226289,True,-0.10147928636226289,True,-0.10147928636226289
BTCUSD,2017-07-10 16:00:00+00:00,1.9734193211488251,1.9734193211488251,False,1.9734193211488251,False,1.9734193211488251,False,1.9734193211488251
BTCUSD,2017-07-15 04:00:00+00:00,1.9812303560076285,1.9812303560076285,False,1.9812303560076285,False,1.9812303560076285,False,1.9812303560076285
BTCUSD,2017-07-16 00:00:00+00:00,-1.0213585988938636,-1.0213585988938636,False,-1.0213585988938636,False,-1.0213585988938636,False,-1.0213585988938636
BTCUSD,2017-07-20 12:00:00+00:00,1.9799779816513763,1.9799779816513763,False,2.6479001274209963,True,2.6479001274209963,True,1.9765005724650797
BTCUSD,2017-07-20 16:00:00+00:00,-1.0179811646467634,-1.0179811646467634,False,1.5268699615725663,True,1.5268699615725663,True,-1.0179811646467634
BTCUSD,2017-07-21 00:00:00+00:00,-1.0140446883342513,-1.0140446883342513,False,-1.0140446883342513,False,-1.0140446883342513,False,-1.0114063456464166
BTCUSD,2017-08-05 04:00:00+00:00,1.156012347633371,1.156012347633371,False,1.156012347633371,False,1.156012347633371,False,1.156012347633371
BTCUSD,2017-09-04 08:00:00+00:00,1.9688676181102363,1.9688676181102363,False,-1.0329323818897638,True,-1.0329323818897638,True,-1.0225279828457225
BTCUSD,2017-09-13 04:00:00+00:00,1.9803581223628692,1.9803581223628692,False,0.008271923347397538,True,0.008271923347397538,True,1.9762684821311178
BTCUSD,2017-09-14 12:00:00+00:00,1.9857029685992926,1.9857029685992926,False,-1.0160970314007072,True,-1.0160970314007072,True,1.9857029685992926
BTCUSD,2017-09-25 16:00:00+00:00,1.9724873737655526,1.9724873737655526,False,1.9724873737655526,False,1.9724873737655526,False,1.9671909132748981
BTCUSD,2017-09-27 12:00:00+00:00,1.9656799999999999,1.9656799999999999,False,1.9656799999999999,False,1.9656799999999999,False,1.9456692127089499
BTCUSD,2017-10-08 16:00:00+00:00,1.9540587937647922,1.9540587937647922,False,1.9540587937647922,False,1.9540587937647922,False,1.9706498460635014
BTCUSD,2017-10-12 08:00:00+00:00,1.9667329250758825,1.9667329250758825,False,1.9667329250758825,False,1.9667329250758825,False,1.9667329250758825
BTCUSD,2017-10-18 08:00:00+00:00,-1.0259389221556887,-1.0259389221556887,True,-1.0259389221556887,True,-1.0259389221556887,True,-1.0396382993485769
BTCUSD,2017-10-20 16:00:00+00:00,-1.0211382092090875,-1.0211382092090875,False,-1.0211382092090875,False,-1.0211382092090875,False,-1.0233501300176178
BTCUSD,2017-11-29 04:00:00+00:00,1.9677746542734074,1.9677746542734074,False,1.9677746542734074,False,1.9677746542734074,False,1.9677746542734074
BTCUSD,2017-12-07 16:00:00+00:00,-1.0113343093716147,-1.0113343093716147,False,-1.0113343093716147,False,-1.0113343093716147,False,-1.0113343093716147
BTCUSD,2017-12-08 00:00:00+00:00,-1.0118578565219294,-1.0118578565219294,False,-1.0118578565219294,False,-1.0118578565219294,False,-1.0118578565219294
BTCUSD,2018-01-05 12:00:00+00:00,-1.0166856940090014,-1.0166856940090014,False,-1.0166856940090014,False,-1.0166856940090014,False,-1.0136848522988737
BTCUSD,2018-01-11 04:00:00+00:00,0.48447210069627866,0.48447210069627866,False,0.48447210069627866,True,0.48447210069627866,False,0.5662636018514062
BTCUSD,2018-01-30 16:00:00+00:00,1.9842976384431827,1.9842976384431827,False,1.9842976384431827,False,1.9842976384431827,False,1.9842976384431827
BTCUSD,2018-03-06 12:00:00+00:00,1.96660406268137,3.480698102013025,True,1.96660406268137,False,1.96660406268137,False,1.9576304979777104
BTCUSD,2018-04-21 00:00:00+00:00,1.9712222717611074,1.9712222717611074,False,-0.18648486702265546,True,1.9712222717611074,False,1.9712222717611074
BTCUSD,2018-04-24 04:00:00+00:00,1.9572171239071452,1.9572171239071452,False,-1.040982876092855,True,1.9572171239071452,False,-1.0296570314179898
BTCUSD,2018-05-16 04:00:00+00:00,-1.029363291548014,-1.029363291548014,False,-1.029363291548014,True,-1.029363291548014,True,-1.0361554901875651
BTCUSD,2018-05-23 00:00:00+00:00,1.9578519952945435,1.9578519952945435,False,1.9578519952945435,False,1.9578519952945435,False,1.9578519952945435
BTCUSD,2018-06-10 04:00:00+00:00,1.9601299633561964,1.9601299633561964,False,1.9601299633561964,False,1.9601299633561964,False,1.9449853053827237
BTCUSD,2018-06-12 20:00:00+00:00,0.19594669040799217,0.19594669040799217,False,0.19594669040799217,False,0.19594669040799217,False,0.19594669040799217
BTCUSD,2018-06-22 08:00:00+00:00,1.9541688808664257,1.9541688808664257,False,1.9541688808664257,False,1.9541688808664257,False,1.9370149993603143
BTCUSD,2018-06-24 08:00:00+00:00,-1.0346294554216866,-1.0346294554216866,False,-1.0346294554216866,False,-1.0346294554216866,False,-1.0346294554216866
BTCUSD,2018-06-29 00:00:00+00:00,-1.0282663116790913,-1.0282663116790913,False,-1.0282663116790913,False,-1.0282663116790913,False,-1.0259795261782847
BTCUSD,2018-07-02 16:00:00+00:00,-0.2809302869073276,-0.2809302869073276,False,-0.2809302869073276,False,-0.2809302869073276,False,-0.2809302869073276
BTCUSD,2018-07-10 12:00:00+00:00,-0.06992058508194171,-0.06992058508194171,False,-0.06992058508194171,False,-0.06992058508194171,False,-0.06992058508194171
BTCUSD,2018-07-12 08:00:00+00:00,-1.045792565961855,-1.045792565961855,False,-1.045792565961855,False,-1.045792565961855,False,-1.045792565961855
BTCUSD,2018-07-16 12:00:00+00:00,1.971182416056113,1.971182416056113,False,1.971182416056113,False,1.971182416056113,False,1.9403057059316862
BTCUSD,2018-07-17 20:00:00+00:00,0.16497803140913833,0.16497803140913833,False,0.16497803140913833,False,0.16497803140913833,False,0.16497803140913833
BTCUSD,2018-07-24 08:00:00+00:00,0.5414670465124966,0.5414670465124966,False,0.5414670465124966,False,0.5414670465124966,False,0.5414670465124966
BTCUSD,2018-07-24 12:00:00+00:00,-1.034039560285674,-1.034039560285674,False,-1.034039560285674,False,-1.034039560285674,False,-1.034039560285674
BTCUSD,2018-08-03 04:00:00+00:00,-1.0435503906249999,-1.0435503906249999,False,-1.0435503906249999,True,-1.0435503906249999,True,1.967647694267403
BTCUSD,2018-08-04 16:00:00+00:00,1.1381792211989021,1.1381792211989021,False,1.5174200863282812,True,1.5174200863282812,True,1.1381792211989021
BTCUSD,2018-08-08 00:00:00+00:00,1.9731444401907214,1.9731444401907214,False,1.4006715553544724,True,1.4006715553544724,True,1.9756504599187086
BTCUSD,2018-08-21 00:00:00+00:00,-1.0361308394419486,-1.0361308394419486,False,-1.0361308394419486,False,-1.0361308394419486,False,-1.0361308394419486
BTCUSD,2018-08-28 00:00:00+00:00,1.2589872771317872,1.2589872771317872,False,1.2589872771317872,False,1.2589872771317872,False,1.2407373222785467
BTCUSD,2018-09-05 12:00:00+00:00,1.9800561228348839,1.9800561228348839,False,1.81481572246174,True,1.81481572246174,True,1.9472590986460845
BTCUSD,2018-09-06 00:00:00+00:00,1.0377634170532704,1.0377634170532704,False,1.2905785890257555,True,1.2905785890257555,True,1.0377634170532704
BTCUSD,2018-09-08 20:00:00+00:00,-1.030356889495225,-1.030356889495225,False,-1.030356889495225,False,-1.030356889495225,False,-1.0288789015005508
BTCUSD,2018-09-17 16:00:00+00:00,-1.0356785784336617,-1.0356785784336617,False,-1.0356785784336617,False,-1.0356785784336617,False,-1.0356785784336617
BTCUSD,2018-11-04 16:00:00+00:00,-1.0815489035554604,-1.0815489035554604,False,0.9874462976996321,True,0.9874462976996321,True,-1.2402615455774648
BTCUSD,2018-11-14 16:00:00+00:00,1.9573889712529378,1.9573889712529378,False,1.9573889712529378,False,1.9573889712529378,False,1.9573889712529378
BTCUSD,2018-11-14 20:00:00+00:00,1.4005033726243181,1.4005033726243181,False,1.4005033726243181,False,1.4005033726243181,False,1.4005033726243181
BTCUSD,2018-11-20 00:00:00+00:00,1.9823192978956816,1.9823192978956816,False,1.9823192978956816,False,1.9823192978956816,False,1.9823192978956816
BTCUSD,2018-11-20 08:00:00+00:00,1.9805779418968312,1.9805779418968312,False,1.9805779418968312,False,1.9805779418968312,False,1.9805779418968312
BTCUSD,2018-12-07 00:00:00+00:00,0.4483198899724904,0.4483198899724904,False,0.4483198899724904,False,0.4483198899724904,False,0.308923942524867
BTCUSD,2018-12-17 16:00:00+00:00,1.9730086945516674,1.9730086945516674,False,4.098038043409474,True,3.095159779788644,True,1.9720698650347575
BTCUSD,2018-12-19 00:00:00+00:00,1.9735324758842445,1.9735324758842445,False,2.163473564538358,True,2.8909307188791966,True,1.9703802117612712
BTCUSD,2018-12-24 04:00:00+00:00,-1.0215293836767176,-1.0215293836767176,False,-1.0215293836767176,True,-1.0215293836767176,True,-1.0215293836767176
BTCUSD,2018-12-25 04:00:00+00:00,-0.07720076915802415,-0.07720076915802415,True,-0.07720076915802415,False,-0.07720076915802415,False,-1.0203974290000482
BTCUSD,2019-01-06 20:00:00+00:00,-1.0203072180903658,-1.0203072180903658,False,-1.0203072180903658,False,-1.0203072180903658,False,-1.0203072180903658
BTCUSD,2019-01-10 08:00:00+00:00,0.6481491065292109,0.6481491065292109,False,0.6481491065292109,False,0.6481491065292109,False,0.6481491065292109
BTCUSD,2019-01-13 20:00:00+00:00,-1.0382410137010836,-1.0382410137010836,False,-1.0382410137010836,False,-1.0382410137010836,False,-1.030204823084298
BTCUSD,2019-02-08 16:00:00+00:00,1.933426136363636,1.933426136363636,False,1.7932945661422177,True,1.933426136363636,False,1.933426136363636
BTCUSD,2019-02-18 16:00:00+00:00,1.959263551401869,1.959263551401869,False,1.959263551401869,False,1.959263551401869,False,1.959263551401869
BTCUSD,2019-02-23 20:00:00+00:00,-1.027397311154153,-1.027397311154153,False,-1.027397311154153,False,-1.027397311154153,False,-1.027397311154153
BTCUSD,2019-02-24 16:00:00+00:00,-0.15419570086095388,-0.15419570086095388,False,-0.15419570086095388,True,-0.15419570086095388,False,-0.15419570086095388
BTCUSD,2019-03-05 16:00:00+00:00,0.5410255663107486,0.5410255663107486,False,0.5410255663107486,False,0.5410255663107486,False,1.7919213940925873
BTCUSD,2019-03-16 04:00:00+00:00,1.5149853779904359,1.5149853779904359,False,1.5149853779904359,False,1.5149853779904359,False,0.9979629409582645
BTCUSD,2019-03-29 12:00:00+00:00,1.9381965984717775,1.9381965984717775,False,1.9381965984717775,False,1.9381965984717775,False,1.9369194324765366
BTCUSD,2019-05-03 08:00:00+00:00,1.947037509655492,1.947037509655492,False,1.947037509655492,False,1.947037509655492,False,1.947037509655492
BTCUSD,2019-05-11 04:00:00+00:00,1.9612841592666859,1.9612841592666859,False,1.9612841592666859,False,1.9612841592666859,False,1.9612841592666859
BTCUSD,2019-05-12 08:00:00+00:00,-1.0240079450711133,-1.0240079450711133,False,-1.0240079450711133,False,-1.0240079450711133,False,-1.0240079450711133
BTCUSD,2019-05-13 16:00:00+00:00,-1.0153813551537008,-1.0153813551537008,False,-1.0153813551537008,False,-1.0153813551537008,False,-1.0153813551537008
BTCUSD,2019-05-26 20:00:00+00:00,-0.08067276930952992,-0.08067276930952992,False,-0.08067276930952992,False,-0.08067276930952992,False,-0.08067276930952992
BTCUSD,2019-06-04 00:00:00+00:00,0.4252723816764868,0.4252723816764868,False,0.4252723816764868,True,0.4252723816764868,True,0.4252723816764868
BTCUSD,2019-06-04 20:00:00+00:00,-1.0268390870677513,-1.0268390870677513,False,-1.0268390870677513,True,-1.0268390870677513,True,-1.0268390870677513
BTCUSD,2019-06-15 00:00:00+00:00,1.9612363191244238,1.9612363191244238,False,1.9612363191244238,False,1.9612363191244238,False,1.9612363191244238
BTCUSD,2019-06-16 08:00:00+00:00,-1.032391694645697,-1.032391694645697,False,-1.032391694645697,False,-1.032391694645697,False,-1.032391694645697
BTCUSD,2019-06-22 00:00:00+00:00,1.966196124710948,1.966196124710948,False,1.966196124710948,False,1.966196124710948,False,1.966196124710948
BTCUSD,2019-06-26 04:00:00+00:00,1.9738744504235346,1.9738744504235346,False,1.9738744504235346,False,1.9738744504235346,False,1.9738744504235346
BTCUSD,2019-06-26 20:00:00+00:00,-1.014958041093195,-1.014958041093195,False,-1.014958041093195,False,-1.014958041093195,False,-1.014958041093195
BTCUSD,2019-07-16 20:00:00+00:00,-1.0146628486453158,-1.0146628486453158,False,-1.0146628486453158,True,-1.0146628486453158,False,-1.0146628486453158
BTCUSD,2019-07-27 12:00:00+00:00,-1.019552443993547,-1.019552443993547,False,-1.019552443993547,True,-1.019552443993547,False,-1.019552443993547
BTCUSD,2019-07-31 16:00:00+00:00,1.9573745005149334,1.9573745005149334,False,1.9573745005149334,False,1.9573745005149334,False,1.9573745005149334
BTCUSD,2019-08-01 20:00:00+00:00,1.954931874378286,1.954931874378286,False,1.954931874378286,False,1.954931874378286,False,1.9469133081084558
BTCUSD,2019-08-04 16:00:00+00:00,1.9571333459931637,1.9571333459931637,False,1.9571333459931637,False,1.9571333459931637,False,1.9571333459931637
BTCUSD,2019-08-05 04:00:00+00:00,0.3478508354597088,0.3478508354597088,False,0.3478508354597088,False,0.3478508354597088,False,0.3478508354597088
BTCUSD,2019-08-06 08:00:00+00:00,-1.0247740261091174,-1.0247740261091174,False,-1.0247740261091174,False,-1.0247740261091174,False,-1.0247740261091174
BTCUSD,2019-08-10 12:00:00+00:00,1.9759601896788057,1.9759601896788057,False,1.4078241581150628,True,1.9759601896788057,False,1.9664395982784224
BTCUSD,2019-08-13 16:00:00+00:00,1.9657256311417557,1.9657256311417557,False,3.827529377273478,True,3.827529377273478,True,1.9756001189689483
BTCUSD,2019-08-14 20:00:00+00:00,-1.0261583303513166,-1.0261583303513166,False,1.344514067400594,True,1.344514067400594,True,-1.0261583303513166
BTCUSD,2019-08-28 20:00:00+00:00,-1.0199286748672536,-1.0199286748672536,False,-1.0199286748672536,False,-1.0199286748672536,False,-1.0252369536931834
BTCUSD,2019-09-02 20:00:00+00:00,1.9557924795103592,1.9557924795103592,False,1.9300947272151634,True,1.9300947272151634,True,1.9557924795103592
BTCUSD,2019-09-03 16:00:00+00:00,-1.043204790174002,-1.043204790174002,False,-1.043204790174002,False,-1.043204790174002,False,-1.0340190172170765
BTCUSD,2019-09-16 16:00:00+00:00,-1.0698988684421078,-1.0698988684421078,False,-1.0698988684421078,True,-1.0698988684421078,False,-1.0698988684421078
BTCUSD,2019-09-24 20:00:00+00:00,0.28000443070582115,0.28000443070582115,False,0.28000443070582115,False,0.28000443070582115,False,0.28000443070582115
BTCUSD,2019-09-26 16:00:00+00:00,-1.018959900311045,-1.018959900311045,False,-1.018959900311045,False,-1.018959900311045,False,-1.018959900311045
BTCUSD,2019-10-09 16:00:00+00:00,-1.024308869034648,-1.024308869034648,False,-1.024308869034648,True,-1.024308869034648,True,-1.0450642817454656
BTCUSD,2019-10-20 20:00:00+00:00,-1.0432696597311568,-1.0432696597311568,False,-1.0432696597311568,True,-1.0432696597311568,True,-1.0490008077084576
BTCUSD,2019-10-23 16:00:00+00:00,-1.0169899424283113,-1.0169899424283113,False,-1.0169899424283113,False,-1.0169899424283113,False,-1.0169899424283113
BTCUSD,2019-11-21 12:00:00+00:00,1.9604527655154504,1.9604527655154504,False,1.9604527655154504,False,1.9604527655154504,False,1.9604527655154504
BTCUSD,2019-11-22 12:00:00+00:00,-0.37743712304467,-0.37743712304467,False,-0.37743712304467,False,-0.37743712304467,False,-0.37743712304467
BTCUSD,2019-11-29 16:00:00+00:00,-1.0232430339849012,-1.0232430339849012,False,-1.0232430339849012,True,-1.0232430339849012,True,-1.029262082963257
BTCUSD,2019-12-14 16:00:00+00:00,-1.0627386095000366,-1.0627386095000366,False,-1.0627386095000366,False,-1.0627386095000366,False,-1.070594300971223
BTCUSD,2019-12-17 16:00:00+00:00,-1.033476218538981,-1.033476218538981,False,-1.033476218538981,False,-1.033476218538981,False,-1.033476218538981
BTCUSD,2019-12-22 20:00:00+00:00,-1.0370594175251178,-1.0370594175251178,False,-1.0370594175251178,True,-1.0370594175251178,True,-1.0370594175251178
BTCUSD,2020-01-06 04:00:00+00:00,1.9540977189690925,1.9540977189690925,False,1.9540977189690925,False,1.9540977189690925,False,1.9100041980799642
BTCUSD,2020-01-07 00:00:00+00:00,1.9601860072076551,1.9601860072076551,False,1.9601860072076551,False,1.9601860072076551,False,1.9601860072076551
BTCUSD,2020-01-07 20:00:00+00:00,-1.0250214484016817,-1.0250214484016817,False,-1.0250214484016817,False,-1.0250214484016817,False,-1.0250214484016817
BTCUSD,2020-01-14 04:00:00+00:00,1.970533678410419,1.970533678410419,False,1.970533678410419,False,1.970533678410419,False,1.9697702778948647
BTCUSD,2020-01-19 04:00:00+00:00,-1.04116338028169,-1.04116338028169,False,-1.04116338028169,False,-1.04116338028169,False,-1.040533847265719
BTCUSD,2020-01-28 04:00:00+00:00,-1.05544550639741,-1.05544550639741,False,-1.05544550639741,False,-1.05544550639741,False,-1.0519377990750822
BTCUSD,2020-01-29 00:00:00+00:00,-0.07243743198562824,-0.07243743198562824,False,-0.07243743198562824,False,-0.07243743198562824,False,-0.07243743198562824
BTCUSD,2020-02-11 16:00:00+00:00,-1.028301804287837,-1.028301804287837,False,-1.028301804287837,False,-1.028301804287837,False,1.8880662689761978
BTCUSD,2020-02-25 16:00:00+00:00,1.9629028349989803,1.9629028349989803,False,3.1078548099802794,True,3.1078548099802794,True,1.974915845715369
BTCUSD,2020-03-05 12:00:00+00:00,-1.0506703797468357,-1.0506703797468357,False,-1.0506703797468357,True,-1.0506703797468357,True,-1.046754170448229
BTCUSD,2020-03-08 16:00:00+00:00,1.9726691030464176,1.9726691030464176,False,1.9726691030464176,False,1.9726691030464176,False,1.9528254714048079
BTCUSD,2020-03-09 00:00:00+00:00,1.9663438713175494,1.9663438713175494,False,1.9663438713175494,False,1.9663438713175494,False,1.9663438713175494
BTCUSD,2020-03-12 12:00:00+00:00,0.42617987512665334,0.42617987512665334,False,0.42617987512665334,False,0.42617987512665334,False,0.42617987512665334
BTCUSD,2020-03-13 00:00:00+00:00,-0.4762827499979295,-0.4762827499979295,False,-0.4762827499979295,False,-0.4762827499979295,False,-0.4762827499979295
BTCUSD,2020-04-02 00:00:00+00:00,1.4013036461011128,1.4013036461011128,False,1.4013036461011128,True,1.4013036461011128,True,1.9721604681987857
BTCUSD,2020-04-10 08:00:00+00:00,-1.0352807748385755,-1.0352807748385755,False,-1.0352807748385755,False,-1.0352807748385755,False,0.4912892852306746
BTCUSD,2020-04-20 12:00:00+00:00,-1.0361746253405995,-1.0361746253405995,False,-1.0361746253405995,False,-1.0361746253405995,False,-1.031879382543629
BTCUSD,2020-04-20 20:00:00+00:00,-1.0253525188187609,-1.0253525188187609,False,-1.0253525188187609,False,-1.0253525188187609,False,-1.0253525188187609
BTCUSD,2020-04-29 12:00:00+00:00,1.9522389148024748,1.9522389148024748,False,1.9522389148024748,False,1.9522389148024748,False,1.9522389148024748
BTCUSD,2020-04-29 16:00:00+00:00,1.956779190171744,1.956779190171744,False,1.956779190171744,False,1.956779190171744,False,1.956779190171744
BTCUSD,2020-04-30 04:00:00+00:00,-1.0189006662586344,-1.0189006662586344,False,-1.0189006662586344,False,-1.0189006662586344,False,-1.0189006662586344
BTCUSD,2020-05-06 12:00:00+00:00,1.9635807815744761,1.9635807815744761,False,1.9635807815744761,False,1.9635807815744761,False,1.9676758973185815
BTCUSD,2020-05-07 20:00:00+00:00,-1.0322721988018637,-1.0322721988018637,False,-1.0322721988018637,False,-1.0322721988018637,False,-1.0322721988018637
BTCUSD,2020-05-25 00:00:00+00:00,-1.0284590116743964,-1.0284590116743964,False,-1.0284590116743964,True,-1.0284590116743964,False,-1.0284590116743964
BTCUSD,2020-05-28 16:00:00+00:00,1.9543347104217008,1.9543347104217008,False,1.9543347104217008,False,1.9543347104217008,False,1.9682090367526772
BTCUSD,2020-06-11 16:00:00+00:00,1.9606254426509282,1.9606254426509282,False,-0.04736950152883397,True,1.9606254426509282,False,-0.0404558367358809
BTCUSD,2020-07-23 00:00:00+00:00,1.931695479331574,1.931695479331574,False,1.931695479331574,False,1.931695479331574,False,1.931695479331574
BTCUSD,2020-07-27 04:00:00+00:00,1.9622621290724218,1.9622621290724218,False,1.9622621290724218,False,1.9622621290724218,False,1.9622621290724218
BTCUSD,2020-07-27 20:00:00+00:00,1.9723162135109187,1.9723162135109187,False,1.9723162135109187,False,1.9723162135109187,False,1.9723162135109187
BTCUSD,2020-08-10 04:00:00+00:00,-1.0406832451902461,-1.0406832451902461,False,-1.0406832451902461,False,-1.0406832451902461,False,-1.049903302631466
BTCUSD,2020-08-17 16:00:00+00:00,-1.0228680607167602,-1.0228680607167602,False,-1.0228680607167602,False,-1.0228680607167602,False,-1.0228680607167602
BTCUSD,2020-09-01 08:00:00+00:00,-1.0587940224159402,-1.0587940224159402,False,-1.0587940224159402,False,-1.0587940224159402,False,-1.0679274118070574
BTCUSD,2020-09-04 00:00:00+00:00,0.18080496524329615,0.18080496524329615,False,0.18080496524329615,True,0.18080496524329615,True,0.18080496524329615
BTCUSD,2020-09-14 16:00:00+00:00,1.3014084248651658,1.3014084248651658,False,1.2686341167670598,True,1.3014084248651658,True,1.9268108573289726
BTCUSD,2020-09-19 12:00:00+00:00,-1.0517292488262913,-1.0517292488262913,False,-1.0517292488262913,True,-1.0517292488262913,True,-1.0664433059910081
BTCUSD,2020-09-21 12:00:00+00:00,-0.39027558139534596,-0.39027558139534596,False,-0.39027558139534596,True,-0.39027558139534596,True,-0.35225648834026513
BTCUSD,2020-10-08 16:00:00+00:00,1.9569332223893492,1.9569332223893492,False,1.523903600345634,True,1.523903600345634,True,1.9569332223893492
BTCUSD,2020-10-09 12:00:00+00:00,1.9274714708254912,1.9274714708254912,False,1.4023766603925671,True,1.4023766603925671,True,1.9258698564372798
BTCUSD,2020-10-10 04:00:00+00:00,-0.07081554441862518,-0.07081554441862518,False,-0.07081554441862518,True,-0.07081554441862518,True,-0.07081554441862518
BTCUSD,2020-10-12 16:00:00+00:00,-1.042969424991364,-1.042969424991364,False,-1.042969424991364,False,-1.042969424991364,False,-1.073422206647816
BTCUSD,2020-10-19 16:00:00+00:00,1.956396637448769,1.956396637448769,False,1.956396637448769,False,1.956396637448769,False,1.956396637448769
BTCUSD,2020-10-21 04:00:00+00:00,1.9503891552322694,1.9503891552322694,False,1.9503891552322694,False,1.9503891552322694,False,1.9503891552322694
BTCUSD,2020-10-21 16:00:00+00:00,0.506494061938482,0.506494061938482,False,0.506494061938482,False,0.506494061938482,False,0.506494061938482
BTCUSD,2020-10-27 12:00:00+00:00,-1.0440903461644973,-1.0440903461644973,False,-1.0440903461644973,False,-1.0440903461644973,False,-1.0395206834409911
BTCUSD,2020-11-24 12:00:00+00:00,-1.0327695187009882,-1.0327695187009882,False,-1.0327695187009882,False,-1.0327695187009882,False,-1.0379360126588755
BTCUSD,2020-12-09 00:00:00+00:00,-1.0420846171273221,-1.0420846171273221,False,-1.0420846171273221,True,-1.0420846171273221,True,-1.040039706451242
BTCUSD,2020-12-16 16:00:00+00:00,1.9737982741086084,1.9737982741086084,False,1.9737982741086084,False,1.9737982741086084,False,1.9737982741086084
BTCUSD,2020-12-17 08:00:00+00:00,1.9619874570165383,1.9619874570165383,False,1.9619874570165383,False,1.9619874570165383,False,1.9619874570165383
BTCUSD,2020-12-25 12:00:00+00:00,1.968183823208553,1.968183823208553,False,1.968183823208553,False,1.968183823208553,False,1.975429307332182
BTCUSD,2020-12-27 08:00:00+00:00,-1.0309764849362577,-1.0309764849362577,False,-1.0309764849362577,False,-1.0309764849362577,False,-1.0309764849362577
BTCUSD,2021-01-02 16:00:00+00:00,-1.0188635342185903,-1.0188635342185903,False,-1.0188635342185903,False,-1.0188635342185903,False,-1.0188635342185903
BTCUSD,2021-01-02 20:00:00+00:00,-1.0293631283398244,-1.0293631283398244,False,-1.0293631283398244,False,-1.0293631283398244,False,-1.0293631283398244
BTCUSD,2021-01-03 08:00:00+00:00,-1.019938459706469,-1.019938459706469,False,-1.019938459706469,False,-1.019938459706469,False,-1.019938459706469
BTCUSD,2021-01-21 12:00:00+00:00,-1.0160899193014419,-1.0160899193014419,False,-1.0160899193014419,True,-1.0160899193014419,False,0.11199554624170513
BTCUSD,2021-01-29 12:00:00+00:00,-0.046609127455932195,-0.046609127455932195,False,-0.046609127455932195,False,-0.046609127455932195,False,-0.046609127455932195
BTCUSD,2021-02-08 16:00:00+00:00,0.6388477627168365,0.6388477627168365,False,0.6388477627168365,False,0.6388477627168365,False,0.6388477627168365
BTCUSD,2021-02-09 00:00:00+00:00,0.2353498109396785,0.2353498109396785,False,0.2353498109396785,False,0.2353498109396785,False,0.2353498109396785
BTCUSD,2021-03-13 12:00:00+00:00,-1.0257252362079143,-1.0257252362079143,False,-1.0257252362079143,False,-1.0257252362079143,False,-1.020321039103033
BTCUSD,2021-03-25 00:00:00+00:00,-1.0265053620830615,-1.0265053620830615,False,-1.0265053620830615,True,-1.0265053620830615,False,-1.0224626935996495
BTCUSD,2021-03-29 12:00:00+00:00,0.43342592505207994,0.43342592505207994,False,0.43342592505207994,False,0.43342592505207994,False,0.2545885610287327
BTCUSD,2021-04-04 00:00:00+00:00,-1.045528258558925,-1.045528258558925,False,-1.045528258558925,True,-1.045528258558925,False,-1.033549639063371
BTCUSD,2021-04-13 12:00:00+00:00,-1.0384492942094679,-1.0384492942094679,False,-1.0384492942094679,False,-1.0384492942094679,False,-1.0267817298567026
BTCUSD,2021-04-30 16:00:00+00:00,-1.0223828717945287,-1.0223828717945287,False,-1.0223828717945287,False,-1.0223828717945287,False,-1.0259165648611328
BTCUSD,2021-05-04 16:00:00+00:00,-1.026417374586819,-1.026417374586819,True,-1.026417374586819,True,-1.026417374586819,False,-1.0209339051918578
BTCUSD,2021-05-13 00:00:00+00:00,0.8425464711939505,0.8425464711939505,False,0.8425464711939505,False,0.8425464711939505,False,1.0901289474301037
BTCUSD,2021-05-17 04:00:00+00:00,1.9874370877248317,1.9874370877248317,False,1.9874370877248317,False,1.9874370877248317,False,1.9874370877248317
BTCUSD,2021-06-08 00:00:00+00:00,-1.0190667702760319,-1.0190667702760319,False,-1.0190667702760319,False,-1.0190667702760319,False,-1.0173981580644669
BTCUSD,2021-06-20 12:00:00+00:00,-1.023400222012917,-1.023400222012917,False,-1.023400222012917,False,-1.023400222012917,False,-1.0254558556456401
BTCUSD,2021-07-14 04:00:00+00:00,-1.0392364488345969,-1.0392364488345969,False,-1.0392364488345969,False,-1.0392364488345969,False,-1.0316826357632305
BTCUSD,2021-07-20 04:00:00+00:00,-1.0246445028269628,-1.0246445028269628,False,-1.0246445028269628,False,-1.0246445028269628,False,-1.0246445028269628
BTCUSD,2021-07-24 00:00:00+00:00,1.9711634822203836,1.9711634822203836,False,1.9711634822203836,False,1.9711634822203836,False,1.9660075375933275
BTCUSD,2021-07-26 00:00:00+00:00,1.9605544867528821,1.9605544867528821,False,1.9605544867528821,False,1.9605544867528821,False,1.9605544867528821
BTCUSD,2021-07-31 00:00:00+00:00,-1.0196921320244063,-1.0196921320244063,False,-1.0196921320244063,False,-1.0196921320244063,False,-1.0196921320244063
BTCUSD,2021-08-06 16:00:00+00:00,1.972293560077185,1.972293560077185,False,1.972293560077185,False,1.972293560077185,False,1.9707485443566473
BTCUSD,2021-08-09 12:00:00+00:00,0.3901246363336692,0.3901246363336692,False,0.3901246363336692,False,0.3901246363336692,False,0.3901246363336692
BTCUSD,2021-08-14 00:00:00+00:00,-1.0398348652664042,-1.0398348652664042,False,-1.0398348652664042,False,-1.0398348652664042,False,-1.0312632230533687
BTCUSD,2021-08-20 16:00:00+00:00,-0.06500140217245604,-0.06500140217245604,False,-0.06500140217245604,False,-0.06500140217245604,False,-1.0362080417305302
BTCUSD,2021-08-31 00:00:00+00:00,-1.0325396034386032,-1.0325396034386032,False,-1.0325396034386032,True,-1.0325396034386032,True,-1.0321229555617515
BTCUSD,2021-09-20 04:00:00+00:00,1.9711533292258947,1.9711533292258947,False,1.9711533292258947,False,1.9711533292258947,False,1.9758269789943221
BTCUSD,2021-10-01 12:00:00+00:00,1.978456881977387,1.978456881977387,False,1.978456881977387,False,1.978456881977387,False,1.9753537622941844
BTCUSD,2021-10-04 20:00:00+00:00,1.9636605728098966,1.9636605728098966,False,1.9636605728098966,False,1.9636605728098966,False,1.9651811304727798
BTCUSD,2021-10-05 20:00:00+00:00,1.9597791267589544,1.9597791267589544,False,1.9597791267589544,False,1.9597791267589544,False,1.9597791267589544
BTCUSD,2021-10-06 16:00:00+00:00,-1.0172413327997232,-1.0172413327997232,False,-1.0172413327997232,False,-1.0172413327997232,False,-1.0172413327997232
BTCUSD,2021-10-15 04:00:00+00:00,1.7435748124750217,1.7435748124750217,False,1.7435748124750217,False,1.7435748124750217,False,1.7435748124750217
BTCUSD,2021-10-20 16:00:00+00:00,-1.0251874326173696,-1.0251874326173696,False,-1.0251874326173696,False,-1.0251874326173696,False,-1.0251874326173696
BTCUSD,2021-10-22 16:00:00+00:00,0.45558973285416093,0.45558973285416093,False,0.45558973285416093,True,0.45558973285416093,True,-1.02687990210995
BTCUSD,2021-11-08 04:00:00+00:00,-1.0398586543729262,-1.0398586543729262,False,-1.0398586543729262,False,-1.0398586543729262,False,1.9413868763777107
BTCUSD,2021-11-09 00:00:00+00:00,-1.0407879140349354,-1.0407879140349354,False,-1.0407879140349354,False,-1.0407879140349354,False,-1.0407879140349354
BTCUSD,2021-11-16 04:00:00+00:00,0.6647262905834279,0.6647262905834279,False,0.6647262905834279,True,0.6647262905834279,True,1.972414119304417
BTCUSD,2021-11-22 20:00:00+00:00,-1.0304358328045051,-1.0304358328045051,False,-1.0304358328045051,True,-1.0304358328045051,True,-1.0304358328045051
BTCUSD,2021-11-26 12:00:00+00:00,-1.0206276126796212,-1.0206276126796212,False,-1.0206276126796212,True,-1.0206276126796212,True,-1.0207610056606489
BTCUSD,2021-12-03 20:00:00+00:00,1.97128961710168,1.97128961710168,False,1.97128961710168,False,1.97128961710168,False,1.9798944895201172
BTCUSD,2021-12-23 20:00:00+00:00,-1.0241118229891903,-1.0241118229891903,False,-1.0241118229891903,True,-1.0241118229891903,True,-1.0241118229891903
BTCUSD,2021-12-28 20:00:00+00:00,0.2454549743686353,0.2454549743686353,False,0.2454549743686353,False,0.2454549743686353,False,0.13878341864784785
BTCUSD,2021-12-31 20:00:00+00:00,0.919743196756049,0.919743196756049,False,0.919743196756049,False,0.919743196756049,False,0.9119995779905689
BTCUSD,2022-01-05 20:00:00+00:00,1.9744033046450955,1.9744033046450955,False,1.9744033046450955,False,1.9744033046450955,False,1.9742282374196032
BTCUSD,2022-01-20 16:00:00+00:00,-1.0370814072828483,-1.0370814072828483,False,-1.0370814072828483,False,-1.0370814072828483,False,-1.0360347243324304
BTCUSD,2022-01-21 00:00:00+00:00,1.98041431566031,1.98041431566031,False,1.98041431566031,False,1.98041431566031,False,1.9626729516619323
BTCUSD,2022-01-21 04:00:00+00:00,1.9840539078506543,1.9840539078506543,False,1.9840539078506543,False,1.9840539078506543,False,1.9840539078506543
BTCUSD,2022-02-04 16:00:00+00:00,1.9770227906720326,1.9770227906720326,False,2.1180637166122045,True,1.9770227906720326,False,1.9706687675162433
BTCUSD,2022-02-21 12:00:00+00:00,-1.0255831407778284,-1.0255831407778284,False,-1.0255831407778284,False,-1.0255831407778284,False,-1.0255831407778284
BTCUSD,2022-02-24 04:00:00+00:00,-1.0175381671685655,-1.0175381671685655,False,-1.0175381671685655,False,-1.0175381671685655,False,-1.0175381671685655
BTCUSD,2022-02-28 16:00:00+00:00,-0.4925850944158371,-0.4925850944158371,False,1.026406154765258,True,-0.4925850944158371,False,-0.5178345457205262
BTCUSD,2022-03-07 20:00:00+00:00,-1.0206678205156925,-1.0206678205156925,False,-1.0206678205156925,False,-1.0206678205156925,False,-1.0223187214007805
BTCUSD,2022-03-09 04:00:00+00:00,-1.0181602406902817,-1.0181602406902817,False,-1.0181602406902817,False,-1.0181602406902817,False,-1.0181602406902817
BTCUSD,2022-03-14 00:00:00+00:00,-1.0417926588491957,-1.0417926588491957,False,-1.0417926588491957,False,-1.0417926588491957,False,-1.024750965364878
BTCUSD,2022-03-24 16:00:00+00:00,1.9604682429784455,1.9604682429784455,False,1.9604682429784455,False,1.9604682429784455,False,1.9604682429784455
BTCUSD,2022-03-28 00:00:00+00:00,-1.0256761422743141,-1.0256761422743141,False,-1.0256761422743141,False,-1.0256761422743141,False,-1.0256761422743141
BTCUSD,2022-04-11 12:00:00+00:00,0.7339488830263207,0.7339488830263207,False,0.7339488830263207,True,0.7339488830263207,True,0.698102239150972
BTCUSD,2022-04-22 16:00:00+00:00,-1.0393228287292817,-1.0393228287292817,False,-1.0393228287292817,False,-1.0393228287292817,False,-1.0395073004270097
BTCUSD,2022-05-04 20:00:00+00:00,-1.0382004480592217,-1.0382004480592217,False,-1.0382004480592217,True,-1.0382004480592217,True,-1.0424686285572249
BTCUSD,2022-05-05 16:00:00+00:00,1.9845881230769231,1.9845881230769231,False,1.9845881230769231,False,1.9845881230769231,False,1.9589253250610075
BTCUSD,2022-05-08 04:00:00+00:00,1.9611517212662324,1.9611517212662324,False,1.9611517212662324,False,1.9611517212662324,False,1.9611517212662324
BTCUSD,2022-05-30 04:00:00+00:00,-1.0333855723018057,-1.0333855723018057,False,-1.0333855723018057,True,-1.0333855723018057,True,-1.0333855723018057
BTCUSD,2022-06-06 04:00:00+00:00,-1.0266062342185458,-1.0266062342185458,False,-1.0266062342185458,True,-1.0266062342185458,True,-1.0266062342185458
BTCUSD,2022-06-12 04:00:00+00:00,1.9680603808415436,1.9680603808415436,False,1.9680603808415436,False,1.9680603808415436,False,1.9680603808415436
BTCUSD,2022-06-30 08:00:00+00:00,-1.0361344488339104,-1.0361344488339104,False,-1.0361344488339104,False,-1.0361344488339104,False,-1.0319206478976166
BTCUSD,2022-07-07 20:00:00+00:00,-1.0247706786419417,-1.0247706786419417,False,-1.0247706786419417,True,-1.0247706786419417,True,-1.0247706786419417
BTCUSD,2022-07-18 08:00:00+00:00,-0.04231473869207416,-0.04231473869207416,False,-0.04231473869207416,True,-0.04231473869207416,False,-0.03832456486262078
BTCUSD,2022-07-19 16:00:00+00:00,-1.02292532651662,-1.02292532651662,False,-1.02292532651662,True,-1.02292532651662,False,-1.02292532651662
BTCUSD,2022-07-25 04:00:00+00:00,-1.0332160775540642,-1.0332160775540642,False,-1.0332160775540642,True,-1.0332160775540642,False,-1.0312920125931462
BTCUSD,2022-08-08 08:00:00+00:00,-1.05337145715742,-1.05337145715742,False,-1.05337145715742,False,-1.05337145715742,False,-1.0502668884353947
BTCUSD,2022-09-06 20:00:00+00:00,-1.0225332038834951,-1.0225332038834951,False,-1.0225332038834951,False,-1.0225332038834951,False,-1.0225332038834951
BTCUSD,2022-09-09 08:00:00+00:00,1.9636697872340425,1.9636697872340425,False,1.218018156028369,True,1.9636697872340425,False,1.9300386533417466
BTCUSD,2022-09-13 16:00:00+00:00,0.5530555783009211,0.5530555783009211,False,0.5530555783009211,False,0.5530555783009211,False,1.1456964981644868
BTCUSD,2022-09-19 04:00:00+00:00,-1.0312563265306123,-1.0312563265306123,False,-1.0312563265306123,False,-1.0312563265306123,False,-1.0312563265306123
BTCUSD,2022-09-27 04:00:00+00:00,-1.0260185430463578,-1.0260185430463578,False,-1.0260185430463578,True,-1.0260185430463578,False,-1.026079481811215
BTCUSD,2022-10-14 04:00:00+00:00,-1.0498866242038216,-1.0498866242038216,True,-1.0498866242038216,True,-1.0498866242038216,False,-1.0317965114282759
BTCUSD,2022-10-23 20:00:00+00:00,-1.070759756097561,-1.070759756097561,False,-1.070759756097561,True,-1.070759756097561,True,-1.070759756097561
BTCUSD,2022-10-25 16:00:00+00:00,1.951364,1.951364,False,1.021922,True,1.021922,True,1.8950768391512656
BTCUSD,2022-10-25 20:00:00+00:00,0.5971967272727272,0.5971967272727272,False,0.5971967272727272,False,0.5971967272727272,False,0.5971967272727272
BTCUSD,2022-11-08 04:00:00+00:00,1.9548850574712644,1.9548850574712644,False,1.814719368605375,True,1.814719368605375,True,1.932927225038275
BTCUSD,2022-11-21 00:00:00+00:00,1.9406409937888198,1.9406409937888198,False,1.9406409937888198,False,1.9406409937888198,False,1.9406409937888198
BTCUSD,2022-11-21 20:00:00+00:00,-1.046003373493976,-1.046003373493976,False,-1.046003373493976,False,-1.046003373493976,False,-1.0410043540246954
BTCUSD,2022-12-07 08:00:00+00:00,-1.071940425531915,-1.071940425531915,False,-1.071940425531915,True,-1.071940425531915,False,-1.0720384745735165
BTCUSD,2022-12-13 12:00:00+00:00,1.9260875000000002,1.9260875000000002,False,1.9260875000000002,False,1.9260875000000002,False,1.9076639745986164
BTCUSD,2022-12-16 12:00:00+00:00,0.3027906313645621,0.3027906313645621,False,1.43789083503055,True,0.3027906313645621,False,1.8621129580018578
BTCUSD,2023-01-04 04:00:00+00:00,1.490888262910798,1.490888262910798,False,1.0686065727699532,True,1.490888262910798,False,-1.1104330731368677
BTCUSD,2023-01-09 00:00:00+00:00,1.8950181818181817,1.8950181818181817,False,1.8950181818181817,False,1.8950181818181817,False,1.8950181818181817
BTCUSD,2023-01-11 20:00:00+00:00,1.905608849557522,1.905608849557522,False,1.905608849557522,False,1.905608849557522,False,1.905608849557522
BTCUSD,2023-01-12 00:00:00+00:00,1.949174193548387,1.949174193548387,False,1.949174193548387,False,1.949174193548387,False,1.949174193548387
BTCUSD,2023-01-12 20:00:00+00:00,1.971645508982036,1.971645508982036,False,1.971645508982036,False,1.971645508982036,False,1.971645508982036
BTCUSD,2023-01-13 16:00:00+00:00,1.9486160520607376,1.9486160520607376,False,1.9486160520607376,False,1.9486160520607376,False,1.9486160520607376
BTCUSD,2023-01-14 00:00:00+00:00,1.9595816393442624,1.9595816393442624,False,1.9595816393442624,False,1.9595816393442624,False,1.9595816393442624
BTCUSD,2023-01-14 04:00:00+00:00,-0.17045437616387335,-0.17045437616387335,False,-0.17045437616387335,False,-0.17045437616387335,False,-0.17045437616387335
BTCUSD,2023-01-21 00:00:00+00:00,0.37892152777777777,0.37892152777777777,False,0.37892152777777777,False,0.37892152777777777,False,0.37892152777777777
BTCUSD,2023-02-09 04:00:00+00:00,1.9468595573440644,1.9468595573440644,False,1.3972342052313882,True,1.3972342052313882,True,1.9468791840820416
BTCUSD,2023-02-09 20:00:00+00:00,-0.3467580919931857,-0.3467580919931857,False,-0.3467580919931857,True,-0.3467580919931857,True,-0.3467580919931857
BTCUSD,2023-02-15 20:00:00+00:00,1.9497744308231175,1.9497744308231175,False,1.9497744308231175,False,1.9497744308231175,False,1.9497744308231175
BTCUSD,2023-02-16 00:00:00+00:00,0.5540378167641326,0.5540378167641326,False,0.5540378167641326,False,0.5540378167641326,False,0.5540378167641326
BTCUSD,2023-02-16 16:00:00+00:00,-1.0388692913385826,-1.0388692913385826,False,-1.0388692913385826,False,-1.0388692913385826,False,-1.0388692913385826
BTCUSD,2023-03-03 04:00:00+00:00,0.2905732517482517,0.2905732517482517,False,0.2905732517482517,True,0.2905732517482517,False,0.2905732517482517
BTCUSD,2023-03-09 20:00:00+00:00,-1.0306837545126353,-1.0306837545126353,False,-1.0306837545126353,False,-1.0306837545126353,False,-1.0306837545126353
BTCUSD,2023-03-13 00:00:00+00:00,1.9751306666666666,1.9751306666666666,False,1.2591160888888888,True,1.8791882666666666,True,1.9556942446711065
BTCUSD,2023-03-13 16:00:00+00:00,1.573858098423316,1.573858098423316,False,1.573858098423316,False,1.573858098423316,False,1.573858098423316
BTCUSD,2023-03-22 20:00:00+00:00,-1.015204824761038,-1.015204824761038,False,-1.015204824761038,True,-1.015204824761038,True,-1.0270833338920402
BTCUSD,2023-04-10 20:00:00+00:00,1.954510745891277,1.954510745891277,False,1.954510745891277,False,1.954510745891277,False,1.954510745891277
BTCUSD,2023-04-11 00:00:00+00:00,1.9347920863309354,1.9347920863309354,False,1.9347920863309354,False,1.9347920863309354,False,1.9347920863309354
BTCUSD,2023-04-21 20:00:00+00:00,-1.0412598757763976,-1.0412598757763976,False,-1.0412598757763976,False,-1.0412598757763976,False,-1.0412598757763976
BTCUSD,2023-04-26 00:00:00+00:00,1.9489215859030837,-1.0492784140969162,True,1.9489215859030837,False,1.9489215859030837,False,1.943385460127879
BTCUSD,2023-04-26 12:00:00+00:00,-1.058125,-1.058125,True,-1.058125,False,-1.058125,False,-1.058125
BTCUSD,2023-04-26 16:00:00+00:00,-1.0415002352941176,-1.0415002352941176,False,-1.0415002352941176,False,-1.0415002352941176,False,-1.0415002352941176
BTCUSD,2023-05-01 04:00:00+00:00,-1.0445446153846154,-1.0445446153846154,True,-1.0445446153846154,False,-1.0445446153846154,False,-1.0434365386631936
BTCUSD,2023-05-23 04:00:00+00:00,-1.0571413005272408,-1.0571413005272408,False,-1.0571413005272408,True,-1.0571413005272408,False,-1.0883689161872494
BTCUSD,2023-05-29 00:00:00+00:00,-1.0617800000000002,-1.0617800000000002,False,-1.0617800000000002,True,-1.0617800000000002,False,-1.0617800000000002
BTCUSD,2023-06-05 16:00:00+00:00,-1.0387403422982886,-1.0387403422982886,False,-1.0387403422982886,False,-1.0387403422982886,False,-1.0387403422982886
BTCUSD,2023-06-10 08:00:00+00:00,-1.045429694323144,-1.045429694323144,False,-1.045429694323144,False,-1.045429694323144,False,-1.045429694323144
BTCUSD,2023-06-20 20:00:00+00:00,1.965295712861416,1.965295712861416,False,1.2100163509471586,True,1.965295712861416,False,1.965295712861416
BTCUSD,2023-06-21 16:00:00+00:00,0.37519092783505154,0.37519092783505154,False,0.37519092783505154,False,0.37519092783505154,False,0.37519092783505154
BTCUSD,2023-06-23 16:00:00+00:00,-1.028194470046083,-1.028194470046083,False,-1.028194470046083,False,-1.028194470046083,False,-1.028194470046083
BTCUSD,2023-07-10 20:00:00+00:00,-1.061598319327731,-1.061598319327731,False,-1.061598319327731,False,-1.061598319327731,False,-1.1137786227915518
BTCUSD,2023-07-13 20:00:00+00:00,-1.041396017699115,-1.041396017699115,False,-1.041396017699115,False,-1.041396017699115,False,-1.041396017699115
BTCUSD,2023-07-14 20:00:00+00:00,0.15836936466492602,0.15836936466492602,False,0.15836936466492602,True,0.15836936466492602,True,0.18434589909723098
BTCUSD,2023-08-01 04:00:00+00:00,-1.0669892514395394,-1.0669892514395394,False,-1.0669892514395394,False,-1.0669892514395394,False,-1.086051957295703
BTCUSD,2023-08-02 00:00:00+00:00,-1.0660100934579437,-1.0660100934579437,False,-1.0660100934579437,True,-1.0660100934579437,False,-1.073993038066189
BTCUSD,2023-08-08 20:00:00+00:00,-1.0947936170212766,-1.0947936170212766,False,-1.0947936170212766,True,-1.0947936170212766,True,-1.0947936170212766
BTCUSD,2023-08-14 16:00:00+00:00,-1.1266043010752687,-1.1266043010752687,True,-1.1266043010752687,True,-1.1266043010752687,True,-1.11544216799947
BTCUSD,2023-08-17 00:00:00+00:00,1.9180347826086959,1.9180347826086959,False,1.9180347826086959,False,1.9180347826086959,False,1.9180347826086959
BTCUSD,2023-08-17 16:00:00+00:00,1.9483943217665614,1.9483943217665614,False,1.9483943217665614,False,1.9483943217665614,False,1.9483943217665614
BTCUSD,2023-08-18 00:00:00+00:00,0.47998515562649635,0.47998515562649635,False,0.47998515562649635,False,0.47998515562649635,False,0.47998515562649635
BTCUSD,2023-08-18 16:00:00+00:00,-1.0610046511627906,-1.0610046511627906,False,-1.0610046511627906,False,-1.0610046511627906,False,-1.0610046511627906
BTCUSD,2023-08-29 16:00:00+00:00,-1.0217110508474576,-1.0217110508474576,False,-1.0217110508474576,True,-1.0217110508474576,True,-1.0217110508474576
BTCUSD,2023-09-11 16:00:00+00:00,-1.0478100313479624,-1.0478100313479624,False,-1.0478100313479624,False,-1.0478100313479624,False,-1.0478100313479624
BTCUSD,2023-09-18 12:00:00+00:00,-1.061942528735632,-1.061942528735632,False,-1.061942528735632,True,-1.061942528735632,False,-1.061942528735632
BTCUSD,2023-09-27 12:00:00+00:00,-1.0578896174863388,-1.0578896174863388,False,-1.0578896174863388,False,-1.0578896174863388,False,-1.1474258499613148
BTCUSD,2023-09-28 16:00:00+00:00,1.942978313253012,1.942978313253012,False,1.942978313253012,False,1.942978313253012,False,1.9462908711589515
BTCUSD,2023-10-02 00:00:00+00:00,-0.11309106203995793,-0.11309106203995793,False,-0.11309106203995793,False,-0.11309106203995793,False,-0.11309106203995793
BTCUSD,2023-10-11 04:00:00+00:00,-1.0717,-1.0717,False,-1.0717,True,-1.0717,True,-1.097971172922566
BTCUSD,2023-10-11 16:00:00+00:00,-1.0652285714285714,-1.0652285714285714,False,-1.0652285714285714,False,-1.0652285714285714,False,-1.0551795596664781
BTCUSD,2023-10-16 08:00:00+00:00,1.9485100751879698,1.9485100751879698,False,1.9485100751879698,False,1.9485100751879698,False,1.9485100751879698
BTCUSD,2023-10-20 04:00:00+00:00,1.9463850746268656,1.9463850746268656,False,1.9463850746268656,False,1.9463850746268656,False,1.9463850746268656
BTCUSD,2023-10-23 04:00:00+00:00,1.9552415584415586,1.9552415584415586,False,1.9552415584415586,False,1.9552415584415586,False,1.9552415584415586
BTCUSD,2023-11-02 00:00:00+00:00,-1.0471306397306397,-1.0471306397306397,False,-1.0471306397306397,False,-1.0471306397306397,False,-1.037889171576485
BTCUSD,2023-11-07 20:00:00+00:00,1.9521956236323852,1.9521956236323852,False,1.9521956236323852,False,1.9521956236323852,False,1.9199003647841912
BTCUSD,2023-11-09 04:00:00+00:00,0.20009436464088398,0.20009436464088398,False,0.20009436464088398,False,0.20009436464088398,False,0.16616983282420683
BTCUSD,2023-11-14 20:00:00+00:00,-1.0371756266205703,-1.0371756266205703,False,-1.0371756266205703,True,-1.0371756266205703,True,-1.0371756266205703
BTCUSD,2023-11-15 20:00:00+00:00,-1.0350120158102767,-1.0350120158102767,False,-1.0350120158102767,False,-1.0350120158102767,False,-1.0350120158102767
BTCUSD,2023-11-22 00:00:00+00:00,-1.0307153684210526,-1.0307153684210526,False,-1.0307153684210526,True,-1.0307153684210526,True,-1.057638858348309
BTCUSD,2023-12-04 04:00:00+00:00,1.9325788617886177,1.9325788617886177,False,1.9325788617886177,False,1.9325788617886177,False,1.9325788617886177
BTCUSD,2023-12-05 20:00:00+00:00,-0.04863482409063804,-0.04863482409063804,False,-0.04863482409063804,False,-0.04863482409063804,False,-0.04863482409063804
BTCUSD,2023-12-20 16:00:00+00:00,-1.0398921898928026,-1.0398921898928026,False,-1.0398921898928026,False,-1.0398921898928026,False,-1.039444600099475
BTCUSD,2024-01-01 20:00:00+00:00,1.9377710280373832,1.9377710280373832,False,1.9377710280373832,False,1.9377710280373832,False,1.9521426642036368
BTCUSD,2024-01-02 04:00:00+00:00,-1.0409044866920152,-1.0409044866920152,False,-1.0409044866920152,False,-1.0409044866920152,False,-1.0409044866920152
BTCUSD,2024-01-08 20:00:00+00:00,-1.0252362637362638,-1.0252362637362638,False,-1.0252362637362638,False,-1.0252362637362638,False,-1.0252362637362638
BTCUSD,2024-01-18 20:00:00+00:00,0.63005605875153,0.63005605875153,False,0.63005605875153,False,0.63005605875153,False,0.63005605875153
BTCUSD,2024-01-23 12:00:00+00:00,-1.046473103448276,-1.046473103448276,False,-1.046473103448276,False,-1.046473103448276,False,-1.046473103448276
BTCUSD,2024-01-26 12:00:00+00:00,1.5068785074626867,1.5068785074626867,False,1.340560447761194,True,1.5068785074626867,False,1.9595133297867717
BTCUSD,2024-02-08 00:00:00+00:00,1.9273766442953022,1.9273766442953022,False,1.9273766442953022,False,1.9273766442953022,False,1.9273766442953022
BTCUSD,2024-02-08 16:00:00+00:00,1.935138389731622,1.935138389731622,False,1.935138389731622,False,1.935138389731622,False,1.935138389731622
BTCUSD,2024-02-09 12:00:00+00:00,1.9409079754601228,1.9409079754601228,False,1.9409079754601228,False,1.9409079754601228,False,1.9409079754601228
BTCUSD,2024-02-12 16:00:00+00:00,0.6740749403341288,0.6740749403341288,False,0.6740749403341288,False,0.6740749403341288,False,0.6740749403341288
BTCUSD,2024-02-14 12:00:00+00:00,0.2717487264673311,0.2717487264673311,False,0.2717487264673311,False,0.2717487264673311,False,0.2717487264673311
BTCUSD,2024-02-26 16:00:00+00:00,1.9664684317718941,1.9664684317718941,False,1.9664684317718941,False,1.9664684317718941,False,1.9285185350245353
BTCUSD,2024-02-26 20:00:00+00:00,1.9616279386712097,1.9616279386712097,False,1.9616279386712097,False,1.9616279386712097,False,1.9616279386712097
BTCUSD,2024-02-28 08:00:00+00:00,1.9469553743513712,1.9469553743513712,False,1.9469553743513712,False,1.9469553743513712,False,1.9469553743513712
BTCUSD,2024-02-28 16:00:00+00:00,-1.0346155844155844,-1.0346155844155844,False,-1.0346155844155844,False,-1.0346155844155844,False,-1.0346155844155844
BTCUSD,2024-03-11 08:00:00+00:00,-1.033087747035573,-1.033087747035573,False,-1.033087747035573,False,-1.033087747035573,False,-1.033087747035573
BTCUSD,2024-03-25 16:00:00+00:00,0.014997408637873756,0.014997408637873756,True,0.014997408637873756,False,0.014997408637873756,False,0.019692886258217687
BTCUSD,2024-04-01 16:00:00+00:00,-0.09370235725510738,-0.09370235725510738,False,-0.09370235725510738,True,-0.09370235725510738,False,-0.0757284253302432
BTCUSD,2024-04-02 04:00:00+00:00,-1.0276878593168752,-1.0276878593168752,False,-1.0276878593168752,True,-1.0276878593168752,False,-1.0276878593168752
BTCUSD,2024-04-08 12:00:00+00:00,-1.0496583333333334,-1.0496583333333334,False,-1.0496583333333334,False,-1.0496583333333334,False,-1.0426295266987167
BTCUSD,2024-04-17 16:00:00+00:00,-1.0278534638554215,-1.0278534638554215,False,-1.0278534638554215,True,-1.0278534638554215,False,-1.0186134355036305
BTCUSD,2024-04-30 12:00:00+00:00,1.9657484057971015,1.9657484057971015,False,1.9657484057971015,False,1.9657484057971015,False,1.9657484057971015
BTCUSD,2024-04-30 20:00:00+00:00,-1.0429579952267303,-1.0429579952267303,False,-1.0429579952267303,False,-1.0429579952267303,False,-1.0429579952267303
BTCUSD,2024-05-01 08:00:00+00:00,-1.0246033449477352,-1.0246033449477352,False,-1.0246033449477352,False,-1.0246033449477352,False,-1.0246033449477352
BTCUSD,2024-05-15 16:00:00+00:00,1.965114137033825,1.965114137033825,False,2.2485519514310495,True,2.2485519514310495,True,1.9633561769320922
BTCUSD,2024-05-15 20:00:00+00:00,-1.0581404444444444,-1.0581404444444444,False,-1.0581404444444444,True,-1.0581404444444444,True,-1.0581404444444444
BTCUSD,2024-05-20 20:00:00+00:00,-1.0311718820861677,-1.0311718820861677,False,-1.0311718820861677,False,-1.0311718820861677,False,-1.0311718820861677
BTCUSD,2024-05-21 00:00:00+00:00,-1.033881898632341,-1.033881898632341,False,-1.033881898632341,False,-1.033881898632341,False,-1.033881898632341
BTCUSD,2024-05-27 16:00:00+00:00,-1.042206697108067,-1.042206697108067,False,-1.042206697108067,False,-1.042206697108067,False,-1.0518787462726034
BTCUSD,2024-06-04 16:00:00+00:00,-1.0515581739666873,-1.0515581739666873,False,-1.0515581739666873,False,-1.0515581739666873,False,-1.0515581739666873
BTCUSD,2024-06-24 00:00:00+00:00,1.922993188854489,1.922993188854489,False,1.922993188854489,False,1.922993188854489,False,1.922993188854489
BTCUSD,2024-06-24 20:00:00+00:00,-1.0418805571677308,-1.0418805571677308,False,-1.0418805571677308,False,-1.0418805571677308,False,-1.0418805571677308
BTCUSD,2024-07-05 04:00:00+00:00,-1.0293219427580225,-1.0293219427580225,False,-1.0293219427580225,False,-1.0293219427580225,False,-1.0293219427580225
BTCUSD,2024-07-15 04:00:00+00:00,1.9618152334152335,1.9618152334152335,False,1.872434004914005,True,1.872434004914005,True,1.9618152334152335
BTCUSD,2024-08-01 16:00:00+00:00,-1.0370694390715667,-1.0370694390715667,False,-1.0370694390715667,True,-1.0370694390715667,False,-1.0370694390715667
BTCUSD,2024-08-04 16:00:00+00:00,1.9662377097729518,1.9662377097729518,False,1.9662377097729518,False,1.9662377097729518,False,1.9662377097729518
BTCUSD,2024-08-05 04:00:00+00:00,-1.0153416457715978,-1.0153416457715978,False,-1.0153416457715978,False,-1.0153416457715978,False,-1.0153416457715978
BTCUSD,2024-08-15 20:00:00+00:00,-1.025151595553962,-1.025151595553962,False,-1.025151595553962,False,-1.025151595553962,False,-1.0336150652180889
BTCUSD,2024-08-21 20:00:00+00:00,0.5192429662921347,0.5192429662921347,False,0.5192429662921347,True,0.5192429662921347,True,0.5059449092849153
BTCUSD,2024-08-23 20:00:00+00:00,-1.0327568558951965,-1.0327568558951965,False,-1.0327568558951965,True,-1.0327568558951965,True,-1.0327568558951965
BTCUSD,2024-09-06 16:00:00+00:00,-1.0224083445491252,-1.0224083445491252,False,-1.0224083445491252,False,-1.0224083445491252,False,-1.0224083445491252
BTCUSD,2024-09-09 20:00:00+00:00,1.9596667047401486,1.1200793832095945,True,1.6217770416904627,True,1.6217770416904627,True,1.955831329159958
BTCUSD,2024-09-13 16:00:00+00:00,-1.0343569546120057,-1.0343569546120057,False,-1.0343569546120057,True,-1.0343569546120057,True,-1.0368244485238585
BTCUSD,2024-09-17 16:00:00+00:00,0.8727895395619133,0.8727895395619133,False,0.9929677246312024,True,0.8727895395619133,True,-1.0752069081244287
BTCUSD,2024-09-19 00:00:00+00:00,0.5581836123348017,0.5581836123348017,False,0.5581836123348017,True,0.5581836123348017,True,0.7617545471641172
BTCUSD,2024-09-30 04:00:00+00:00,1.9317625112107621,1.0853987459377104,True,3.384651659192825,True,2.11572932735426,True,1.9482628984671189
BTCUSD,2024-10-09 20:00:00+00:00,-1.0561608200455581,-1.0561608200455581,False,-1.0561608200455581,False,-1.0561608200455581,False,-1.044498799727588
BTCUSD,2024-10-14 04:00:00+00:00,1.9567607629427792,1.9567607629427792,False,1.9567607629427792,False,1.9567607629427792,False,1.941330646079965
BTCUSD,2024-10-28 20:00:00+00:00,1.9302226600985222,1.9302226600985222,False,1.9302226600985222,False,1.9302226600985222,False,1.951051814366083
BTCUSD,2024-11-06 04:00:00+00:00,1.3328736135780541,1.3328736135780541,False,1.3328736135780541,False,1.3328736135780541,False,1.9594839676750777
BTCUSD,2024-11-11 16:00:00+00:00,1.9605222727272726,1.9605222727272726,False,1.9605222727272726,False,1.9605222727272726,False,1.9605222727272726
BTCUSD,2024-11-11 20:00:00+00:00,1.9540383916990922,1.9540383916990922,False,1.9540383916990922,False,1.9540383916990922,False,1.9540383916990922
BTCUSD,2024-11-13 16:00:00+00:00,-1.0212299725382503,-1.0212299725382503,False,-1.0212299725382503,False,-1.0212299725382503,False,-1.0248799958449077
BTCUSD,2024-12-05 04:00:00+00:00,-1.0242645887794088,-1.0242645887794088,False,-1.0242645887794088,False,-1.0242645887794088,False,-1.0242645887794088
BTCUSD,2024-12-19 00:00:00+00:00,1.9580547217235187,1.285867314329903,True,2.3460791382405746,True,2.0845219389587073,True,1.9597197063915088
BTCUSD,2024-12-19 20:00:00+00:00,-0.40387628507573875,-0.40387628507573875,False,-0.40387628507573875,True,-0.40387628507573875,True,-0.4668093228753149
BTCUSD,2024-12-20 12:00:00+00:00,-1.0223966673201332,-1.0223966673201332,False,-1.0223966673201332,True,-1.0223966673201332,True,-1.0234809256868658
BTCUSD,2024-12-30 16:00:00+00:00,-1.0517212233549582,-1.0517212233549582,False,-1.0517212233549582,True,-1.0517212233549582,False,-1.0517212233549582
BTCUSD,2025-01-06 16:00:00+00:00,-1.0346557791834388,-1.0346557791834388,False,-1.0346557791834388,False,-1.0346557791834388,False,-1.0346557791834388
BTCUSD,2025-01-13 12:00:00+00:00,-1.0392229787234042,-1.0392229787234042,False,-1.0392229787234042,False,-1.0392229787234042,False,-1.0315525438808104
BTCUSD,2025-01-15 16:00:00+00:00,1.9507096356275304,1.9507096356275304,False,1.9507096356275304,False,1.9507096356275304,False,1.956846064592052
BTCUSD,2025-02-20 20:00:00+00:00,-1.0762687052700064,-1.0762687052700064,False,-1.0762687052700064,True,-1.0762687052700064,True,-1.0762687052700064
BTCUSD,2025-02-24 16:00:00+00:00,1.9368936363636364,1.9368936363636364,False,1.9368936363636364,False,1.9368936363636364,False,1.93746034823971
BTCUSD,2025-02-25 00:00:00+00:00,1.9648841269841268,1.9648841269841268,False,1.9648841269841268,False,1.9648841269841268,False,1.9648841269841268
BTCUSD,2025-02-26 20:00:00+00:00,-1.0262025471217524,-1.0262025471217524,False,-1.0262025471217524,False,-1.0262025471217524,False,-1.0262025471217524
BTCUSD,2025-02-28 04:00:00+00:00,-1.022256603773585,-1.022256603773585,False,-1.022256603773585,False,-1.022256603773585,False,-1.022256603773585
BTCUSD,2025-03-02 20:00:00+00:00,-1.0174321979434446,-1.0174321979434446,False,-1.0174321979434446,True,-1.0174321979434446,True,-1.0174321979434446
BTCUSD,2025-03-28 08:00:00+00:00,1.9390720972644377,1.9390720972644377,False,1.9390720972644377,False,1.9390720972644377,False,0.2458304226690811
BTCUSD,2025-03-29 12:00:00+00:00,-1.060643795620438,-1.060643795620438,False,-1.060643795620438,False,-1.060643795620438,False,-1.055546209285101
BTCUSD,2025-04-02 16:00:00+00:00,-1.0448575294631164,-1.0448575294631164,False,-1.0448575294631164,True,-1.0448575294631164,False,-1.0448575294631164
BTCUSD,2025-04-06 20:00:00+00:00,-1.0330219959266802,-1.0330219959266802,False,-1.0330219959266802,False,-1.0330219959266802,False,-1.0330219959266802
BTCUSD,2025-04-07 08:00:00+00:00,-1.0319365344467641,-1.0319365344467641,False,-1.0319365344467641,False,-1.0319365344467641,False,-1.0319365344467641
BTCUSD,2025-04-21 04:00:00+00:00,1.9479350510452114,1.9479350510452114,False,1.9479350510452114,False,1.9479350510452114,False,1.9479350510452114
BTCUSD,2025-04-22 16:00:00+00:00,1.3297763398173879,1.3297763398173879,False,1.3297763398173879,False,1.3297763398173879,False,1.3297763398173879
BTCUSD,2025-04-23 00:00:00+00:00,0.11909414261460102,0.11909414261460102,False,0.11909414261460102,False,0.11909414261460102,False,0.11909414261460102
BTCUSD,2025-05-05 00:00:00+00:00,-1.0779487354750512,-1.0779487354750512,False,-1.0779487354750512,True,-1.0779487354750512,True,-1.065830025620967
BTCUSD,2025-05-07 00:00:00+00:00,1.9491300555793074,1.9491300555793074,False,1.9491300555793074,False,1.9491300555793074,False,1.9497776266068632
BTCUSD,2025-05-08 04:00:00+00:00,1.9461904509283818,1.9461904509283818,False,1.9461904509283818,False,1.9461904509283818,False,1.9529456527634708
BTCUSD,2025-05-11 00:00:00+00:00,-1.072395240858967,-1.072395240858967,False,-1.072395240858967,False,-1.072395240858967,False,-1.089128828199772
BTCUSD,2025-05-18 16:00:00+00:00,-1.0700413831567206,-1.0700413831567206,False,-1.0700413831567206,False,-1.0700413831567206,False,-1.0695382717632123
BTCUSD,2025-05-19 00:00:00+00:00,-1.0396849038764575,-1.0396849038764575,False,-1.0396849038764575,False,-1.0396849038764575,False,-1.0551721994065997
BTCUSD,2025-05-21 16:00:00+00:00,-1.049335572519084,-1.049335572519084,False,-1.049335572519084,False,-1.049335572519084,False,0.005070570796767889
BTCUSD,2025-06-05 20:00:00+00:00,-1.0458158225508318,-1.0458158225508318,False,-1.0458158225508318,True,-1.0458158225508318,False,-1.050706553011111
BTCUSD,2025-06-09 12:00:00+00:00,-1.055924246395806,-1.055924246395806,False,-1.055924246395806,False,-1.055924246395806,False,-1.055924246395806
BTCUSD,2025-06-10 00:00:00+00:00,-1.0735171332586786,-1.0735171332586786,False,-1.0735171332586786,False,-1.0735171332586786,False,-1.0735171332586786
BTCUSD,2025-06-22 16:00:00+00:00,-1.0311570766855378,-1.0311570766855378,False,-1.0311570766855378,False,-1.0311570766855378,False,-1.0311570766855378
BTCUSD,2025-07-09 20:00:00+00:00,1.9497518098720295,1.9497518098720295,False,1.9497518098720295,False,1.9497518098720295,False,1.9497518098720295
BTCUSD,2025-07-10 20:00:00+00:00,1.930885628742515,1.930885628742515,False,1.930885628742515,False,1.930885628742515,False,1.930885628742515
BTCUSD,2025-07-14 08:00:00+00:00,-1.068285500467727,-1.068285500467727,False,-1.068285500467727,False,-1.068285500467727,False,-1.068285500467727
BTCUSD,2025-07-25 04:00:00+00:00,-1.0451416532647153,-1.0451416532647153,False,-1.0451416532647153,True,-1.0451416532647153,True,-1.0394581875929707
BTCUSD,2025-08-01 20:00:00+00:00,-1.0570653095139178,-1.0570653095139178,False,-1.0570653095139178,True,-1.0570653095139178,True,-1.0570653095139178
BTCUSD,2025-08-07 12:00:00+00:00,1.9183723979298446,1.9183723979298446,False,1.6212534790109259,True,1.9183723979298446,False,1.9271969592798142
BTCUSD,2025-08-10 04:00:00+00:00,1.9280191139870584,1.9280191139870584,False,1.9280191139870584,False,1.9280191139870584,False,1.9097280994195904
BTCUSD,2025-08-11 04:00:00+00:00,-1.0533911275415895,-1.0533911275415895,False,-1.0533911275415895,False,-1.0533911275415895,False,-1.0533911275415895
BTCUSD,2025-08-13 20:00:00+00:00,-1.0787609046849758,-1.0787609046849758,False,-1.0787609046849758,False,-1.0787609046849758,False,-1.0787609046849758
BTCUSD,2025-08-18 04:00:00+00:00,-0.22098415398388538,-0.22098415398388538,False,-0.22098415398388538,True,-0.22098415398388538,True,-0.22098415398388538
BTCUSD,2025-08-19 16:00:00+00:00,-1.0657130185979973,-1.0657130185979973,False,-1.0657130185979973,True,-1.0657130185979973,True,-1.0657130185979973
BTCUSD,2025-08-22 16:00:00+00:00,-1.0289096556095498,-1.0289096556095498,False,-1.0289096556095498,False,-1.0289096556095498,False,-1.0579997101170528
BTCUSD,2025-09-09 08:00:00+00:00,-1.0954076433121018,-1.0954076433121018,False,-1.0954076433121018,True,-1.0954076433121018,True,-1.0954076433121018
BTCUSD,2025-09-10 16:00:00+00:00,0.8295456371625863,0.8295456371625863,False,0.8295456371625863,True,0.8295456371625863,True,0.7134225222700609
BTCUSD,2025-09-12 20:00:00+00:00,-1.080641043478261,-1.080641043478261,False,-1.080641043478261,True,-1.080641043478261,True,-1.080641043478261
BTCUSD,2025-09-22 08:00:00+00:00,1.454591451385627,1.454591451385627,False,1.454591451385627,True,1.454591451385627,True,1.454591451385627
BTCUSD,2025-09-25 20:00:00+00:00,-1.056484035759898,-1.056484035759898,False,-1.056484035759898,False,-1.056484035759898,False,-1.056484035759898
BTCUSD,2025-09-29 00:00:00+00:00,1.9267595505617978,2.824561904761905,True,1.165846655965757,True,1.9267595505617978,False,1.9267595505617978
BTCUSD,2025-09-29 16:00:00+00:00,1.9280279647850853,1.8628159502848265,True,1.9280279647850853,False,1.9280279647850853,False,1.9280279647850853
BTCUSD,2025-10-01 12:00:00+00:00,1.9384420146362462,1.9384420146362462,False,1.9384420146362462,False,1.9384420146362462,False,1.9384420146362462
BTCUSD,2025-10-03 16:00:00+00:00,0.40860602205258695,0.40860602205258695,False,0.40860602205258695,False,0.40860602205258695,False,0.40860602205258695
BTCUSD,2025-10-10 16:00:00+00:00,1.9606225504118149,1.9606225504118149,False,1.5676007384265835,True,1.5676007384265835,True,1.9557575991368652
BTCUSD,2025-10-10 20:00:00+00:00,1.9513899679829243,1.9513899679829243,False,1.1170226965492707,True,1.1170226965492707,True,1.9513899679829243
BTCUSD,2025-10-16 16:00:00+00:00,-1.0385993000874891,-1.0385993000874891,False,-1.0385993000874891,False,-1.0385993000874891,False,-1.0367160069255243
BTCUSD,2025-10-17 08:00:00+00:00,-1.0353608337904554,-1.0353608337904554,False,-1.0353608337904554,False,-1.0353608337904554,False,-1.0353608337904554
BTCUSD,2025-10-21 16:00:00+00:00,-1.024015618221258,-1.024015618221258,False,-1.024015618221258,True,-1.024015618221258,True,-1.0509390135312047
BTCUSD,2025-10-26 12:00:00+00:00,1.9110985806451612,1.9110985806451612,False,1.9110985806451612,False,1.9110985806451612,False,-1.055099101324382
BTCUSD,2025-11-03 16:00:00+00:00,1.9519076923076923,1.9519076923076923,False,1.9519076923076923,False,1.9519076923076923,False,1.9426040266365951
BTCUSD,2025-11-04 08:00:00+00:00,0.7506231234436144,0.7506231234436144,False,0.7506231234436144,False,0.7506231234436144,False,0.6032062912421023
BTCUSD,2025-11-04 20:00:00+00:00,-1.0409330879892942,-1.0409330879892942,False,-1.0409330879892942,False,-1.0409330879892942,False,-1.0409330879892942
BTCUSD,2025-11-13 20:00:00+00:00,1.9608288054607508,1.9608288054607508,False,1.9608288054607508,False,1.9608288054607508,False,1.9491132370034203
BTCUSD,2025-11-17 20:00:00+00:00,1.9612042227884965,1.9612042227884965,False,1.9612042227884965,False,1.9612042227884965,False,1.9612042227884965
BTCUSD,2025-11-20 20:00:00+00:00,1.9664088176352705,1.9664088176352705,False,1.9664088176352705,False,1.9664088176352705,False,1.9664088176352705
BTCUSD,2025-11-26 20:00:00+00:00,-1.03531693843594,-1.03531693843594,False,-1.03531693843594,True,-1.03531693843594,True,-1.0535714006885115
BTCUSD,2025-12-01 04:00:00+00:00,-1.0260009316008825,-1.0260009316008825,False,-1.0260009316008825,False,-1.0260009316008825,False,-1.0260009316008825
BTCUSD,2025-12-09 16:00:00+00:00,-1.040756282527881,-1.040756282527881,False,-1.040756282527881,True,-1.040756282527881,True,-1.0522071509549136
BTCUSD,2025-12-15 16:00:00+00:00,-1.037308611599297,-1.037308611599297,False,-1.037308611599297,False,-1.037308611599297,False,-1.037308611599297
BTCUSD,2025-12-18 20:00:00+00:00,-1.0257684053651266,-1.0257684053651266,False,-1.0257684053651266,False,-1.0257684053651266,False,-1.0507489078802612
BTCUSD,2025-12-29 04:00:00+00:00,-1.0467529153879878,-1.0467529153879878,False,-1.0467529153879878,True,-1.0467529153879878,False,-1.0467529153879878
BTCUSD,2026-01-13 16:00:00+00:00,1.9328360211889346,1.9328360211889346,False,1.9328360211889346,False,1.9328360211889346,False,0.7533548634910774
BTCUSD,2026-01-14 16:00:00+00:00,-1.0538921633036133,-1.0538921633036133,False,-1.0538921633036133,False,-1.0538921633036133,False,-1.0538921633036133
BTCUSD,2026-01-19 00:00:00+00:00,1.9405672962763088,1.523155639503508,True,1.341179276848354,True,1.9405672962763088,False,1.9405672962763088
BTCUSD,2026-01-20 08:00:00+00:00,1.9180237442922374,1.9180237442922374,False,1.9385840182648402,True,1.9180237442922374,False,1.939187859837283
BTCUSD,2026-01-25 20:00:00+00:00,-1.0541789147286822,-1.0541789147286822,False,-1.0541789147286822,False,-1.0541789147286822,False,-1.0541789147286822
BTCUSD,2026-01-29 16:00:00+00:00,1.9696430521091812,1.9696430521091812,False,1.9696430521091812,False,1.9696430521091812,False,1.9696430521091812
BTCUSD,2026-02-23 04:00:00+00:00,-1.0292363836824696,-1.0292363836824696,False,-1.0292363836824696,False,-1.0292363836824696,False,-1.0488246290586065
BTCUSD,2026-03-02 16:00:00+00:00,-0.5484353973168214,-0.5484353973168214,False,-0.5484353973168214,True,-0.5484353973168214,False,-1.0420221916945474
BTCUSD,2026-03-27 12:00:00+00:00,-1.0423974921630095,-1.0423974921630095,False,-1.0423974921630095,False,-1.0423974921630095,False,-0.7770508575893208
BTCUSD,2026-04-06 00:00:00+00:00,1.94971523414345,1.94971523414345,False,1.94971523414345,False,1.94971523414345,False,1.94971523414345
BTCUSD,2026-04-08 00:00:00+00:00,-0.33885145797598626,-0.33885145797598626,False,-0.33885145797598626,False,-0.33885145797598626,False,-0.33885145797598626
BTCUSD,2026-04-17 16:00:00+00:00,-1.040655300353357,-1.040655300353357,False,-1.040655300353357,False,-1.040655300353357,False,-1.040655300353357
BTCUSD,2026-05-04 04:00:00+00:00,-1.0468750738916255,-1.0468750738916255,False,-1.0468750738916255,False,-1.0468750738916255,False,-1.0468750738916255
BTCUSD,2026-05-13 16:00:00+00:00,-1.0537446880269814,-1.0537446880269814,False,-1.0537446880269814,True,-1.0537446880269814,True,-1.0537446880269814
BTCUSD,2026-05-28 04:00:00+00:00,1.9350945427428654,1.9350945427428654,False,1.9350945427428654,False,1.9350945427428654,False,1.9350945427428654
BTCUSD,2026-06-01 16:00:00+00:00,1.9451182433900043,1.9451182433900043,False,1.9451182433900043,False,1.9451182433900043,False,1.9451182433900043
BTCUSD,2026-06-02 16:00:00+00:00,1.9655625023762056,1.9655625023762056,False,1.9655625023762056,False,1.9655625023762056,False,1.9655625023762056
BTCUSD,2026-06-15 00:00:00+00:00,-1.0395997491843392,-1.0395997491843392,False,-1.0395997491843392,True,-1.0395997491843392,True,-1.0395997491843392
BTCUSD,2026-06-18 16:00:00+00:00,-1.03630423310246,-1.03630423310246,False,-1.03630423310246,False,-1.03630423310246,False,-1.0334230141033314
BTCUSD,2026-06-23 08:00:00+00:00,1.9382578954838816,1.9382578954838816,False,1.0778342937772925,True,1.0778342937772925,True,1.9339103794995272
BTCUSD,2026-06-24 16:00:00+00:00,-0.08735798894970431,-0.08735798894970431,False,-0.08735798894970431,False,-0.08735798894970431,False,-0.08735798894970431
BTCUSD,2026-07-14 16:00:00+00:00,-1.0384220207279928,-1.0384220207279928,False,-1.0384220207279928,True,-1.0384220207279928,True,-1.0618841596489874
BTCUSD,2026-07-31 16:00:00+00:00,-1.0674269298479597,-1.0674269298479597,False,-1.0674269298479597,True,-1.0674269298479597,False,-1.0722560203797562
BTCUSD,2026-08-11 16:00:00+00:00,0.47206271517736487,0.47206271517736487,False,0.47206271517736487,True,0.47206271517736487,False,-1.1344362624969502
BTCUSD,2026-08-17 16:00:00+00:00,1.8990243959348754,1.8990243959348754,False,1.8990243959348754,False,1.8990243959348754,False,1.840656040087184
BTCUSD,2026-08-19 16:00:00+00:00,1.9787775179453215,1.9787775179453215,False,1.9787775179453215,False,1.9787775179453215,False,1.9787775179453215
BTCUSD,2026-08-20 12:00:00+00:00,1.9585191920229785,1.9585191920229785,False,1.9585191920229785,False,1.9585191920229785,False,1.9585191920229785
BTCUSD,2026-08-21 08:00:00+00:00,1.9479385343577607,1.9479385343577607,False,1.9479385343577607,False,1.9479385343577607,False,1.9479385343577607
BTCUSD,2026-09-03 16:00:00+00:00,-1.0273647665840628,-1.0273647665840628,False,-1.0273647665840628,False,-1.0273647665840628,False,-1.0273647665840628
BTCUSD,2026-09-18 16:00:00+00:00,1.9641708014789492,1.9641708014789492,False,1.9641708014789492,False,1.9641708014789492,False,1.9486643980820753
BTCUSD,2026-09-21 12:00:00+00:00,-0.26477300165858275,-0.26477300165858275,False,-0.26477300165858275,False,-0.26477300165858275,False,-0.26477300165858275
ETHUSDT,2017-09-04 08:00:00+00:00,-1.0068358356164384,-1.0068358356164384,False,-1.0068358356164384,False,-1.0068358356164384,False,-1.0068358356164384
ETHUSDT,2017-09-14 12:00:00+00:00,-1.0088764246456465,-1.0088764246456465,False,-1.0088764246456465,False,-1.0088764246456465,False,-1.009266147000403
ETHUSDT,2017-09-29 04:00:00+00:00,-1.0152086956521738,-1.0152086956521738,True,-1.0152086956521738,False,-1.0152086956521738,False,-1.0152086956521738
ETHUSDT,2017-10-07 00:00:00+00:00,-1.038752380952381,-1.038752380952381,False,-1.038752380952381,False,-1.038752380952381,False,-1.0500075290995927
ETHUSDT,2017-10-09 20:00:00+00:00,-1.0328975881261595,-1.0328975881261595,False,-1.0328975881261595,False,-1.0328975881261595,False,-1.0304047111515167
ETHUSDT,2017-11-02 00:00:00+00:00,-1.0302950904392765,-1.0302950904392765,False,-1.0302950904392765,False,-1.0302950904392765,False,-1.0444947983952535
ETHUSDT,2017-11-08 20:00:00+00:00,-1.0171332077249176,-1.0171332077249176,False,-1.0171332077249176,False,-1.0171332077249176,False,-1.0236078606121863
ETHUSDT,2017-11-09 16:00:00+00:00,-1.027415680684248,-1.027415680684248,False,-1.027415680684248,False,-1.027415680684248,False,-1.027415680684248
ETHUSDT,2017-11-23 12:00:00+00:00,1.9817646219686162,1.9817646219686162,False,1.9817646219686162,False,1.9817646219686162,False,1.9817646219686162
ETHUSDT,2017-11-24 16:00:00+00:00,-1.0121146791131856,-1.0121146791131856,False,-1.0121146791131856,False,-1.0121146791131856,False,-1.0121146791131856
ETHUSDT,2017-12-12 00:00:00+00:00,1.9854696963076262,1.9854696963076262,False,1.9854696963076262,False,1.9854696963076262,False,1.9835985874822113
ETHUSDT,2017-12-12 16:00:00+00:00,1.1242907010332188,1.1242907010332188,False,1.1242907010332188,False,1.1242907010332188,False,1.1242907010332188
ETHUSDT,2018-01-08 04:00:00+00:00,-1.015412586949321,-1.015412586949321,False,-1.015412586949321,False,-1.015412586949321,False,-1.015412586949321
ETHUSDT,2018-01-28 12:00:00+00:00,-1.0155204250797023,-1.0155204250797023,False,-1.0155204250797023,False,-1.0155204250797023,False,-1.0155204250797023
ETHUSDT,2018-02-21 00:00:00+00:00,1.9751146233382568,1.9751146233382568,False,0.9097293451501725,True,1.9751146233382568,False,0.7109696293549335
ETHUSDT,2018-02-21 16:00:00+00:00,-0.48081141942369227,-0.48081141942369227,False,-0.48081141942369227,True,-0.48081141942369227,False,-0.48081141942369227
ETHUSDT,2018-03-07 08:00:00+00:00,1.9681326788218794,1.9681326788218794,False,2.828989344865844,True,1.9681326788218794,False,1.978858256423942
ETHUSDT,2018-03-14 20:00:00+00:00,1.9811302275189597,1.9811302275189597,False,1.9811302275189597,False,1.9811302275189597,False,1.9811302275189597
ETHUSDT,2018-03-18 16:00:00+00:00,-1.0102687150837988,-1.0102687150837988,False,-1.0102687150837988,False,-1.0102687150837988,False,-1.0102687150837988
ETHUSDT,2018-03-26 12:00:00+00:00,1.9841062518344585,1.9841062518344585,False,1.9841062518344585,False,1.9841062518344585,False,1.9886391295995476
ETHUSDT,2018-03-29 08:00:00+00:00,1.9823609090909091,1.9823609090909091,False,1.9823609090909091,False,1.9823609090909091,False,1.9823609090909091
ETHUSDT,2018-04-13 00:00:00+00:00,0.4168897763578266,0.4168897763578266,False,0.4168897763578266,True,0.4168897763578266,False,0.4168897763578266
ETHUSDT,2018-04-21 00:00:00+00:00,-1.0251000000000001,-1.0251000000000001,False,-1.0251000000000001,True,-1.0251000000000001,False,-1.0251000000000001
ETHUSDT,2018-05-03 04:00:00+00:00,1.972370920245399,1.972370920245399,False,1.2942504294478532,True,1.972370920245399,False,1.9787495242747795
ETHUSDT,2018-05-11 08:00:00+00:00,-1.019191409395973,1.080949351230424,True,-1.019191409395973,True,-1.019191409395973,True,-1.0200067836793645
ETHUSDT,2018-05-23 00:00:00+00:00,-1.0309485398579321,-1.0309485398579321,False,-1.0309485398579321,True,-1.0309485398579321,True,-1.0309485398579321
ETHUSDT,2018-05-28 08:00:00+00:00,-1.0173432898172323,-1.0173432898172323,False,-1.0173432898172323,False,-1.0173432898172323,False,-1.0173432898172323
ETHUSDT,2018-06-10 04:00:00+00:00,1.9726200083717036,1.9726200083717036,False,1.9726200083717036,False,1.9726200083717036,False,1.96864071399418
ETHUSDT,2018-06-12 20:00:00+00:00,-1.0183937273823884,-1.0183937273823884,False,-1.0183937273823884,False,-1.0183937273823884,False,-1.0168196145242985
ETHUSDT,2018-06-24 08:00:00+00:00,-1.0192694691841824,-1.0192694691841824,False,-1.0192694691841824,False,-1.0192694691841824,False,-1.0192694691841824
ETHUSDT,2018-07-02 16:00:00+00:00,0.4193727669710197,0.4193727669710197,False,0.4193727669710197,True,0.4193727669710197,True,0.362416160082242
ETHUSDT,2018-07-08 00:00:00+00:00,-1.0258736029077693,-1.0258736029077693,False,-1.0258736029077693,True,-1.0258736029077693,True,-1.0305290270292984
ETHUSDT,2018-07-10 12:00:00+00:00,-0.7535966420966418,-0.7535966420966418,False,-0.7535966420966418,False,-0.7535966420966418,False,-0.6299988649556444
ETHUSDT,2018-07-16 12:00:00+00:00,-1.0256326869806094,-1.0256326869806094,False,-1.0256326869806094,True,-1.0256326869806094,True,-1.0256326869806094
ETHUSDT,2018-07-24 08:00:00+00:00,-0.3734024434389145,-0.3734024434389145,False,-0.3734024434389145,False,-0.3734024434389145,False,-0.3734024434389145
ETHUSDT,2018-08-07 20:00:00+00:00,1.9698427531436136,1.9698427531436136,False,1.9698427531436136,False,1.9698427531436136,False,1.9623408719776356
ETHUSDT,2018-08-11 00:00:00+00:00,1.9843318932655656,1.9843318932655656,False,1.9843318932655656,False,1.9843318932655656,False,1.9843318932655656
ETHUSDT,2018-08-13 16:00:00+00:00,1.9826567901234566,1.9826567901234566,False,1.9826567901234566,False,1.9826567901234566,False,1.9826567901234566
ETHUSDT,2018-08-28 00:00:00+00:00,-1.0289339606501284,-1.0289339606501284,False,-1.0289339606501284,True,-1.0289339606501284,True,-1.024958787554093
ETHUSDT,2018-09-05 12:00:00+00:00,1.9899409836065574,1.9899409836065574,False,1.9899409836065574,False,1.9899409836065574,False,1.9899409836065574
ETHUSDT,2018-09-06 00:00:00+00:00,1.9864880773361975,1.9864880773361975,False,1.9864880773361975,False,1.9864880773361975,False,1.9864880773361975
ETHUSDT,2018-09-08 20:00:00+00:00,-0.664484674104522,-0.664484674104522,False,-0.664484674104522,False,-0.664484674104522,False,-0.664484674104522
ETHUSDT,2018-09-21 00:00:00+00:00,-1.0139770065075924,-1.0139770065075924,False,1.3945553145336227,True,1.3945553145336227,True,-1.0145741460202484
ETHUSDT,2018-09-21 20:00:00+00:00,-1.0136168905950096,-1.0136168905950096,False,-1.0136168905950096,True,-1.0136168905950096,True,-1.0136168905950096
ETHUSDT,2018-09-25 08:00:00+00:00,-1.0185870875179341,-1.0185870875179341,False,-1.0185870875179341,False,-1.0185870875179341,False,-1.0185870875179341
ETHUSDT,2018-10-11 04:00:00+00:00,-1.0121896665100987,-1.0121896665100987,False,-1.0121896665100987,False,-1.0121896665100987,False,-1.0121896665100987
ETHUSDT,2018-10-12 00:00:00+00:00,-1.0228948593598448,-1.0228948593598448,False,-1.0228948593598448,False,-1.0228948593598448,False,-1.0228948593598448
ETHUSDT,2018-11-07 00:00:00+00:00,-1.0446088737201364,-1.0446088737201364,False,-1.0446088737201364,False,-1.0446088737201364,False,-1.0446088737201364
ETHUSDT,2018-11-14 16:00:00+00:00,1.9847320430107527,1.9847320430107527,False,1.9847320430107527,False,1.9847320430107527,False,1.9847320430107527
ETHUSDT,2018-11-19 08:00:00+00:00,1.98167,1.98167,False,1.98167,False,1.98167,False,1.98167
ETHUSDT,2018-11-20 08:00:00+00:00,1.9894340425531913,1.9894340425531913,False,1.9894340425531913,False,1.9894340425531913,False,1.9894340425531913
ETHUSDT,2018-12-03 16:00:00+00:00,1.9812615384615384,1.9812615384615384,False,1.9812615384615384,False,1.9812615384615384,False,1.9882661255094725
ETHUSDT,2018-12-07 00:00:00+00:00,-1.0162085592011414,-1.0162085592011414,False,-1.0162085592011414,False,-1.0162085592011414,False,-1.0162085592011414
ETHUSDT,2018-12-07 04:00:00+00:00,-1.0110907216494847,-1.0110907216494847,False,-1.0110907216494847,False,-1.0110907216494847,False,-1.0110907216494847
ETHUSDT,2018-12-17 16:00:00+00:00,1.9697541778975742,1.9697541778975742,False,5.967354177897586,True,5.967354177897586,True,1.9795314305347917
ETHUSDT,2018-12-17 20:00:00+00:00,1.9784936170212768,1.9784936170212768,False,3.4811375886524827,True,3.4811375886524827,True,1.9783310408049475
ETHUSDT,2018-12-19 00:00:00+00:00,1.9831750972762645,1.9831750972762645,False,6.1946544747081775,True,1.9831750972762645,False,1.9775000261978062
ETHUSDT,2018-12-23 04:00:00+00:00,1.9868271875000012,1.9868271875000012,False,-1.0113728124999999,True,1.9868271875000012,False,1.9868271875000012
ETHUSDT,2018-12-24 04:00:00+00:00,-1.0085302206259619,-1.0085302206259619,False,-1.0085302206259619,True,-1.0085302206259619,False,-1.0085302206259619
ETHUSDT,2019-01-10 08:00:00+00:00,0.7744440835266808,0.7744440835266808,False,0.7744440835266808,True,0.7744440835266808,False,0.7744440835266808
ETHUSDT,2019-01-13 20:00:00+00:00,-1.0154222950819671,-1.0154222950819671,False,-1.0154222950819671,True,-1.0154222950819671,False,-1.0154222950819671
ETHUSDT,2019-01-14 16:00:00+00:00,-0.33228055105348475,-0.33228055105348475,True,-0.33228055105348475,False,-0.33228055105348475,False,-1.0192145902898346
ETHUSDT,2019-01-28 04:00:00+00:00,0.2218494117647037,0.2218494117647037,False,0.2218494117647037,True,0.2218494117647037,False,0.2218494117647037
ETHUSDT,2019-02-08 12:00:00+00:00,1.96477277486911,1.96477277486911,False,1.96477277486911,False,1.96477277486911,False,1.9645429068285263
ETHUSDT,2019-02-08 16:00:00+00:00,1.9687706666666667,1.9687706666666667,False,1.9687706666666667,False,1.9687706666666667,False,1.9687706666666667
ETHUSDT,2019-02-08 20:00:00+00:00,0.1849996272134198,0.1849996272134198,False,0.1849996272134198,False,0.1849996272134198,False,0.1849996272134198
ETHUSDT,2019-02-11 00:00:00+00:00,-0.3949801699716713,-0.3949801699716713,False,-0.3949801699716713,False,-0.3949801699716713,False,-1.0227007635282788
ETHUSDT,2019-02-18 04:00:00+00:00,1.9700125000000002,1.9700125000000002,False,1.9700125000000002,False,1.9700125000000002,False,1.9700125000000002
ETHUSDT,2019-02-23 20:00:00+00:00,-1.018776907216495,-1.018776907216495,False,-1.018776907216495,False,-1.018776907216495,False,-1.018776907216495
ETHUSDT,2019-02-24 16:00:00+00:00,0.1363998312948125,0.1363998312948125,False,0.1363998312948125,True,0.1363998312948125,False,0.1363998312948125
ETHUSDT,2019-03-16 04:00:00+00:00,-1.0522757097791795,-1.0522757097791795,False,-1.0522757097791795,False,-1.0522757097791795,False,-1.0599127366674754
ETHUSDT,2019-04-02 08:00:00+00:00,1.9764841843088419,1.9764841843088419,False,1.9764841843088419,False,1.9764841843088419,False,1.9764841843088419
ETHUSDT,2019-04-02 20:00:00+00:00,1.967558890701468,1.967558890701468,False,1.967558890701468,False,1.967558890701468,False,1.967558890701468
ETHUSDT,2019-04-15 20:00:00+00:00,-1.0246807106598983,-1.0246807106598983,False,-1.0246807106598983,True,-1.0246807106598983,True,-1.031921095199615
ETHUSDT,2019-04-18 04:00:00+00:00,-1.0298537666174299,-1.0298537666174299,True,-1.0298537666174299,False,-1.0298537666174299,False,0.3005491136861927
ETHUSDT,2019-05-14 04:00:00+00:00,1.9814623268698062,1.9814623268698062,False,1.9814623268698062,False,1.9814623268698062,False,1.9814623268698062
ETHUSDT,2019-05-15 16:00:00+00:00,1.9828424107142855,1.9828424107142855,False,1.9828424107142855,False,1.9828424107142855,False,1.9828424107142855
ETHUSDT,2019-05-16 04:00:00+00:00,-1.0136687830687832,-1.0136687830687832,False,-1.0136687830687832,False,-1.0136687830687832,False,-1.0136687830687832
ETHUSDT,2019-05-16 16:00:00+00:00,-1.0087872004510854,-1.0087872004510854,False,-1.0087872004510854,False,-1.0087872004510854,False,-1.0087872004510854
ETHUSDT,2019-05-26 20:00:00+00:00,1.9727966527196652,1.9727966527196652,False,1.9727966527196652,False,1.9727966527196652,False,-1.018552896583221
ETHUSDT,2019-05-30 04:00:00+00:00,-1.021306796116505,-1.021306796116505,False,-1.021306796116505,False,-1.021306796116505,False,-1.0221982416428133
ETHUSDT,2019-06-04 00:00:00+00:00,0.6914436607892531,0.6914436607892531,False,0.6914436607892531,True,0.6914436607892531,True,0.3726365021598986
ETHUSDT,2019-06-04 20:00:00+00:00,-1.022259405940594,-1.022259405940594,False,-1.022259405940594,True,-1.022259405940594,True,-1.022259405940594
ETHUSDT,2019-06-21 20:00:00+00:00,1.961846282722513,1.961846282722513,False,1.961846282722513,False,1.961846282722513,False,1.961846282722513
ETHUSDT,2019-06-26 04:00:00+00:00,1.9747326086956523,1.9747326086956523,False,1.9747326086956523,False,1.9747326086956523,False,-1.0195838998982376
ETHUSDT,2019-07-07 20:00:00+00:00,-1.0214756756756755,-1.0214756756756755,False,-1.0214756756756755,False,-1.0214756756756755,False,-1.0186634923125433
ETHUSDT,2019-07-14 12:00:00+00:00,1.9892609336609337,1.9892609336609337,False,1.9892609336609337,False,1.9892609336609337,False,1.9892609336609337
ETHUSDT,2019-08-05 04:00:00+00:00,-1.0361337783711615,-1.0361337783711615,False,-1.0361337783711615,True,-1.0361337783711615,False,-1.0297100251309328
ETHUSDT,2019-08-10 12:00:00+00:00,-1.0273672131147542,-1.0273672131147542,False,-1.0273672131147542,False,-1.0273672131147542,False,-1.0273672131147542
ETHUSDT,2019-08-14 20:00:00+00:00,-0.6015010628019318,-0.6015010628019318,False,-0.6015010628019318,False,-0.6015010628019318,False,-0.6015010628019318
ETHUSDT,2019-08-28 20:00:00+00:00,-0.4372792690611226,-0.4372792690611226,False,-0.4372792690611226,False,-0.4372792690611226,False,-0.4372792690611226
ETHUSDT,2019-09-02 20:00:00+00:00,-1.0404030769230768,-1.0404030769230768,True,-1.0404030769230768,True,-1.0404030769230768,True,-1.0404030769230768
ETHUSDT,2019-09-08 04:00:00+00:00,-1.0402066914498143,-1.0402066914498143,False,-1.0402066914498143,True,-1.0402066914498143,True,-1.0219095689278388
ETHUSDT,2019-09-14 16:00:00+00:00,1.9555134502923979,1.9555134502923979,False,2.5263208576997926,True,2.5263208576997926,True,1.9604116276370207
ETHUSDT,2019-09-16 04:00:00+00:00,-1.0482546218487396,-1.0482546218487396,False,-1.0482546218487396,True,-1.0482546218487396,True,-1.0482546218487396
ETHUSDT,2019-09-17 20:00:00+00:00,0.11067414187643033,0.11067414187643033,False,0.11067414187643033,False,0.11067414187643033,False,0.11067414187643033
ETHUSDT,2019-09-19 20:00:00+00:00,-1.0237596700274978,-1.0237596700274978,False,-1.0237596700274978,False,-1.0237596700274978,False,-1.0237596700274978
ETHUSDT,2019-10-09 16:00:00+00:00,-1.0248469410456063,-1.0248469410456063,False,-1.0248469410456063,False,-1.0248469410456063,False,-1.023860677693082
ETHUSDT,2019-10-23 04:00:00+00:00,1.9618905511811027,1.9618905511811027,False,1.9618905511811027,False,1.9618905511811027,False,1.9700007496910106
ETHUSDT,2019-10-23 16:00:00+00:00,-1.0227566433566433,-1.0227566433566433,False,-1.0227566433566433,False,-1.0227566433566433,False,-1.0227566433566433
ETHUSDT,2019-10-25 16:00:00+00:00,1.978154358472086,1.978154358472086,False,1.978154358472086,False,1.978154358472086,False,1.9556672041923562
ETHUSDT,2019-11-05 16:00:00+00:00,-1.0488545454545455,-1.0488545454545455,False,-1.0488545454545455,False,-1.0488545454545455,False,-1.0368969327344872
ETHUSDT,2019-11-21 12:00:00+00:00,1.9704730593607307,1.9704730593607307,False,1.9704730593607307,False,1.9704730593607307,False,1.9726356701389216
ETHUSDT,2019-11-22 12:00:00+00:00,-0.149254531607007,-0.149254531607007,False,-0.149254531607007,False,-0.149254531607007,False,-0.149254531607007
ETHUSDT,2019-12-11 16:00:00+00:00,1.9507964705882355,1.9507964705882355,False,1.9507964705882355,False,1.9507964705882355,False,-1.067561940166331
ETHUSDT,2019-12-17 16:00:00+00:00,1.971951724137931,1.971951724137931,False,1.971951724137931,False,1.971951724137931,False,1.971951724137931
ETHUSDT,2019-12-17 20:00:00+00:00,-1.0264136602451839,-1.0264136602451839,False,-1.0264136602451839,False,-1.0264136602451839,False,-1.0264136602451839
ETHUSDT,2020-01-06 04:00:00+00:00,0.706381857451404,0.706381857451404,False,0.706381857451404,False,0.706381857451404,False,0.706381857451404
ETHUSDT,2020-01-14 04:00:00+00:00,1.965885082872928,1.965885082872928,False,1.965885082872928,False,1.965885082872928,False,1.9654858333383818
ETHUSDT,2020-01-14 16:00:00+00:00,1.9624054474708168,1.9624054474708168,False,1.9624054474708168,False,1.9624054474708168,False,1.9624054474708168
ETHUSDT,2020-02-02 08:00:00+00:00,1.970968029739777,1.970968029739777,False,1.970968029739777,False,1.970968029739777,False,1.970968029739777
ETHUSDT,2020-02-05 12:00:00+00:00,1.9662335164835165,1.9662335164835165,False,1.9662335164835165,False,1.9662335164835165,False,1.9662335164835165
ETHUSDT,2020-02-11 20:00:00+00:00,1.971111627906977,1.971111627906977,False,1.971111627906977,False,1.971111627906977,False,1.972547539467271
ETHUSDT,2020-02-12 20:00:00+00:00,-1.0261090604026846,-1.0261090604026846,False,-1.0261090604026846,False,-1.0261090604026846,False,-1.0261090604026846
ETHUSDT,2020-03-08 16:00:00+00:00,1.9839519893899202,1.9839519893899202,False,3.579736472148539,True,3.579736472148539,True,1.9700994666436304
ETHUSDT,2020-03-09 00:00:00+00:00,1.9846497925311204,1.9846497925311204,False,2.5361561549101013,True,2.5361561549101013,True,1.9846497925311204
ETHUSDT,2020-03-13 00:00:00+00:00,-1.0047121578612348,-1.0047121578612348,False,-1.0047121578612348,False,-1.0047121578612348,False,-1.0047121578612348
ETHUSDT,2020-04-02 00:00:00+00:00,1.9717601328903653,1.9717601328903653,False,5.839869767441851,True,1.9717601328903653,False,1.9599102516662483
ETHUSDT,2020-04-06 08:00:00+00:00,1.9655844444444446,1.9655844444444446,False,1.7157344444444405,True,1.9655844444444446,False,1.974736011897401
ETHUSDT,2020-04-06 16:00:00+00:00,-1.0244077519379844,-1.0244077519379844,False,-1.0244077519379844,True,-1.0244077519379844,False,-1.0244077519379844
ETHUSDT,2020-04-07 00:00:00+00:00,-1.0200617085427137,-1.0200617085427137,False,-1.0200617085427137,True,-1.0200617085427137,False,-1.0200617085427137
ETHUSDT,2020-04-18 16:00:00+00:00,-1.0192387096774194,-1.0192387096774194,False,-1.0192387096774194,True,-1.0192387096774194,False,-1.0192387096774194
ETHUSDT,2020-04-20 20:00:00+00:00,-1.0165416336241078,-1.0165416336241078,False,-1.0165416336241078,True,-1.0165416336241078,False,-1.0233587645742053
ETHUSDT,2020-04-25 08:00:00+00:00,1.9704024301336573,1.9704024301336573,False,2.0371910085054727,True,1.9704024301336573,False,1.9791109189839835
ETHUSDT,2020-04-29 08:00:00+00:00,1.967135732647815,1.967135732647815,False,-1.0310642673521853,True,1.967135732647815,False,1.967135732647815
ETHUSDT,2020-04-30 04:00:00+00:00,-1.0233776793622675,-1.0233776793622675,False,-1.0233776793622675,True,-1.0233776793622675,False,-1.0233776793622675
ETHUSDT,2020-05-10 04:00:00+00:00,-0.640654987633965,-0.640654987633965,False,-0.640654987633965,True,-0.640654987633965,False,-0.640654987633965
ETHUSDT,2020-05-17 16:00:00+00:00,-1.0328048,-1.0328048,False,-1.0328048,False,-1.0328048,False,-1.0328048
ETHUSDT,2020-05-18 04:00:00+00:00,-1.0312666666666666,-1.0312666666666666,False,-1.0312666666666666,False,-1.0312666666666666,False,-1.0782159611556132
ETHUSDT,2020-05-21 16:00:00+00:00,-1.0280142201834863,-1.0280142201834863,False,-1.0280142201834863,True,-1.0280142201834863,True,-1.025200476306437
ETHUSDT,2020-05-28 16:00:00+00:00,1.9615913169319825,1.9615913169319825,False,1.9615913169319825,False,1.9615913169319825,False,1.9521441080920257
ETHUSDT,2020-05-29 00:00:00+00:00,1.9594128166915052,1.9594128166915052,False,1.9594128166915052,False,1.9594128166915052,False,1.9665669037126594
ETHUSDT,2020-05-30 08:00:00+00:00,1.9702276923076925,1.9702276923076925,False,1.9702276923076925,False,1.9702276923076925,False,1.9702276923076925
ETHUSDT,2020-06-02 00:00:00+00:00,-1.0265042766151047,-1.0265042766151047,False,-1.0265042766151047,False,-1.0265042766151047,False,-1.0265042766151047
ETHUSDT,2020-06-15 04:00:00+00:00,-1.0413927710843374,-1.0413927710843374,False,-1.0413927710843374,True,-1.0413927710843374,True,-1.0413927710843374
ETHUSDT,2020-06-22 04:00:00+00:00,1.9576275256222548,1.9576275256222548,False,1.9254360175695422,True,1.9576275256222548,False,1.9399426049583048
ETHUSDT,2020-06-22 16:00:00+00:00,-1.0547030534351143,-1.0547030534351143,False,1.1443583969465614,True,-1.0547030534351143,False,-1.0563675626284468
ETHUSDT,2020-06-27 20:00:00+00:00,-1.0262498527968598,-1.0262498527968598,False,-1.0262498527968598,True,-1.0262498527968598,True,-1.0262498527968598
ETHUSDT,2020-07-06 08:00:00+00:00,1.9445506796116503,1.9445506796116503,False,1.9503724271844662,True,1.9445506796116503,False,1.948449427011322
ETHUSDT,2020-07-20 00:00:00+00:00,-1.0678830548926015,-1.0678830548926015,False,-1.0678830548926015,False,-1.0678830548926015,False,-1.0707016333417991
ETHUSDT,2020-07-21 08:00:00+00:00,1.9420242661448144,1.9420242661448144,False,1.9420242661448144,False,1.9420242661448144,False,1.9420242661448144
ETHUSDT,2020-07-23 00:00:00+00:00,1.9821596214511041,1.9821596214511041,False,1.9821596214511041,False,1.9821596214511041,False,1.9821596214511041
ETHUSDT,2020-07-25 20:00:00+00:00,1.970628028503563,1.970628028503563,False,1.970628028503563,False,1.970628028503563,False,1.970628028503563
ETHUSDT,2020-07-27 04:00:00+00:00,-1.0272485714285715,-1.0272485714285715,False,-1.0272485714285715,False,-1.0272485714285715,False,-1.0272485714285715
ETHUSDT,2020-08-01 20:00:00+00:00,-1.0171819868573637,-1.0171819868573637,False,-1.0171819868573637,False,-1.0171819868573637,False,-1.0171819868573637
ETHUSDT,2020-08-02 04:00:00+00:00,-1.0218744827586208,-1.0218744827586208,False,-1.0218744827586208,False,-1.0218744827586208,False,-1.0218744827586208
ETHUSDT,2020-08-14 00:00:00+00:00,-0.30507542262678744,-0.30507542262678744,False,-0.30507542262678744,False,-0.30507542262678744,False,-0.30507542262678744
ETHUSDT,2020-09-01 08:00:00+00:00,-1.025507042253521,-1.025507042253521,False,-1.025507042253521,False,-1.025507042253521,False,-1.025507042253521
ETHUSDT,2020-09-21 12:00:00+00:00,1.978199673735726,1.978199673735726,False,-0.015382925502988415,True,-0.015382925502988415,True,-0.014112285212664645
ETHUSDT,2020-10-02 08:00:00+00:00,-1.0338502024291496,-1.0338502024291496,False,-1.0338502024291496,True,-1.0338502024291496,True,-1.0333413972940302
ETHUSDT,2020-10-06 20:00:00+00:00,-1.0350087615838248,-1.0350087615838248,False,-1.0350087615838248,False,-1.0350087615838248,False,-1.0350087615838248
ETHUSDT,2020-10-09 12:00:00+00:00,1.9547934627170582,1.9547934627170582,False,2.891922369765076,True,1.9547934627170582,False,1.95712613116917
ETHUSDT,2020-10-10 04:00:00+00:00,0.1759031088082854,0.1759031088082854,False,0.1759031088082854,False,0.1759031088082854,False,0.1759031088082854
ETHUSDT,2020-10-12 16:00:00+00:00,-1.0229223182511438,-1.0229223182511438,False,-1.0229223182511438,False,-1.0229223182511438,False,-1.0362323448396216
ETHUSDT,2020-10-19 16:00:00+00:00,-1.0570030037546934,-1.0570030037546934,False,-1.0570030037546934,False,-1.0570030037546934,False,-1.0709541587559752
ETHUSDT,2020-10-21 16:00:00+00:00,-0.05598313752591407,-0.05598313752591407,False,-0.05598313752591407,False,-0.05598313752591407,False,1.9646742430563306
ETHUSDT,2020-10-22 12:00:00+00:00,-1.0216801966919982,-1.0216801966919982,False,-1.0216801966919982,False,-1.0216801966919982,False,-1.0216801966919982
ETHUSDT,2020-10-26 16:00:00+00:00,-1.0359022421524664,-1.0359022421524664,True,-1.0359022421524664,True,-1.0359022421524664,False,0.44294029766284027
ETHUSDT,2020-11-21 16:00:00+00:00,1.977778082191781,1.977778082191781,False,1.977778082191781,False,1.977778082191781,False,1.977778082191781
ETHUSDT,2020-11-22 20:00:00+00:00,-1.0163702862783812,-1.0163702862783812,False,-1.0163702862783812,False,-1.0163702862783812,False,-1.0163702862783812
ETHUSDT,2020-11-30 00:00:00+00:00,1.9709584541062801,1.9709584541062801,False,1.9709584541062801,False,1.9709584541062801,False,1.9709584541062801
ETHUSDT,2020-12-16 16:00:00+00:00,-0.3301205712342741,-0.3301205712342741,False,-0.3301205712342741,False,-0.3301205712342741,False,1.9697826959378624
ETHUSDT,2020-12-21 12:00:00+00:00,-0.5469542815674888,-0.5469542815674888,False,-0.5469542815674888,True,-0.5469542815674888,False,-0.4968824327267838
ETHUSDT,2020-12-27 16:00:00+00:00,0.3761236394318664,0.3761236394318664,False,0.3761236394318664,False,0.3761236394318664,False,0.5147393394654038
ETHUSDT,2021-01-02 16:00:00+00:00,1.9758611940298507,1.9758611940298507,False,1.9758611940298507,False,1.9758611940298507,False,1.975183832564762
ETHUSDT,2021-01-03 16:00:00+00:00,1.9867705143605985,1.9867705143605985,False,1.9867705143605985,False,1.9867705143605985,False,1.9867705143605985
ETHUSDT,2021-01-22 00:00:00+00:00,-1.0114468216550154,-1.0114468216550154,False,-1.0114468216550154,True,-1.0114468216550154,False,-1.013861868682623
ETHUSDT,2021-01-29 12:00:00+00:00,-1.0133566245279921,-1.0133566245279921,False,-1.0133566245279921,False,-1.0133566245279921,False,-1.025250444093556
ETHUSDT,2021-02-02 20:00:00+00:00,1.979592272775256,1.979592272775256,False,1.979592272775256,False,1.979592272775256,False,1.9824716308621582
ETHUSDT,2021-03-24 20:00:00+00:00,-1.0222435425168193,-1.0222435425168193,False,-1.0222435425168193,True,-1.0222435425168193,False,-1.0373380160567318
ETHUSDT,2021-03-29 12:00:00+00:00,1.9635492507492507,1.9635492507492507,False,1.9635492507492507,False,1.9635492507492507,False,1.970005215846469
ETHUSDT,2021-04-02 16:00:00+00:00,-1.0279901654411765,-1.0279901654411765,False,-1.0279901654411765,False,-1.0279901654411765,False,-1.0279901654411765
ETHUSDT,2021-04-10 04:00:00+00:00,1.9690166666666666,1.9690166666666666,False,1.9690166666666666,False,1.9690166666666666,False,1.9756585879859814
ETHUSDT,2021-04-13 12:00:00+00:00,1.95781023597916,1.95781023597916,False,1.95781023597916,False,1.95781023597916,False,1.9640414738606757
ETHUSDT,2021-04-15 00:00:00+00:00,-1.026043921139102,-1.026043921139102,False,-1.026043921139102,False,-1.026043921139102,False,-1.026043921139102
ETHUSDT,2021-04-21 16:00:00+00:00,-1.0153156694537953,-1.0153156694537953,False,-1.0153156694537953,False,-1.0153156694537953,False,-1.0170415421367562
ETHUSDT,2021-05-03 04:00:00+00:00,1.9638999047800418,1.9638999047800418,False,1.9638999047800418,False,1.9638999047800418,False,1.9638999047800418
ETHUSDT,2021-05-03 20:00:00+00:00,1.972518288557214,1.972518288557214,False,1.972518288557214,False,1.972518288557214,False,1.972518288557214
ETHUSDT,2021-05-04 00:00:00+00:00,-1.0215978003019193,-1.0215978003019193,False,-1.0215978003019193,False,-1.0215978003019193,False,-1.0215978003019193
ETHUSDT,2021-05-04 12:00:00+00:00,-1.0199401209974914,-1.0199401209974914,False,-1.0199401209974914,False,-1.0199401209974914,False,-1.0199401209974914
ETHUSDT,2021-05-17 04:00:00+00:00,1.9899708246708248,1.9899708246708248,False,1.7115352102102095,True,1.9899708246708248,False,1.9943532225190008
ETHUSDT,2021-06-18 16:00:00+00:00,1.9772541621621622,1.9772541621621622,False,1.9772541621621622,False,1.9772541621621622,False,1.986231003573558
ETHUSDT,2021-06-20 12:00:00+00:00,-1.0188957442116868,-1.0188957442116868,False,-1.0188957442116868,False,-1.0188957442116868,False,-1.0188957442116868
ETHUSDT,2021-06-21 08:00:00+00:00,1.9850933173269305,1.9850933173269305,False,1.9850933173269305,False,1.9850933173269305,False,1.9850933173269305
ETHUSDT,2021-07-04 08:00:00+00:00,-1.0216471728081322,-1.0216471728081322,False,-1.0216471728081322,True,-1.0216471728081322,False,-1.021186757377822
ETHUSDT,2021-07-20 04:00:00+00:00,-1.0189991484832357,-1.0189991484832357,False,-1.0189991484832357,False,-1.0189991484832357,False,-1.0189991484832357
ETHUSDT,2021-07-24 00:00:00+00:00,1.975505546924975,1.975505546924975,False,1.3781304761034399,True,1.975505546924975,False,1.975505546924975
ETHUSDT,2021-07-26 04:00:00+00:00,-1.0185160123753867,-1.0185160123753867,False,-1.0185160123753867,True,-1.0185160123753867,False,-1.0185160123753867
ETHUSDT,2021-08-07 12:00:00+00:00,-1.0222733611588508,-1.0222733611588508,False,-1.0222733611588508,False,-1.0222733611588508,False,-1.0222733611588508
ETHUSDT,2021-08-30 20:00:00+00:00,-1.0308537067545303,-1.0308537067545303,False,-1.0308537067545303,False,-1.0308537067545303,False,-1.0269421586776388
ETHUSDT,2021-08-31 08:00:00+00:00,1.970782673990127,1.970782673990127,False,1.970782673990127,False,1.970782673990127,False,1.9743685887617004
ETHUSDT,2021-09-03 12:00:00+00:00,-1.0282366156090446,-1.0282366156090446,False,-1.0282366156090446,False,-1.0282366156090446,False,-1.0282366156090446
ETHUSDT,2021-09-20 04:00:00+00:00,1.97741937569954,1.97741937569954,False,1.8404139534883694,True,1.97741937569954,False,1.963260525343601
ETHUSDT,2021-10-01 12:00:00+00:00,1.971843282649448,1.971843282649448,False,1.971843282649448,False,1.971843282649448,False,1.9679551617437812
ETHUSDT,2021-10-06 16:00:00+00:00,-1.0174334913900673,-1.0174334913900673,False,-1.0174334913900673,False,-1.0174334913900673,False,-1.0255472340710932
ETHUSDT,2021-10-11 00:00:00+00:00,-1.0265389933523266,-1.0265389933523266,False,-1.0265389933523266,False,-1.0265389933523266,False,-1.0236261868783127
ETHUSDT,2021-10-20 16:00:00+00:00,0.44410205572085554,0.44410205572085554,False,0.44410205572085554,False,0.44410205572085554,False,0.44410205572085554
ETHUSDT,2021-11-10 16:00:00+00:00,-1.0373358726845814,-1.0373358726845814,False,-1.0373358726845814,False,-1.0373358726845814,False,-1.0373358726845814
ETHUSDT,2021-11-16 04:00:00+00:00,-0.17206165709339805,-0.17206165709339805,False,1.3125409001494994,True,1.3125409001494994,True,-0.17206165709339805
ETHUSDT,2021-11-20 20:00:00+00:00,-1.025987023977433,-1.025987023977433,True,-1.025987023977433,False,-1.025987023977433,False,-1.025987023977433
ETHUSDT,2021-11-26 12:00:00+00:00,-1.0139375282403147,-1.0139375282403147,False,-1.0139375282403147,False,-1.0139375282403147,False,-1.0236862590448539
ETHUSDT,2021-11-30 12:00:00+00:00,-1.0270076980905125,-1.0270076980905125,False,-1.0270076980905125,False,-1.0270076980905125,False,-1.020494929985496
ETHUSDT,2021-12-03 20:00:00+00:00,1.980048849616539,1.980048849616539,False,1.980048849616539,False,1.980048849616539,False,1.9838487347148097
ETHUSDT,2021-12-13 16:00:00+00:00,-1.0223150427350427,-1.0223150427350427,False,-1.0223150427350427,False,-1.0223150427350427,False,-0.4353968796106916
ETHUSDT,2021-12-15 16:00:00+00:00,-1.0212618171552252,-1.0212618171552252,False,-1.0212618171552252,False,-1.0212618171552252,False,-1.0212618171552252
ETHUSDT,2021-12-23 20:00:00+00:00,-1.025776518132511,-1.025776518132511,False,-1.025776518132511,False,-1.025776518132511,False,-1.036518278623224
ETHUSDT,2022-01-05 20:00:00+00:00,1.9750970007141155,1.9750970007141155,False,1.9750970007141155,False,1.9750970007141155,False,1.9750970007141155
ETHUSDT,2022-01-07 04:00:00+00:00,0.09743986068980877,0.09743986068980877,False,0.09743986068980877,False,0.09743986068980877,False,0.09743986068980877
ETHUSDT,2022-01-21 04:00:00+00:00,1.9839096033720989,1.9839096033720989,False,1.9839096033720989,False,1.9839096033720989,False,1.9839096033720989
ETHUSDT,2022-02-24 04:00:00+00:00,-1.0152907623959557,-1.0152907623959557,False,-1.0152907623959557,False,-1.0152907623959557,False,-1.0152907623959557
ETHUSDT,2022-03-07 20:00:00+00:00,-1.0170767144690587,-1.0170767144690587,False,-1.0170767144690587,False,-1.0170767144690587,False,-1.0172615673151433
ETHUSDT,2022-03-09 04:00:00+00:00,-1.0241442805837855,-1.0241442805837855,True,-1.0241442805837855,True,-1.0241442805837855,True,-1.0197492864728923
ETHUSDT,2022-03-15 20:00:00+00:00,1.9641042400521853,1.9641042400521853,False,2.8924444879321594,True,1.9641042400521853,False,1.9669181527499904
ETHUSDT,2022-03-18 16:00:00+00:00,0.5817124803113155,0.5817124803113155,False,0.5817124803113155,True,0.5817124803113155,False,0.4348891865702435
ETHUSDT,2022-03-22 04:00:00+00:00,1.2008854581673314,1.2008854581673314,False,1.4350576195219131,True,1.2008854581673314,False,-1.0655248501656431
ETHUSDT,2022-03-28 00:00:00+00:00,1.3415049521622642,1.3415049521622642,False,1.3415049521622642,False,1.3415049521622642,False,1.3415049521622642
ETHUSDT,2022-04-11 12:00:00+00:00,0.2356793277050596,0.2356793277050596,False,0.2356793277050596,True,0.2356793277050596,True,0.2356793277050596
ETHUSDT,2022-04-18 08:00:00+00:00,-1.0340931094383325,-1.0340931094383325,False,-1.0340931094383325,True,-1.0340931094383325,True,-1.0340931094383325
ETHUSDT,2022-05-04 20:00:00+00:00,-1.0268884910485934,-1.0268884910485934,False,-1.0268884910485934,False,-1.0268884910485934,False,-1.0281094478343524
ETHUSDT,2022-05-05 16:00:00+00:00,1.9840705698672914,1.9840705698672914,False,1.9840705698672914,False,1.9840705698672914,False,1.959723620180451
ETHUSDT,2022-05-08 04:00:00+00:00,1.9696884853487413,1.9696884853487413,False,1.9696884853487413,False,1.9696884853487413,False,1.9800566811255977
ETHUSDT,2022-05-26 12:00:00+00:00,-1.0202632870286847,-1.0202632870286847,False,-1.0202632870286847,False,-1.0202632870286847,False,-1.0202632870286847
ETHUSDT,2022-05-31 00:00:00+00:00,-1.0273191712257013,-1.0273191712257013,False,-1.0273191712257013,True,-1.0273191712257013,False,-1.0241438673055678
ETHUSDT,2022-06-06 04:00:00+00:00,-1.0298795131845841,-1.0298795131845841,True,-1.0298795131845841,True,-1.0298795131845841,True,-1.0298795131845841
ETHUSDT,2022-06-11 12:00:00+00:00,1.9811004782654904,1.9811004782654904,False,1.9811004782654904,False,1.9811004782654904,False,1.9811004782654904
ETHUSDT,2022-07-12 00:00:00+00:00,-1.0274992843999182,-1.0274992843999182,False,-1.0274992843999182,False,-1.0274992843999182,False,-1.0274992843999182
ETHUSDT,2022-07-19 00:00:00+00:00,-0.2625378260869566,-0.2625378260869566,False,-0.2625378260869566,True,-0.2625378260869566,True,-0.2625378260869566
ETHUSDT,2022-07-28 16:00:00+00:00,-1.0147571566086635,-1.0147571566086635,False,-1.0147571566086635,True,-1.0147571566086635,True,-1.0147571566086635
ETHUSDT,2022-08-08 12:00:00+00:00,-1.034548862334261,-1.034548862334261,False,-1.034548862334261,False,-1.034548862334261,False,-1.026038028795493
ETHUSDT,2022-08-10 16:00:00+00:00,0.3722739861079983,0.3722739861079983,False,0.3722739861079983,False,0.3722739861079983,False,0.3722739861079983
ETHUSDT,2022-08-19 08:00:00+00:00,1.9752350241845467,1.9752350241845467,False,1.1369548555128386,True,1.9752350241845467,False,1.9752350241845467
ETHUSDT,2022-08-20 00:00:00+00:00,-0.643774905021049,-0.643774905021049,False,-0.643774905021049,True,-0.643774905021049,False,-0.7252503695205159
ETHUSDT,2022-08-20 20:00:00+00:00,-1.0255611170212766,-1.0255611170212766,False,-1.0255611170212766,True,-1.0255611170212766,False,-1.0149390331511068
ETHUSDT,2022-08-31 04:00:00+00:00,-1.02292196193265,-1.02292196193265,False,-1.02292196193265,False,-1.02292196193265,False,-0.4861339452733924
ETHUSDT,2022-09-13 16:00:00+00:00,1.2758166315409174,1.2758166315409174,False,1.2758166315409174,False,1.2758166315409174,False,1.2758166315409174
ETHUSDT,2022-09-15 16:00:00+00:00,1.2997942083138738,1.2997942083138738,False,1.2997942083138738,False,1.2997942083138738,False,1.9842171937575608
ETHUSDT,2022-09-22 00:00:00+00:00,-1.0189294261893085,-1.0189294261893085,False,-1.0189294261893085,False,-1.0189294261893085,False,-1.0189294261893085
ETHUSDT,2022-09-27 04:00:00+00:00,-1.0305500936680403,-1.0305500936680403,False,-1.0305500936680403,True,-1.0305500936680403,True,-1.018902988825426
ETHUSDT,2022-10-14 04:00:00+00:00,-1.0338197584124245,-1.0338197584124245,False,-1.0338197584124245,True,-1.0338197584124245,True,-1.0338197584124245
ETHUSDT,2022-10-24 00:00:00+00:00,-1.0455524668734142,-1.0455524668734142,False,-1.0455524668734142,True,-1.0455524668734142,True,-1.0455524668734142
ETHUSDT,2022-10-25 16:00:00+00:00,1.9714501375627125,1.9714501375627125,False,2.868629584075094,True,2.868629584075094,True,1.9714501375627125
ETHUSDT,2022-11-08 04:00:00+00:00,-1.0265353506381758,-1.0265353506381758,False,-1.0265353506381758,True,-1.0265353506381758,False,1.9772469609601853
ETHUSDT,2022-11-08 20:00:00+00:00,0.3491359159454255,0.3491359159454255,False,0.3491359159454255,False,0.3491359159454255,False,0.3491359159454255
ETHUSDT,2022-11-20 12:00:00+00:00,-0.4434588012856857,-0.4434588012856857,False,-0.4434588012856857,False,-0.4434588012856857,False,1.9705637747411033
ETHUSDT,2022-11-21 00:00:00+00:00,-1.0313942484834868,-1.0313942484834868,False,-1.0313942484834868,False,-1.0313942484834868,False,-1.0313942484834868
ETHUSDT,2022-12-07 08:00:00+00:00,-1.0371743155798907,-1.0371743155798907,False,-1.0371743155798907,True,-1.0371743155798907,True,-1.0371743155798907
ETHUSDT,2022-12-16 12:00:00+00:00,-0.06348131868131848,-0.06348131868131848,False,-0.06348131868131848,True,-0.06348131868131848,True,-0.09338083139968682
ETHUSDT,2022-12-17 00:00:00+00:00,-1.03159809608147,-1.03159809608147,False,-1.03159809608147,True,-1.03159809608147,True,-1.03159809608147
ETHUSDT,2023-01-04 04:00:00+00:00,1.5689744871120483,1.5689744871120483,False,1.5689744871120483,False,1.5689744871120483,False,1.5689744871120483
ETHUSDT,2023-01-09 00:00:00+00:00,1.9386998447204968,1.9386998447204968,False,1.9386998447204968,False,1.9386998447204968,False,1.9386998447204968
ETHUSDT,2023-01-09 04:00:00+00:00,1.9357256317689528,1.9357256317689528,False,1.9357256317689528,False,1.9357256317689528,False,1.9357256317689528
ETHUSDT,2023-01-12 00:00:00+00:00,1.9654343806283772,1.9654343806283772,False,1.9654343806283772,False,1.9654343806283772,False,1.9654343806283772
ETHUSDT,2023-01-12 20:00:00+00:00,1.9586443557850268,1.9586443557850268,False,1.9586443557850268,False,1.9586443557850268,False,1.9586443557850268
ETHUSDT,2023-01-21 00:00:00+00:00,-1.0336848578811368,-1.0336848578811368,False,-1.0336848578811368,False,-1.0336848578811368,False,-1.0336848578811368
ETHUSDT,2023-01-25 00:00:00+00:00,-1.0278658294392524,-1.0278658294392524,False,-1.0278658294392524,True,-1.0278658294392524,True,-1.0258551787877896
ETHUSDT,2023-01-29 20:00:00+00:00,-1.04040479338843,-1.04040479338843,False,-1.04040479338843,False,-1.04040479338843,False,-1.029678366869304
ETHUSDT,2023-02-15 20:00:00+00:00,1.9633133829671328,1.9633133829671328,False,1.9633133829671328,False,1.9633133829671328,False,1.9633133829671328
ETHUSDT,2023-02-16 00:00:00+00:00,0.5147667258732951,0.5147667258732951,False,0.5147667258732951,False,0.5147667258732951,False,0.5147667258732951
ETHUSDT,2023-03-03 04:00:00+00:00,0.14638472918158088,0.14638472918158088,False,0.14638472918158088,False,0.14638472918158088,False,0.2677484040609295
ETHUSDT,2023-03-09 20:00:00+00:00,1.9651498587000402,1.9651498587000402,False,1.9651498587000402,False,1.9651498587000402,False,1.9651498587000402
ETHUSDT,2023-03-13 00:00:00+00:00,1.9715568452808503,1.9715568452808503,False,1.9715568452808503,False,1.9715568452808503,False,1.963174520207153
ETHUSDT,2023-03-13 16:00:00+00:00,1.339848594682581,1.339848594682581,False,1.339848594682581,False,1.339848594682581,False,1.339848594682581
ETHUSDT,2023-03-14 16:00:00+00:00,-1.020957251598498,-1.020957251598498,False,-1.020957251598498,False,-1.020957251598498,False,-1.020957251598498
ETHUSDT,2023-03-22 20:00:00+00:00,-1.02249614199171,-1.02249614199171,False,-1.02249614199171,True,-1.02249614199171,True,-1.047406352887428
ETHUSDT,2023-03-23 16:00:00+00:00,-1.0224439891281623,-1.0224439891281623,False,-1.0224439891281623,False,-1.0224439891281623,False,-1.0217418894561496
ETHUSDT,2023-04-04 12:00:00+00:00,-0.5585065725956193,-0.5585065725956193,False,-0.5585065725956193,False,-0.5585065725956193,False,-0.41040735899774866
ETHUSDT,2023-04-13 12:00:00+00:00,1.962559233343471,1.962559233343471,False,1.962559233343471,False,1.962559233343471,False,1.962559233343471
ETHUSDT,2023-04-14 04:00:00+00:00,-0.3768264782521563,-0.3768264782521563,False,-0.3768264782521563,False,-0.3768264782521563,False,-0.3768264782521563
ETHUSDT,2023-04-19 12:00:00+00:00,1.5679747810100566,1.1370902562993404,True,1.3192044338704436,True,1.5679747810100566,True,1.5679747810100566
ETHUSDT,2023-04-21 20:00:00+00:00,-1.0341492034592628,-1.0341492034592628,False,-1.0341492034592628,True,-1.0341492034592628,True,-1.021976679641362
ETHUSDT,2023-04-26 12:00:00+00:00,-1.0428967057932603,-1.0428967057932603,True,-1.0428967057932603,False,-1.0428967057932603,False,-1.0420553783504065
ETHUSDT,2023-05-05 16:00:00+00:00,-1.035274012855831,-1.035274012855831,False,-1.035274012855831,False,-1.035274012855831,False,-1.059023711270059
ETHUSDT,2023-05-23 04:00:00+00:00,-1.043505022651172,-1.043505022651172,False,-1.043505022651172,False,-1.043505022651172,False,-1.043505022651172
ETHUSDT,2023-05-29 00:00:00+00:00,-1.0376492985971943,-1.0376492985971943,False,-1.0376492985971943,False,-1.0376492985971943,False,-1.0376492985971943
ETHUSDT,2023-06-05 16:00:00+00:00,-1.0438553553751733,-1.0438553553751733,False,-1.0438553553751733,False,-1.0438553553751733,False,-1.0490036125754676
ETHUSDT,2023-06-10 08:00:00+00:00,0.8843966955634884,0.8843966955634884,False,0.8843966955634884,False,0.8843966955634884,False,0.8843966955634884
ETHUSDT,2023-06-15 00:00:00+00:00,-1.0259894655901576,-1.0259894655901576,False,-1.0259894655901576,False,-1.0259894655901576,False,-1.0259894655901576
ETHUSDT,2023-06-20 20:00:00+00:00,1.958976759776536,1.958976759776536,False,1.5917523265749849,True,1.958976759776536,False,1.9588273823905353
ETHUSDT,2023-06-30 20:00:00+00:00,-0.2361873771339893,-0.2361873771339893,False,-0.2361873771339893,False,-0.2361873771339893,False,-0.4108662102100631
ETHUSDT,2023-07-07 00:00:00+00:00,-1.0540218471183989,-1.0540218471183989,False,-1.0540218471183989,False,-1.0540218471183989,False,-1.0540218471183989
ETHUSDT,2023-07-10 20:00:00+00:00,-1.065601393728223,-1.065601393728223,False,-1.065601393728223,False,-1.065601393728223,False,-1.0643470338179404
ETHUSDT,2023-07-13 16:00:00+00:00,-1.0403130358087844,-1.0403130358087844,False,-1.0403130358087844,False,-1.0403130358087844,False,1.948512121382592
ETHUSDT,2023-07-13 20:00:00+00:00,-1.0366018645121193,-1.0366018645121193,False,-1.0366018645121193,False,-1.0366018645121193,False,-1.0366018645121193
ETHUSDT,2023-08-01 04:00:00+00:00,-1.0579616330803454,-1.0579616330803454,False,-1.0579616330803454,False,-1.0579616330803454,False,-1.0579616330803454
ETHUSDT,2023-08-17 16:00:00+00:00,1.9620927688272762,1.9620927688272762,False,1.9620927688272762,False,1.9620927688272762,False,1.9620927688272762
ETHUSDT,2023-08-29 16:00:00+00:00,-1.0269391409072661,-1.0269391409072661,False,-1.0269391409072661,True,-1.0269391409072661,True,-1.0583461545251045
ETHUSDT,2023-09-18 12:00:00+00:00,-1.07869193934557,-1.07869193934557,False,-1.07869193934557,False,-1.07869193934557,False,-1.0812853476928181
ETHUSDT,2023-09-27 12:00:00+00:00,-1.049046001523229,-1.049046001523229,False,-1.049046001523229,False,-1.049046001523229,False,-1.049046001523229
ETHUSDT,2023-09-28 16:00:00+00:00,1.935361612284069,1.935361612284069,False,1.935361612284069,False,1.935361612284069,False,1.9263236254586704
ETHUSDT,2023-09-29 08:00:00+00:00,-1.053647399463807,-1.053647399463807,False,-1.053647399463807,False,-1.053647399463807,False,-1.053647399463807
ETHUSDT,2023-10-02 00:00:00+00:00,-1.0310194528875378,-1.0310194528875378,False,-1.0310194528875378,False,-1.0310194528875378,False,-1.0310194528875378
ETHUSDT,2023-10-09 12:00:00+00:00,1.9399426187419766,1.9399426187419766,False,1.9399426187419766,False,1.9399426187419766,False,0.8021046317202515
ETHUSDT,2023-10-23 00:00:00+00:00,1.9310785617367707,1.9310785617367707,False,2.1605879918588866,True,2.1605879918588866,True,1.9310785617367707
ETHUSDT,2023-10-23 04:00:00+00:00,1.9445313050440354,1.9445313050440354,False,1.9445313050440354,False,1.9445313050440354,False,1.9445313050440354
ETHUSDT,2023-10-23 20:00:00+00:00,1.9442531524341582,1.9442531524341582,False,1.9442531524341582,False,1.9442531524341582,False,1.9442531524341582
ETHUSDT,2023-11-09 16:00:00+00:00,-0.45697168778351344,-0.45697168778351344,False,-0.45697168778351344,False,-0.45697168778351344,False,-0.45697168778351344
ETHUSDT,2023-11-10 00:00:00+00:00,-1.0224621127015763,-1.0224621127015763,False,-1.0224621127015763,False,-1.0224621127015763,False,-1.0224621127015763
ETHUSDT,2023-12-01 04:00:00+00:00,1.9455633587786256,1.9455633587786256,False,1.9455633587786256,False,1.9455633587786256,False,1.9370369557277345
ETHUSDT,2023-12-07 16:00:00+00:00,-1.0305805238415044,-1.0305805238415044,False,-1.0305805238415044,False,-1.0305805238415044,False,-1.0305805238415044
ETHUSDT,2023-12-27 16:00:00+00:00,-1.0418781136638453,-1.0418781136638453,False,-1.0418781136638453,False,-1.0418781136638453,False,-1.0418781136638453
ETHUSDT,2024-01-08 20:00:00+00:00,-1.0290856902710652,-1.0290856902710652,False,-1.0290856902710652,False,-1.0290856902710652,False,-1.0290856902710652
ETHUSDT,2024-01-18 20:00:00+00:00,1.9674158107328332,1.9674158107328332,False,2.37527723023658,True,1.9674158107328332,False,1.9674158107328332
ETHUSDT,2024-01-22 20:00:00+00:00,1.957113670886076,1.957113670886076,False,1.3966510126582319,True,1.957113670886076,False,1.957113670886076
ETHUSDT,2024-01-23 12:00:00+00:00,-0.5034776520379075,-0.5034776520379075,False,-0.5034776520379075,False,-0.5034776520379075,False,-0.5034776520379075
ETHUSDT,2024-02-07 20:00:00+00:00,1.941993192488263,1.941993192488263,False,1.941993192488263,False,1.941993192488263,False,1.942432271286073
ETHUSDT,2024-02-09 12:00:00+00:00,1.9385063829787235,1.9385063829787235,False,1.9385063829787235,False,1.9385063829787235,False,1.9385063829787235
ETHUSDT,2024-02-12 16:00:00+00:00,1.9588280765724702,1.9588280765724702,False,1.9588280765724702,False,1.9588280765724702,False,1.9588280765724702
ETHUSDT,2024-02-14 12:00:00+00:00,1.3822601219061639,1.3822601219061639,False,1.3822601219061639,False,1.3822601219061639,False,1.3822601219061639
ETHUSDT,2024-02-26 16:00:00+00:00,1.9637158100195184,1.9637158100195184,False,1.9637158100195184,False,1.9637158100195184,False,1.9637158100195184
ETHUSDT,2024-03-11 08:00:00+00:00,-1.0281216174183514,-1.0281216174183514,False,-1.0281216174183514,False,-1.0281216174183514,False,-1.062131213161537
ETHUSDT,2024-03-20 00:00:00+00:00,-1.02163546256729,-1.02163546256729,False,-1.02163546256729,True,-1.02163546256729,True,-1.02163546256729
ETHUSDT,2024-03-25 16:00:00+00:00,-0.5064644927057885,-0.5064644927057885,True,-0.5064644927057885,False,-0.5064644927057885,False,-0.39289428619501693
ETHUSDT,2024-03-31 08:00:00+00:00,-1.046199225473322,-1.046199225473322,False,-1.046199225473322,False,-1.046199225473322,False,-1.0396556167284021
ETHUSDT,2024-04-01 16:00:00+00:00,0.7169593172119504,0.7169593172119504,False,0.7169593172119504,True,0.7169593172119504,True,1.9487347699732136
ETHUSDT,2024-04-08 12:00:00+00:00,-1.0261022968089666,-1.0261022968089666,False,-1.0261022968089666,False,-1.0261022968089666,False,-1.0261022968089666
ETHUSDT,2024-04-30 12:00:00+00:00,-1.0239891121192481,-1.0239891121192481,False,-1.0239891121192481,False,-1.0239891121192481,False,-1.0239891121192481
ETHUSDT,2024-05-01 08:00:00+00:00,-1.0244859679544982,-1.0244859679544982,False,-1.0244859679544982,False,-1.0244859679544982,False,-1.0244859679544982
ETHUSDT,2024-05-10 16:00:00+00:00,-0.8697980792126342,-0.8697980792126342,False,-0.8697980792126342,False,-0.8697980792126342,False,-1.0393986988661343
ETHUSDT,2024-05-17 16:00:00+00:00,1.9579661417322833,1.9579661417322833,False,5.193228543307082,True,1.9579661417322833,False,1.957377895943765
ETHUSDT,2024-05-20 20:00:00+00:00,0.9331640132922773,0.9331640132922773,False,0.9331640132922773,False,0.9331640132922773,False,0.9331640132922773
ETHUSDT,2024-05-21 00:00:00+00:00,0.4363349018308349,0.4363349018308349,False,0.4363349018308349,False,0.4363349018308349,False,0.4363349018308349
ETHUSDT,2024-06-11 16:00:00+00:00,-1.0425094408427877,-1.0425094408427877,False,-1.0425094408427877,True,-1.0425094408427877,False,-1.0425094408427877
ETHUSDT,2024-07-05 04:00:00+00:00,-1.019144987037723,-1.019144987037723,False,-1.019144987037723,False,-1.019144987037723,False,-1.019144987037723
ETHUSDT,2024-07-15 04:00:00+00:00,1.9572478003120124,1.9572478003120124,False,1.6010393967758718,True,1.6010393967758718,True,1.9572478003120124
ETHUSDT,2024-07-16 00:00:00+00:00,-1.0516545318164772,-1.0516545318164772,False,-1.0516545318164772,True,-1.0516545318164772,True,-1.0516545318164772
ETHUSDT,2024-07-25 04:00:00+00:00,-1.0224265801710775,-1.0224265801710775,False,-1.0224265801710775,False,-1.0224265801710775,False,-1.0224265801710775
ETHUSDT,2024-07-29 04:00:00+00:00,-1.0485232856618996,-1.0485232856618996,True,-1.0485232856618996,True,-1.0485232856618996,True,-1.0457230097523906
ETHUSDT,2024-08-15 20:00:00+00:00,-1.0249960449724902,-1.0249960449724902,False,-1.0249960449724902,False,-1.0249960449724902,False,-1.0224968318413108
ETHUSDT,2024-08-23 20:00:00+00:00,-1.0388477558348292,-1.0388477558348292,False,-1.0388477558348292,True,-1.0388477558348292,True,-1.0290788129162272
ETHUSDT,2024-08-27 12:00:00+00:00,1.9530117719003213,1.9530117719003213,False,1.9530117719003213,False,1.9530117719003213,False,1.9607280802128018
ETHUSDT,2024-09-02 00:00:00+00:00,-1.032838919038653,-1.032838919038653,False,-1.032838919038653,False,-1.032838919038653,False,-1.032838919038653
ETHUSDT,2024-09-06 16:00:00+00:00,-0.4482253077052767,-0.4482253077052767,False,-0.4482253077052767,False,-0.4482253077052767,False,-0.4482253077052767
ETHUSDT,2024-09-23 04:00:00+00:00,-0.01452254773356796,-0.01452254773356796,False,-0.01452254773356796,False,-0.01452254773356796,False,-0.01452254773356796
ETHUSDT,2024-10-02 20:00:00+00:00,-1.0271694921583272,-1.0271694921583272,False,-1.0271694921583272,False,-1.0271694921583272,False,-1.0271694921583272
ETHUSDT,2024-10-07 04:00:00+00:00,-1.0497261848739496,-1.0497261848739496,True,-1.0497261848739496,True,-1.0497261848739496,False,-1.0330160203339305
ETHUSDT,2024-10-14 04:00:00+00:00,1.959873957797221,1.959873957797221,False,1.5795053010807936,True,1.959873957797221,False,1.941334409767454
ETHUSDT,2024-10-14 16:00:00+00:00,0.026771425742577685,0.026771425742577685,False,0.026771425742577685,False,0.026771425742577685,False,0.026771425742577685
ETHUSDT,2024-10-20 16:00:00+00:00,-1.0496925983276557,-1.0496925983276557,False,-1.0496925983276557,False,-1.0496925983276557,False,-1.0496925983276557
ETHUSDT,2024-10-21 00:00:00+00:00,-1.0654844426623902,-1.0654844426623902,False,-1.0654844426623902,False,-1.0654844426623902,False,-1.0654844426623902
ETHUSDT,2024-11-07 04:00:00+00:00,1.976419223224794,1.976419223224794,False,1.976419223224794,False,1.976419223224794,False,1.976419223224794
ETHUSDT,2024-12-19 00:00:00+00:00,1.9739017499843192,1.9739017499843192,False,1.4153280812895963,True,1.4153280812895963,True,1.9739017499843192
ETHUSDT,2024-12-19 20:00:00+00:00,-0.29288933974196807,-0.29288933974196807,False,-0.29288933974196807,True,-0.29288933974196807,True,-0.24988183010293732
ETHUSDT,2024-12-20 12:00:00+00:00,-1.0136216210548392,-1.0136216210548392,False,-1.0136216210548392,True,-1.0136216210548392,True,-1.0136216210548392
ETHUSDT,2025-01-03 16:00:00+00:00,-1.0405837504813247,-1.0405837504813247,False,-1.0405837504813247,True,-1.0405837504813247,True,-1.0396230734546836
ETHUSDT,2025-01-07 16:00:00+00:00,0.9737279759956381,0.9737279759956381,False,0.9737279759956381,True,0.9737279759956381,True,0.9737279759956381
ETHUSDT,2025-01-09 20:00:00+00:00,-1.0295896885394618,-1.0295896885394618,False,-1.0295896885394618,True,-1.0295896885394618,True,-0.18942592540235267
ETHUSDT,2025-01-13 12:00:00+00:00,-1.0252627226890758,-1.0252627226890758,False,-1.0252627226890758,False,-1.0252627226890758,False,-1.0252627226890758
ETHUSDT,2025-01-19 12:00:00+00:00,-1.0302352489219913,-1.0302352489219913,False,-1.0302352489219913,False,-1.0302352489219913,False,-1.024666913056944
ETHUSDT,2025-02-25 00:00:00+00:00,1.9811426519483977,1.9811426519483977,False,1.9811426519483977,False,1.9811426519483977,False,1.9811426519483977
ETHUSDT,2025-02-26 20:00:00+00:00,-1.0205823060188544,-1.0205823060188544,False,-1.0205823060188544,False,-1.0205823060188544,False,-1.0205823060188544
ETHUSDT,2025-02-28 04:00:00+00:00,-1.0160597636330913,-1.0160597636330913,False,-1.0160597636330913,False,-1.0160597636330913,False,-1.0160597636330913
ETHUSDT,2025-03-02 20:00:00+00:00,-1.0102866493961395,-1.0102866493961395,True,-1.0102866493961395,True,-1.0102866493961395,True,-1.0102866493961395
ETHUSDT,2025-03-19 12:00:00+00:00,0.6157771339563864,0.6157771339563864,False,0.6157771339563864,True,0.6157771339563864,True,0.6157771339563864
ETHUSDT,2025-03-24 08:00:00+00:00,-1.0448016456390565,-1.0448016456390565,False,-1.0448016456390565,True,-1.0448016456390565,True,-1.0448016456390565
ETHUSDT,2025-03-28 08:00:00+00:00,0.4150983384485131,0.4150983384485131,False,0.4150983384485131,False,0.4150983384485131,False,1.9549051405579194
ETHUSDT,2025-04-01 16:00:00+00:00,-1.0296259157148484,-1.0296259157148484,False,-1.0296259157148484,True,-1.0296259157148484,True,-1.0250457418870214
ETHUSDT,2025-04-06 20:00:00+00:00,0.42948846211328745,0.42948846211328745,False,0.42948846211328745,False,0.42948846211328745,False,0.42948846211328745
ETHUSDT,2025-04-21 04:00:00+00:00,-1.039951168079388,-1.039951168079388,False,-1.039951168079388,True,-1.039951168079388,True,-1.0563282026930514
ETHUSDT,2025-04-22 16:00:00+00:00,1.9719634931057122,1.9719634931057122,False,1.3513249376231105,True,1.3513249376231105,True,1.3059969381177572
ETHUSDT,2025-05-08 04:00:00+00:00,1.9741051742801445,1.9741051742801445,False,1.6518262610954777,True,1.6518262610954777,True,1.9741051742801445
ETHUSDT,2025-05-08 16:00:00+00:00,1.973430938884881,1.973430938884881,False,1.973430938884881,False,1.973430938884881,False,1.973430938884881
ETHUSDT,2025-05-08 20:00:00+00:00,1.9674981647986205,1.9674981647986205,False,1.9674981647986205,False,1.9674981647986205,False,1.9674981647986205
ETHUSDT,2025-05-09 00:00:00+00:00,1.9711471343564047,1.9711471343564047,False,1.9711471343564047,False,1.9711471343564047,False,1.9711471343564047
ETHUSDT,2025-05-09 08:00:00+00:00,1.9812111352222703,1.9812111352222703,False,1.9812111352222703,False,1.9812111352222703,False,1.9812111352222703
ETHUSDT,2025-05-18 20:00:00+00:00,-1.0170382252559726,-1.0170382252559726,False,-1.0170382252559726,True,-1.0170382252559726,False,-1.0170382252559726
ETHUSDT,2025-05-29 04:00:00+00:00,-1.034858337790138,-1.034858337790138,False,-1.034858337790138,False,-1.034858337790138,False,-1.034858337790138
ETHUSDT,2025-06-06 00:00:00+00:00,-1.0244069033530572,-1.0244069033530572,False,-1.0244069033530572,True,-1.0244069033530572,False,-1.026441583842295
ETHUSDT,2025-06-10 00:00:00+00:00,-1.0302031414615458,-1.0302031414615458,False,-1.0302031414615458,False,-1.0302031414615458,False,1.959495484365076
ETHUSDT,2025-06-10 12:00:00+00:00,-1.0315147047472017,-1.0315147047472017,False,-1.0315147047472017,False,-1.0315147047472017,False,-1.0315147047472017
ETHUSDT,2025-06-11 16:00:00+00:00,-1.0334083086053412,-1.0334083086053412,False,-1.0334083086053412,False,-1.0334083086053412,False,-1.0334083086053412
ETHUSDT,2025-06-22 16:00:00+00:00,-1.0238817127564674,-1.0238817127564674,False,-1.0238817127564674,False,-1.0238817127564674,False,-1.0238817127564674
ETHUSDT,2025-06-30 00:00:00+00:00,-1.0334573050289477,-1.0334573050289477,False,-1.0334573050289477,True,-1.0334573050289477,True,-1.0410383140221082
ETHUSDT,2025-07-02 20:00:00+00:00,-1.0278929443938012,-1.0278929443938012,False,-1.0278929443938012,False,-1.0278929443938012,False,-1.0278929443938012
ETHUSDT,2025-07-09 20:00:00+00:00,1.9693327531083482,1.9693327531083482,False,1.9693327531083482,False,1.9693327531083482,False,1.9693327531083482
ETHUSDT,2025-07-16 00:00:00+00:00,1.9640213909670268,1.9640213909670268,False,1.9640213909670268,False,1.9640213909670268,False,1.9640213909670268
ETHUSDT,2025-07-16 16:00:00+00:00,1.9586703772418057,1.9586703772418057,False,1.9586703772418057,False,1.9586703772418057,False,1.9586703772418057
ETHUSDT,2025-07-16 20:00:00+00:00,1.9715847205468433,1.9715847205468433,False,1.9715847205468433,False,1.9715847205468433,False,1.9715847205468433
ETHUSDT,2025-07-17 08:00:00+00:00,1.9664506645817044,1.9664506645817044,False,1.9664506645817044,False,1.9664506645817044,False,1.9664506645817044
ETHUSDT,2025-08-07 12:00:00+00:00,1.9619427608346711,1.9619427608346711,False,1.9619427608346711,False,1.9619427608346711,False,1.9707612288792908
ETHUSDT,2025-08-09 08:00:00+00:00,1.9589658070678129,1.9589658070678129,False,1.9589658070678129,False,1.9589658070678129,False,1.9589658070678129
ETHUSDT,2025-08-12 16:00:00+00:00,-0.09464728431221171,-0.09464728431221171,False,-0.09464728431221171,False,-0.09464728431221171,False,-0.09464728431221171
ETHUSDT,2025-08-18 04:00:00+00:00,-1.032668934801435,-1.032668934801435,False,-1.032668934801435,True,-1.032668934801435,True,1.9407387632055388
ETHUSDT,2025-08-22 16:00:00+00:00,-0.13677287496941606,-0.13677287496941606,False,-0.13677287496941606,False,-0.13677287496941606,False,1.9630138165827267
ETHUSDT,2025-08-22 20:00:00+00:00,-1.0261373565073073,-1.0261373565073073,False,-1.0261373565073073,False,-1.0261373565073073,False,-1.0261373565073073
ETHUSDT,2025-09-12 20:00:00+00:00,-1.044652048582996,-1.044652048582996,False,-1.044652048582996,False,-1.044652048582996,False,-1.044652048582996
ETHUSDT,2025-09-22 04:00:00+00:00,1.9667277603575959,1.9667277603575959,False,1.9667277603575959,False,1.9667277603575959,False,1.9667277603575959
ETHUSDT,2025-09-29 00:00:00+00:00,1.9521628072809156,3.2563151060236444,True,3.1874879714768323,True,1.9521628072809156,False,1.9626528008484765
ETHUSDT,2025-10-01 12:00:00+00:00,1.9655856784081396,1.9655856784081396,False,2.381331959559536,True,1.9655856784081396,False,1.9594860595261179
ETHUSDT,2025-10-06 16:00:00+00:00,-1.0537733566026757,-1.0537733566026757,False,-1.0537733566026757,False,-1.0537733566026757,False,-1.0537733566026757
ETHUSDT,2025-10-10 16:00:00+00:00,1.9840656737193763,1.9840656737193763,False,1.9840656737193763,False,1.9840656737193763,False,1.9840656737193763
ETHUSDT,2025-10-17 08:00:00+00:00,-1.0257158234900825,-1.0257158234900825,False,-1.0257158234900825,False,-1.0257158234900825,False,-1.0183068413859373
ETHUSDT,2025-10-26 12:00:00+00:00,1.947106964856235,1.947106964856235,False,-1.05109303514377,True,1.947106964856235,False,-1.034129784509043
ETHUSDT,2025-10-27 00:00:00+00:00,-1.0472212937230474,-1.0472212937230474,False,-1.0472212937230474,True,-1.0472212937230474,False,-1.0416053370099614
ETHUSDT,2025-11-03 16:00:00+00:00,1.9742412018779345,1.9742412018779345,False,1.9742412018779345,False,1.9742412018779345,False,1.9742412018779345
ETHUSDT,2025-11-04 08:00:00+00:00,1.9738613729708585,1.9738613729708585,False,1.9738613729708585,False,1.9738613729708585,False,1.9738613729708585
ETHUSDT,2025-11-04 20:00:00+00:00,-1.0139860240298302,-1.0139860240298302,False,-1.0139860240298302,False,-1.0139860240298302,False,-1.0139860240298302
ETHUSDT,2025-11-13 20:00:00+00:00,0.35022283719770775,0.35022283719770775,False,0.35022283719770775,False,0.35022283719770775,False,0.29002808195098045
ETHUSDT,2025-11-17 20:00:00+00:00,-1.0229265581134195,-1.0229265581134195,False,-1.0229265581134195,False,-1.0229265581134195,False,-1.0229265581134195
ETHUSDT,2025-11-24 20:00:00+00:00,0.22887849888104572,0.22887849888104572,True,0.22887849888104572,True,0.22887849888104572,True,0.22887849888104572
ETHUSDT,2025-11-26 20:00:00+00:00,-1.0337568690397507,-1.0337568690397507,True,-1.0337568690397507,True,-1.0337568690397507,True,-1.0350162266052083
ETHUSDT,2025-12-01 04:00:00+00:00,-1.0201217271157168,-1.0201217271157168,False,-1.0201217271157168,False,-1.0201217271157168,False,-1.0201217271157168
ETHUSDT,2025-12-01 16:00:00+00:00,-1.0354369211249737,-1.0354369211249737,False,-1.0354369211249737,False,-1.0354369211249737,False,-1.0354369211249737
ETHUSDT,2025-12-09 16:00:00+00:00,-1.0258430142566193,-1.0258430142566193,False,-1.0258430142566193,True,-1.0258430142566193,True,1.925154567666756
ETHUSDT,2025-12-12 16:00:00+00:00,1.3761602579067316,1.3761602579067316,False,1.4941232727474856,True,1.3761602579067316,False,1.9720412376941092
ETHUSDT,2025-12-15 16:00:00+00:00,0.19792527502193158,0.19792527502193158,False,1.4065868664371974,True,1.4065868664371974,True,1.9523614339171276
ETHUSDT,2025-12-18 20:00:00+00:00,-1.018590428971761,-1.018590428971761,False,-1.018590428971761,False,-1.018590428971761,False,-1.018590428971761
ETHUSDT,2025-12-29 04:00:00+00:00,-1.0362158451768975,-1.0362158451768975,False,-1.0362158451768975,False,-1.0362158451768975,False,-1.0417263491168964
ETHUSDT,2026-01-14 00:00:00+00:00,-1.0289039254823684,-1.0289039254823684,False,-1.0289039254823684,False,-1.0289039254823684,False,-1.0289039254823684
ETHUSDT,2026-01-20 08:00:00+00:00,1.9442907379289402,1.9442907379289402,False,2.766374946856963,True,2.766374946856963,True,1.9442907379289402
ETHUSDT,2026-01-25 20:00:00+00:00,-1.0299986413516808,-1.0299986413516808,False,-1.0299986413516808,False,-1.0299986413516808,False,-1.0299986413516808
ETHUSDT,2026-01-29 16:00:00+00:00,1.9716492806696313,1.9716492806696313,False,1.9716492806696313,False,1.9716492806696313,False,1.9716492806696313
ETHUSDT,2026-01-31 16:00:00+00:00,1.9736118660981585,1.9736118660981585,False,1.9736118660981585,False,1.9736118660981585,False,1.9736118660981585
ETHUSDT,2026-02-23 04:00:00+00:00,-1.0240201781037193,-1.0240201781037193,False,-1.0240201781037193,False,-1.0240201781037193,False,-1.0240201781037193
ETHUSDT,2026-02-25 16:00:00+00:00,-1.0258350508697078,-1.0258350508697078,False,-1.0258350508697078,True,-1.0258350508697078,True,-1.0335582023015766
ETHUSDT,2026-03-04 16:00:00+00:00,-1.0220618303179343,-1.0220618303179343,False,-1.0220618303179343,True,-1.0220618303179343,False,-1.0176241705436961
ETHUSDT,2026-03-16 04:00:00+00:00,1.960982069354384,1.960982069354384,False,1.960982069354384,False,1.960982069354384,False,1.960982069354384
ETHUSDT,2026-03-22 00:00:00+00:00,-1.0352802328805102,-1.0352802328805102,True,-1.0352802328805102,True,-1.0352802328805102,False,-1.04372087810198
ETHUSDT,2026-03-27 12:00:00+00:00,-1.031321850899743,-1.031321850899743,False,-1.031321850899743,False,-1.031321850899743,False,-1.0362606919627333
ETHUSDT,2026-04-06 00:00:00+00:00,1.956715838457703,1.956715838457703,False,1.956715838457703,False,1.956715838457703,False,1.9521325026827983
ETHUSDT,2026-04-08 00:00:00+00:00,-0.3735453645712515,-0.3735453645712515,False,-0.3735453645712515,False,-0.3735453645712515,False,-0.3735453645712515
ETHUSDT,2026-04-11 20:00:00+00:00,-1.0394281146478468,-1.0394281146478468,False,-1.0394281146478468,False,-1.0394281146478468,False,-1.0394281146478468
ETHUSDT,2026-04-14 00:00:00+00:00,-0.26660821580846217,-0.26660821580846217,False,-0.26660821580846217,False,-0.26660821580846217,False,-0.26660821580846217
ETHUSDT,2026-04-17 16:00:00+00:00,-1.0310589455488333,-1.0310589455488333,False,-1.0310589455488333,False,-1.0310589455488333,False,-1.0374547027336873
ETHUSDT,2026-04-27 16:00:00+00:00,-1.0504645479452055,-1.0504645479452055,False,-1.0504645479452055,True,-1.0504645479452055,True,-1.0457050762069755
ETHUSDT,2026-05-04 04:00:00+00:00,-1.0371241597469354,-1.0371241597469354,False,-1.0371241597469354,False,-1.0371241597469354,False,-1.0371241597469354
ETHUSDT,2026-05-13 16:00:00+00:00,-1.0383677455671263,-1.0383677455671263,False,-1.0383677455671263,True,-1.0383677455671263,False,-1.0383677455671263
ETHUSDT,2026-05-22 20:00:00+00:00,-1.0390524976729756,-1.0390524976729756,False,-1.0390524976729756,False,-1.0390524976729756,False,-1.0377100304185176
ETHUSDT,2026-06-05 16:00:00+00:00,-1.0207244359707657,-1.0207244359707657,False,-1.0207244359707657,False,-1.0207244359707657,False,-1.0207244359707657
ETHUSDT,2026-06-15 00:00:00+00:00,-0.31004256670902197,-0.31004256670902197,False,-0.31004256670902197,True,-0.31004256670902197,True,1.94752260314917
ETHUSDT,2026-06-15 12:00:00+00:00,-1.0397353142857142,-1.0397353142857142,False,-1.0397353142857142,True,-1.0397353142857142,True,-1.0397353142857142
ETHUSDT,2026-06-15 16:00:00+00:00,-1.0253781348973607,-1.0253781348973607,False,-1.0253781348973607,True,-1.0253781348973607,True,-1.0253781348973607
ETHUSDT,2026-06-18 16:00:00+00:00,-1.0291002964845404,-1.0291002964845404,False,-1.0291002964845404,False,-1.0291002964845404,False,-1.0291002964845404
ETHUSDT,2026-06-23 08:00:00+00:00,1.9593251503213767,1.9593251503213767,False,1.9593251503213767,False,1.9593251503213767,False,1.9593251503213767
ETHUSDT,2026-06-24 16:00:00+00:00,-0.14975807625375695,-0.14975807625375695,False,-0.14975807625375695,False,-0.14975807625375695,False,1.9636275770040525
ETHUSDT,2026-06-29 20:00:00+00:00,-1.037248661233993,-1.037248661233993,True,-1.037248661233993,True,-1.037248661233993,True,1.9756852640483478
ETHUSDT,2026-07-14 16:00:00+00:00,-0.18667351886209166,-0.18667351886209166,False,-0.18667351886209166,True,-0.18667351886209166,True,-0.18667351886209166
ETHUSDT,2026-07-15 16:00:00+00:00,-1.0433831531018782,-1.0433831531018782,False,-1.0433831531018782,True,-1.0433831531018782,True,-1.0433831531018782
ETHUSDT,2026-07-27 00:00:00+00:00,-1.0532243230839835,-1.0532243230839835,False,-1.0532243230839835,False,-1.0532243230839835,False,-1.0532243230839835
ETHUSDT,2026-08-05 20:00:00+00:00,-1.052137826685007,-1.052137826685007,False,-1.052137826685007,False,-1.052137826685007,False,-1.052137826685007
ETHUSDT,2026-08-10 16:00:00+00:00,-1.0491952103559872,-1.0491952103559872,False,-1.0491952103559872,True,-1.0491952103559872,True,-1.0654354409459783
ETHUSDT,2026-08-11 16:00:00+00:00,-1.064374607703281,-1.064374607703281,False,-1.064374607703281,True,-1.064374607703281,True,-1.094076505321099
ETHUSDT,2026-08-17 04:00:00+00:00,1.918676501580611,1.918676501580611,False,1.918676501580611,False,1.918676501580611,False,-1.21115110204125
ETHUSDT,2026-08-19 16:00:00+00:00,1.983517328123092,1.983517328123092,False,1.983517328123092,False,1.983517328123092,False,1.983517328123092
ETHUSDT,2026-08-22 00:00:00+00:00,-1.0275021126105166,-1.0275021126105166,False,-1.0275021126105166,False,-1.0275021126105166,False,-1.0275021126105166
EURUSD,2017-01-17 12:00:00+00:00,-1.2322108695652185,-1.2322108695652185,False,-1.2322108695652185,False,-1.2322108695652185,False,-1.1770338867699577
EURUSD,2017-01-26 16:00:00+00:00,-1.208482467532462,-1.208482467532462,False,-1.208482467532462,True,-1.208482467532462,False,-1.195002936145425
EURUSD,2017-01-31 16:00:00+00:00,-1.1932941704035913,-1.1932941704035913,False,-1.1932941704035913,False,-1.1932941704035913,False,-1.1501388805839146
EURUSD,2017-02-14 16:00:00+00:00,-1.1903652694610771,-1.1903652694610771,False,-1.1903652694610771,True,-1.1903652694610771,False,-1.1903652694610771
EURUSD,2017-02-22 08:00:00+00:00,-1.321454961832062,-1.321454961832062,False,-1.321454961832062,True,-1.321454961832062,False,-1.2300529640495352
EURUSD,2017-03-10 16:00:00+00:00,1.137039556962003,1.137039556962003,False,1.4137721518986945,True,1.4137721518986945,True,1.7887627862715787
EURUSD,2017-03-30 20:00:00+00:00,0.5379605042016368,0.5379605042016368,False,0.5379605042016368,True,0.5379605042016368,True,0.5379605042016368
EURUSD,2017-04-25 16:00:00+00:00,-1.214626885245902,-1.214626885245902,False,-1.214626885245902,False,-1.214626885245902,False,-1.214626885245902
EURUSD,2017-05-04 16:00:00+00:00,-1.2729950103950114,-1.2729950103950114,False,-1.2729950103950114,False,-1.2729950103950114,False,-1.343016662567244
EURUSD,2017-05-05 16:00:00+00:00,-1.2648752515090584,-1.2648752515090584,False,-1.2648752515090584,False,-1.2648752515090584,False,-1.1972987887008484
EURUSD,2017-05-16 08:00:00+00:00,1.6814215827338135,1.6814215827338135,False,1.6814215827338135,False,1.6814215827338135,False,1.6814215827338135
EURUSD,2017-05-22 12:00:00+00:00,-1.1833241473396983,-1.1833241473396983,False,-1.1833241473396983,False,-1.1833241473396983,False,-1.1833241473396983
EURUSD,2017-05-30 00:00:00+00:00,-1.3097361111111039,-1.3097361111111039,True,-1.3097361111111039,True,-1.3097361111111039,True,-1.2584824532219787
EURUSD,2017-06-02 16:00:00+00:00,-1.2093944099378882,-1.2093944099378882,False,-1.2093944099378882,False,-1.2093944099378882,False,-1.4134981882832187
EURUSD,2017-06-14 16:00:00+00:00,-1.1744540750323413,-1.1744540750323413,False,-1.1744540750323413,False,-1.1744540750323413,False,-1.2628142970924834
EURUSD,2017-06-27 12:00:00+00:00,1.8338907317073212,1.8338907317073212,False,1.8338907317073212,False,1.8338907317073212,False,1.8338907317073212
EURUSD,2017-06-27 16:00:00+00:00,1.764051813471501,1.764051813471501,False,1.764051813471501,False,1.764051813471501,False,1.764051813471501
EURUSD,2017-07-18 04:00:00+00:00,1.7539596460176963,1.7539596460176963,False,1.7539596460176963,False,1.7539596460176963,False,1.766478213397893
EURUSD,2017-07-20 16:00:00+00:00,0.04810129533678989,0.04810129533678989,False,0.04810129533678989,False,0.04810129533678989,False,0.04810129533678989
EURUSD,2017-07-26 20:00:00+00:00,1.2259048805815136,1.2259048805815136,False,1.2259048805815136,False,1.2259048805815136,False,-1.2234573445660066
EURUSD,2017-07-31 16:00:00+00:00,-0.5133319688109105,-0.5133319688109105,False,-0.5133319688109105,False,-0.5133319688109105,False,-1.180735584628874
EURUSD,2017-08-04 16:00:00+00:00,-0.5752082591093161,-0.5752082591093161,False,-0.5752082591093161,True,-0.5752082591093161,False,-1.4580878296301734
EURUSD,2017-08-08 16:00:00+00:00,-1.151394855305469,-1.151394855305469,False,-1.151394855305469,True,-1.151394855305469,False,-1.151394855305469
EURUSD,2017-08-21 16:00:00+00:00,-1.2643555140186933,-1.2643555140186933,False,-1.2643555140186933,False,-1.2643555140186933,False,1.8224228510674696
EURUSD,2017-08-25 16:00:00+00:00,1.835973028571425,1.835973028571425,False,1.835973028571425,False,1.835973028571425,False,1.785077570708564
EURUSD,2017-08-25 20:00:00+00:00,1.7622809917355415,1.7622809917355415,False,1.7622809917355415,False,1.7622809917355415,False,1.7622809917355415
EURUSD,2017-08-29 08:00:00+00:00,-1.1847369230769222,-1.1847369230769222,False,-1.1847369230769222,False,-1.1847369230769222,False,-1.1847369230769222
EURUSD,2017-08-31 12:00:00+00:00,-1.2082736842105277,-1.2082736842105277,False,-1.2082736842105277,True,-1.2082736842105277,False,-1.2082736842105277
EURUSD,2017-09-13 16:00:00+00:00,-1.156986418400875,-1.156986418400875,True,-1.156986418400875,True,-1.156986418400875,False,-1.2854521688370752
EURUSD,2017-09-20 20:00:00+00:00,0.888917622377622,0.888917622377622,False,0.888917622377622,False,0.888917622377622,False,-1.2961474691384778
EURUSD,2017-09-26 08:00:00+00:00,1.7107262295081962,1.7107262295081962,False,0.9069655737705066,True,1.7107262295081962,False,0.6202749033769731
EURUSD,2017-10-26 16:00:00+00:00,0.15268876013905777,0.15268876013905777,False,0.15268876013905777,False,0.15268876013905777,False,0.20934994734465023
EURUSD,2017-10-26 20:00:00+00:00,-0.5183081784386678,-0.5183081784386678,False,-0.5183081784386678,False,-0.5183081784386678,False,-0.5183081784386678
EURUSD,2017-11-09 12:00:00+00:00,1.72055298804781,1.72055298804781,False,1.2566880478087799,True,1.72055298804781,False,1.7083674018439812
EURUSD,2017-11-14 12:00:00+00:00,1.6371403598971674,1.6371403598971674,False,2.0970185089974773,True,1.6371403598971674,False,1.6371403598971674
EURUSD,2017-11-14 20:00:00+00:00,-1.3324042352941283,-1.3324042352941283,False,-1.3324042352941283,False,-1.3324042352941283,False,-1.3324042352941283
EURUSD,2017-11-20 00:00:00+00:00,-1.2259024000000047,-1.2259024000000047,True,-1.2259024000000047,True,-1.2259024000000047,False,-1.2259024000000047
EURUSD,2017-11-24 16:00:00+00:00,-1.1806805063291135,-1.1806805063291135,False,-1.1806805063291135,False,-1.1806805063291135,False,-1.1806805063291135
EURUSD,2017-12-12 16:00:00+00:00,-1.2843806451612858,-1.2843806451612858,False,-1.2843806451612858,True,-1.2843806451612858,False,-1.2843806451612858
EURUSD,2017-12-13 20:00:00+00:00,-1.2156286585365814,-1.2156286585365814,False,-1.2156286585365814,True,-1.2156286585365814,False,-1.3823378001602022
EURUSD,2017-12-29 12:00:00+00:00,1.59014886363636,1.59014886363636,False,1.59014886363636,False,1.59014886363636,False,1.59014886363636
EURUSD,2018-01-08 08:00:00+00:00,-1.3603899999999995,-1.3603899999999995,False,-1.3603899999999995,True,-1.3603899999999995,False,-1.292790073142182
EURUSD,2018-01-11 16:00:00+00:00,1.870391474245116,1.870391474245116,False,1.870391474245116,False,1.870391474245116,False,1.7349226142029044
EURUSD,2018-01-12 12:00:00+00:00,1.7967300000000026,1.7967300000000026,False,1.7967300000000026,False,1.7967300000000026,False,1.8156727845607954
EURUSD,2018-01-25 16:00:00+00:00,-1.1398943820224716,-1.1398943820224716,False,-1.1398943820224716,False,-1.1398943820224716,False,-1.1398943820224716
EURUSD,2018-02-14 16:00:00+00:00,-0.7713114083398808,-0.7713114083398808,False,-0.7713114083398808,False,-0.7713114083398808,False,-0.7713114083398808
EURUSD,2018-02-27 16:00:00+00:00,-1.1790529769137263,-1.1790529769137263,False,-1.1790529769137263,True,-1.1790529769137263,False,-1.220525141701077
EURUSD,2018-03-06 12:00:00+00:00,-1.2201216617210693,-1.2201216617210693,False,-1.2201216617210693,True,-1.2201216617210693,False,-1.1719144060932114
EURUSD,2018-04-03 16:00:00+00:00,-1.273572170686456,-1.273572170686456,False,-1.273572170686456,False,-1.273572170686456,False,-1.2632116178743253
EURUSD,2018-04-26 16:00:00+00:00,1.32146315789475,1.32146315789475,False,1.32146315789475,False,1.32146315789475,False,1.32146315789475
EURUSD,2018-05-16 12:00:00+00:00,1.1085151145038006,1.1085151145038006,False,1.1085151145038006,False,1.1085151145038006,False,1.1085151145038006
EURUSD,2018-05-23 08:00:00+00:00,1.753333333333336,1.753333333333336,False,1.753333333333336,False,1.753333333333336,False,1.8373784640467505
EURUSD,2018-05-28 12:00:00+00:00,1.753972389380538,1.753972389380538,False,1.753972389380538,False,1.753972389380538,False,1.753972389380538
EURUSD,2018-05-29 08:00:00+00:00,-1.1933933333333306,-1.1933933333333306,False,-1.1933933333333306,False,-1.1933933333333306,False,-1.1933933333333306
EURUSD,2018-06-14 16:00:00+00:00,0.16616705461055994,0.16616705461055994,False,0.16616705461055994,False,0.16616705461055994,False,0.16616705461055994
EURUSD,2018-07-11 20:00:00+00:00,-1.2437125000000004,-1.2437125000000004,False,-1.2437125000000004,True,-1.2437125000000004,False,-1.2437125000000004
EURUSD,2018-07-26 16:00:00+00:00,-1.1829327249022201,-1.1829327249022201,False,-1.1829327249022201,False,-1.1829327249022201,False,-1.1829327249022201
EURUSD,2018-08-10 16:00:00+00:00,-0.36942503681884736,-0.36942503681884736,False,-0.36942503681884736,False,-0.36942503681884736,False,-0.36942503681884736
EURUSD,2018-08-14 16:00:00+00:00,-1.242106382978729,-1.242106382978729,False,-1.242106382978729,False,-1.242106382978729,False,-1.242106382978729
EURUSD,2018-08-22 12:00:00+00:00,-1.2421303135888466,-1.2421303135888466,False,-1.2421303135888466,True,-1.2421303135888466,True,-1.2837116140619325
EURUSD,2018-08-31 16:00:00+00:00,-1.2329011686143594,-1.2329011686143594,False,-1.2329011686143594,False,-1.2329011686143594,False,0.12464442186807378
EURUSD,2018-09-20 12:00:00+00:00,-1.1926887671232855,-1.1926887671232855,False,-1.1926887671232855,False,-1.1926887671232855,False,-1.218973421916133
EURUSD,2018-10-09 12:00:00+00:00,-1.2956787096774165,-1.2956787096774165,False,-1.2956787096774165,False,-1.2956787096774165,False,-1.2827670945348664
EURUSD,2018-10-24 08:00:00+00:00,1.4543071729957089,1.4543071729957089,False,1.4543071729957089,False,1.4543071729957089,False,1.5639125770123177
EURUSD,2018-10-26 12:00:00+00:00,-1.3140737327188932,-1.3140737327188932,False,-1.3140737327188932,False,-1.3140737327188932,False,-1.3140737327188932
EURUSD,2018-11-12 08:00:00+00:00,-1.2050139183055975,-1.2050139183055975,False,-1.2050139183055975,False,-1.2050139183055975,False,-1.2050139183055975
EURUSD,2018-11-16 16:00:00+00:00,-0.9336538461538466,-0.9336538461538466,False,-0.9336538461538466,True,-0.9336538461538466,True,-1.2581202255103658
EURUSD,2018-11-23 12:00:00+00:00,-0.5251272214386626,-0.5251272214386626,False,-0.5251272214386626,False,-0.5251272214386626,False,-1.5390432887391503
EURUSD,2018-12-14 12:00:00+00:00,-1.1823589261744976,-1.1823589261744976,False,-1.1823589261744976,False,-1.1823589261744976,False,-1.1951992663628603
EURUSD,2018-12-18 12:00:00+00:00,-1.358256692913377,-1.358256692913377,False,-1.358256692913377,False,-1.358256692913377,False,-1.358256692913377
EURUSD,2018-12-26 20:00:00+00:00,-1.2338767123287733,-1.2338767123287733,False,-1.2338767123287733,False,-1.2338767123287733,False,-1.2373388006331936
EURUSD,2019-01-15 12:00:00+00:00,1.6768936170212732,1.6768936170212732,False,1.3646496453901198,True,1.3646496453901198,True,0.7918921574500033
EURUSD,2019-01-18 16:00:00+00:00,-1.0129328703703366,-1.0129328703703366,False,-1.0129328703703366,False,-1.0129328703703366,False,-1.715296285789714
EURUSD,2019-01-24 20:00:00+00:00,-1.241429129662521,-1.241429129662521,False,-1.241429129662521,False,-1.241429129662521,False,-1.241429129662521
EURUSD,2019-01-25 16:00:00+00:00,1.762177854671276,1.762177854671276,False,1.762177854671276,False,1.762177854671276,False,1.3315396938770765
EURUSD,2019-01-30 20:00:00+00:00,-1.173963544303797,-1.173963544303797,False,-1.173963544303797,False,-1.173963544303797,False,-1.2222180974481645
EURUSD,2019-02-11 16:00:00+00:00,-1.3511492227979298,-1.3511492227979298,False,-1.3511492227979298,False,-1.3511492227979298,False,-1.3511492227979298
EURUSD,2019-02-26 20:00:00+00:00,-1.325782816229106,-1.325782816229106,False,-1.325782816229106,False,-1.325782816229106,False,-1.325782816229106
EURUSD,2019-02-28 12:00:00+00:00,-1.3757813186813097,-1.3757813186813097,False,-1.3757813186813097,False,-1.3757813186813097,False,-1.527059939392399
EURUSD,2019-03-07 16:00:00+00:00,-1.1712081012658224,-1.1712081012658224,False,-1.1712081012658224,False,-1.1712081012658224,False,-1.1712081012658224
EURUSD,2019-03-07 20:00:00+00:00,-1.26634415841583,-1.26634415841583,False,-1.26634415841583,False,-1.26634415841583,False,-1.26634415841583
EURUSD,2019-03-20 20:00:00+00:00,-1.1571131034482731,-1.1571131034482731,False,-1.1571131034482731,False,-1.1571131034482731,False,-1.1571131034482731
EURUSD,2019-03-22 12:00:00+00:00,0.6068002183406045,0.6068002183406045,False,0.6068002183406045,False,0.6068002183406045,False,0.8640520231845917
EURUSD,2019-04-12 04:00:00+00:00,-1.4137082568807484,-1.4137082568807484,False,-1.4137082568807484,True,-1.4137082568807484,False,-1.7529417605879687
EURUSD,2019-04-25 12:00:00+00:00,-1.4216826498422852,-1.4216826498422852,False,-1.4216826498422852,False,-1.4216826498422852,False,-1.4216826498422852
EURUSD,2019-04-30 12:00:00+00:00,-1.3919294460641347,-1.3919294460641347,False,-1.3919294460641347,True,-1.3919294460641347,True,-1.3919294460641347
EURUSD,2019-05-15 12:00:00+00:00,-1.372260941828243,-1.372260941828243,False,-1.372260941828243,False,-1.372260941828243,False,-1.3259935227961837
EURUSD,2019-06-14 16:00:00+00:00,-1.2619530097087386,-1.2619530097087386,False,-1.2619530097087386,False,-1.2619530097087386,False,-1.2619530097087386
EURUSD,2019-06-20 04:00:00+00:00,1.6241307479224265,1.0870570637119308,True,1.239320221606686,True,1.239320221606686,True,1.6772796942536778
EURUSD,2019-06-21 20:00:00+00:00,-0.27903745454545215,-0.27903745454545215,False,-0.27903745454545215,False,-0.27903745454545215,False,-0.2779736030582192
EURUSD,2019-07-01 08:00:00+00:00,-1.425144999999988,-1.425144999999988,True,-1.425144999999988,True,-1.425144999999988,True,1.7361655561260323
EURUSD,2019-07-01 16:00:00+00:00,1.7270957575757584,1.7230529292929033,True,1.7230529292929033,True,1.7230529292929033,True,1.7270957575757584
EURUSD,2019-07-05 16:00:00+00:00,-1.2466482632541094,-1.2466482632541094,False,-1.2466482632541094,False,-1.2466482632541094,False,-1.2466482632541094
EURUSD,2019-07-16 12:00:00+00:00,-1.4956838235294019,-1.4956838235294019,False,-1.4956838235294019,True,-1.4956838235294019,True,-1.331333681016065
EURUSD,2019-07-31 20:00:00+00:00,-1.1909048710601724,-1.1909048710601724,False,-1.1909048710601724,False,-1.1909048710601724,False,-1.1909048710601724
EURUSD,2019-08-05 12:00:00+00:00,-0.08806852589639327,-0.08806852589639327,False,-0.08806852589639327,True,-0.08806852589639327,True,-0.07553410215534043
EURUSD,2019-08-06 00:00:00+00:00,-1.2828092436974732,-1.2828092436974732,False,-1.2828092436974732,True,-1.2828092436974732,True,-1.2828092436974732
EURUSD,2019-08-12 08:00:00+00:00,-1.3093898617511512,-1.3093898617511512,False,-1.3093898617511512,False,-1.3093898617511512,False,-1.3093898617511512
EURUSD,2019-08-14 16:00:00+00:00,0.7045686440678111,0.7045686440678111,False,0.7045686440678111,False,0.7045686440678111,False,0.6412592382343464
EURUSD,2019-08-15 16:00:00+00:00,0.03512795275588613,0.03512795275588613,False,0.03512795275588613,False,0.03512795275588613,False,0.03512795275588613
EURUSD,2019-08-23 16:00:00+00:00,-1.1405050632911402,-1.1405050632911402,False,-1.1405050632911402,True,-1.1405050632911402,True,-1.1405050632911402
EURUSD,2019-08-30 16:00:00+00:00,-1.2189284768211903,-1.2189284768211903,False,-1.2189284768211903,False,-1.2189284768211903,False,-1.2189284768211903
EURUSD,2019-09-03 04:00:00+00:00,-1.4578459930313703,-1.4578459930313703,False,-1.4578459930313703,False,-1.4578459930313703,False,-1.4578459930313703
EURUSD,2019-09-11 12:00:00+00:00,-1.3515744680851076,-1.3515744680851076,False,-1.3515744680851076,False,-1.3515744680851076,False,-1.3853303037005251
EURUSD,2019-09-12 12:00:00+00:00,-1.1293592954990228,-1.1293592954990228,False,-1.1293592954990228,False,-1.1293592954990228,False,-1.1293592954990228
EURUSD,2019-09-12 16:00:00+00:00,-0.27508114754097873,-0.27508114754097873,False,-0.27508114754097873,False,-0.27508114754097873,False,-1.3587896038863274
EURUSD,2019-09-23 08:00:00+00:00,0.3753518716577574,0.3753518716577574,False,0.3753518716577574,False,0.3753518716577574,False,-1.2868624428778195
EURUSD,2019-09-25 16:00:00+00:00,-0.3579564556961888,-0.3579564556961888,False,-0.3579564556961888,False,-0.3579564556961888,False,-0.3579564556961888
EURUSD,2019-10-03 16:00:00+00:00,-1.310446226415093,-1.310446226415093,False,-1.310446226415093,True,-1.310446226415093,True,-1.310446226415093
EURUSD,2019-10-10 08:00:00+00:00,1.6030011976047784,1.6030011976047784,False,1.4414215568862816,True,1.4414215568862816,True,1.1421368883118317
EURUSD,2019-10-11 12:00:00+00:00,-1.249210169491529,-1.249210169491529,False,-1.249210169491529,True,-1.249210169491529,True,-1.249210169491529
EURUSD,2019-10-16 16:00:00+00:00,1.7412511627907004,1.7412511627907004,False,1.202814728682135,True,1.202814728682135,True,0.5275596119092351
EURUSD,2019-11-05 16:00:00+00:00,1.0297858719647333,1.0297858719647333,False,0.7293849889625144,True,1.0297858719647333,False,-1.9289810026625815
EURUSD,2019-11-07 16:00:00+00:00,0.8742206521738797,0.8742206521738797,False,1.08870358423631,True,0.8742206521738797,False,0.8104894145384196
EURUSD,2019-11-22 16:00:00+00:00,-0.1987149700598548,-0.1987149700598548,False,-0.1987149700598548,False,-0.1987149700598548,False,-0.23300113384427917
EURUSD,2019-11-29 16:00:00+00:00,0.20588793103449668,0.20588793103449668,False,0.20588793103449668,True,0.20588793103449668,True,1.4965592878751741
EURUSD,2019-12-02 16:00:00+00:00,-0.21952625368730622,-0.21952625368730622,False,-0.21952625368730622,True,-0.21952625368730622,True,-0.21952625368730622
EURUSD,2019-12-06 16:00:00+00:00,-1.2791815126050492,-1.2791815126050492,False,-1.2791815126050492,False,-1.2791815126050492,False,-1.4706456078406784
EURUSD,2019-12-11 20:00:00+00:00,-0.6779107078039969,-0.6779107078039969,False,-0.6779107078039969,False,-0.6779107078039969,False,-0.6779107078039969
EURUSD,2019-12-13 00:00:00+00:00,-0.9028706748466285,-0.9028706748466285,False,-0.9028706748466285,False,-0.9028706748466285,False,-0.9028706748466285
EURUSD,2019-12-27 20:00:00+00:00,-1.4639287197231738,-1.4639287197231738,False,-1.4639287197231738,False,-1.4639287197231738,False,-1.4639287197231738
EURUSD,2020-01-06 12:00:00+00:00,-1.3346608478802933,-1.3346608478802933,False,-1.3346608478802933,False,-1.3346608478802933,False,-1.5615715549331861
EURUSD,2020-01-23 16:00:00+00:00,-0.042315654952067426,-0.042315654952067426,False,-0.042315654952067426,False,-0.042315654952067426,False,-0.06566508467687461
EURUSD,2020-01-31 16:00:00+00:00,-1.2853535483870941,-1.2853535483870941,False,-1.2853535483870941,True,-1.2853535483870941,True,-1.2853535483870941
EURUSD,2020-02-10 16:00:00+00:00,1.5412336842105296,1.5412336842105296,False,1.5412336842105296,False,1.5412336842105296,False,1.4913457567752786
EURUSD,2020-02-12 20:00:00+00:00,1.5845968051118018,1.5845968051118018,False,1.5845968051118018,False,1.5845968051118018,False,1.5845968051118018
EURUSD,2020-02-21 16:00:00+00:00,1.7678893617021314,0.8641765957446803,True,2.044319148936131,True,2.0992507092198243,True,-1.721213293945593
EURUSD,2020-03-02 12:00:00+00:00,1.7703335616438296,1.7703335616438296,False,0.8787455479452247,True,0.8787455479452247,True,1.7703335616438296
EURUSD,2020-03-06 12:00:00+00:00,-1.130791304347825,-1.130791304347825,False,-1.130791304347825,False,-1.130791304347825,False,-1.130791304347825
EURUSD,2020-03-12 16:00:00+00:00,1.6806160218479977,1.6806160218479977,False,1.6806160218479977,False,1.6806160218479977,False,-1.1838103987162272
EURUSD,2020-03-17 12:00:00+00:00,1.9016885542168689,1.9016885542168689,False,1.9016885542168689,False,1.9016885542168689,False,1.9097565052829557
EURUSD,2020-03-18 16:00:00+00:00,-0.1005957922419433,-0.1005957922419433,False,-0.1005957922419433,False,-0.1005957922419433,False,-0.1005957922419433
EURUSD,2020-04-09 16:00:00+00:00,-1.180565193370168,-1.180565193370168,False,-1.180565193370168,False,-1.180565193370168,False,-1.180565193370168
EURUSD,2020-04-28 12:00:00+00:00,-1.265457841140531,-1.265457841140531,False,-1.265457841140531,True,-1.265457841140531,True,-0.8263223164604316
EURUSD,2020-05-05 12:00:00+00:00,-0.3157098831030674,-0.3157098831030674,False,-0.3157098831030674,False,-0.3157098831030674,False,-1.304334581381336
EURUSD,2020-05-18 16:00:00+00:00,-0.24974591346153444,-0.24974591346153444,False,-0.24974591346153444,False,-0.24974591346153444,False,-0.38575945256883254
EURUSD,2020-05-27 12:00:00+00:00,1.8406555023923432,1.8406555023923432,False,1.8406555023923432,False,1.8406555023923432,False,-1.2996036171455996
EURUSD,2020-05-28 16:00:00+00:00,1.7876305246422939,1.7876305246422939,False,1.7876305246422939,False,1.7876305246422939,False,1.7876305246422939
EURUSD,2020-06-03 16:00:00+00:00,1.7735005008347224,1.7735005008347224,False,1.7735005008347224,False,1.7735005008347224,False,1.7735005008347224
EURUSD,2020-06-04 12:00:00+00:00,1.8125652892561996,1.8125652892561996,False,1.8125652892561996,False,1.8125652892561996,False,1.8125652892561996
EURUSD,2020-07-14 12:00:00+00:00,0.9705733050847598,0.9705733050847598,False,0.9705733050847598,False,0.9705733050847598,False,1.3798375160801928
EURUSD,2020-07-21 16:00:00+00:00,1.7974522627737235,1.7974522627737235,False,1.7974522627737235,False,1.7974522627737235,False,1.7974522627737235
EURUSD,2020-07-22 12:00:00+00:00,1.803932117812064,1.803932117812064,False,1.803932117812064,False,1.803932117812064,False,1.803932117812064
EURUSD,2020-07-23 16:00:00+00:00,1.8285113553113583,1.8285113553113583,False,1.8285113553113583,False,1.8285113553113583,False,1.8285113553113583
EURUSD,2020-07-27 04:00:00+00:00,1.7691764705882318,1.7691764705882318,False,1.7691764705882318,False,1.7691764705882318,False,1.7691764705882318
EURUSD,2020-08-21 12:00:00+00:00,-1.2153325227963587,-1.2153325227963587,False,-1.2153325227963587,True,-1.2153325227963587,True,-1.2796773025311978
EURUSD,2020-09-01 04:00:00+00:00,-1.2688269662921396,-1.2688269662921396,False,-1.2688269662921396,False,-1.2688269662921396,False,-1.2688269662921396
EURUSD,2020-09-17 04:00:00+00:00,-1.2771529411764648,-1.2771529411764648,False,-1.2771529411764648,False,-1.2771529411764648,False,-1.2771529411764648
EURUSD,2020-10-19 12:00:00+00:00,0.31761158536586753,0.31761158536586753,False,0.31761158536586753,True,0.31761158536586753,False,-1.665333497837261
EURUSD,2020-10-29 16:00:00+00:00,-1.2333560732113202,-1.2333560732113202,False,-1.2333560732113202,False,-1.2333560732113202,False,-1.2534507897643692
EURUSD,2020-11-04 00:00:00+00:00,-1.2122850678732988,-1.2122850678732988,True,-1.2122850678732988,False,-1.2122850678732988,False,-1.2122850678732988
EURUSD,2020-11-05 12:00:00+00:00,-0.1990347578347447,-0.1990347578347447,False,-0.1990347578347447,False,-0.1990347578347447,False,-0.1990347578347447
EURUSD,2020-11-23 12:00:00+00:00,-1.3478068292682934,-1.3478068292682934,False,-1.3478068292682934,False,-1.3478068292682934,False,-1.4278479335633785
EURUSD,2020-12-01 16:00:00+00:00,1.783314029850744,1.783314029850744,False,1.783314029850744,False,1.783314029850744,False,1.783314029850744
EURUSD,2021-01-06 08:00:00+00:00,-1.2633486631016093,-1.2633486631016093,False,-1.2633486631016093,False,-1.2633486631016093,False,-1.273162928451894
EURUSD,2021-02-02 12:00:00+00:00,-1.2423628140703504,-1.2423628140703504,False,-1.2423628140703504,False,-1.2423628140703504,False,-1.2423628140703504
EURUSD,2021-02-16 12:00:00+00:00,-1.4129512747875577,-1.4129512747875577,False,-1.4129512747875577,False,-1.4129512747875577,False,-1.3623673475215023
EURUSD,2021-02-25 12:00:00+00:00,-1.3463361702127696,-1.3463361702127696,False,-1.3463361702127696,False,-1.3463361702127696,False,-1.2022185291736125
EURUSD,2021-02-26 20:00:00+00:00,1.7678086956521757,1.7678086956521757,False,1.7678086956521757,False,1.7678086956521757,False,1.7271899137988775
EURUSD,2021-03-04 20:00:00+00:00,-0.340965981735149,-0.340965981735149,False,-0.340965981735149,False,-0.340965981735149,False,-0.340965981735149
EURUSD,2021-03-16 16:00:00+00:00,-1.2568484739676806,-1.2568484739676806,False,-1.2568484739676806,False,-1.2568484739676806,False,-1.2568484739676806
EURUSD,2021-03-17 20:00:00+00:00,-1.1788307116104852,-1.1788307116104852,False,-1.1788307116104852,True,-1.1788307116104852,False,-1.397713932528335
EURUSD,2021-03-30 08:00:00+00:00,-1.4352481481481603,-1.4352481481481603,False,-1.4352481481481603,False,-1.4352481481481603,False,-1.2962592645919784
EURUSD,2021-04-05 16:00:00+00:00,1.7348916201117257,1.5450614525139932,True,1.5450614525139932,True,1.5450614525139932,True,1.7348916201117257
EURUSD,2021-04-06 16:00:00+00:00,1.5580063829786817,1.511225957446745,True,1.5580063829786817,True,1.5580063829786817,True,1.5580063829786817
EURUSD,2021-04-13 16:00:00+00:00,1.7673589660743187,1.7673589660743187,False,1.2346068494207012,True,1.2346068494207012,True,1.7103530086890375
EURUSD,2021-04-19 08:00:00+00:00,0.9787245341614786,0.9787245341614786,False,0.9787245341614786,False,0.9787245341614786,False,1.6771259668815266
EURUSD,2021-04-30 16:00:00+00:00,-1.2326881028938947,-1.2326881028938947,False,-1.2326881028938947,False,-1.2326881028938947,False,-1.248544126336788
EURUSD,2021-05-07 16:00:00+00:00,-1.1363384615384629,-1.1363384615384629,False,-1.1363384615384629,False,-1.1363384615384629,False,-1.1363384615384629
EURUSD,2021-05-18 08:00:00+00:00,-1.371049746192888,-1.371049746192888,False,-1.371049746192888,False,-1.371049746192888,False,-1.3755625429536587
EURUSD,2021-06-03 16:00:00+00:00,-1.215134513274336,-1.215134513274336,False,-1.215134513274336,True,-1.215134513274336,True,-1.2269855754604593
EURUSD,2021-06-11 12:00:00+00:00,1.7168492187500006,1.7168492187500006,False,1.7168492187500006,False,1.7168492187500006,False,1.6742641497354214
EURUSD,2021-06-16 20:00:00+00:00,0.5683722840034302,0.5683722840034302,False,0.5683722840034302,False,0.5683722840034302,False,0.5683722840034302
EURUSD,2021-06-17 08:00:00+00:00,1.7258610364683267,1.7258610364683267,False,1.7258610364683267,False,1.7258610364683267,False,1.7258610364683267
EURUSD,2021-06-28 12:00:00+00:00,1.6129250000000135,1.6129250000000135,False,1.6129250000000135,False,1.6129250000000135,False,-1.7360187825358566
EURUSD,2021-06-30 16:00:00+00:00,-1.3137788546255516,-1.3137788546255516,False,-1.3137788546255516,False,-1.3137788546255516,False,0.6228902987547411
EURUSD,2021-07-13 20:00:00+00:00,-1.333820754716997,-1.333820754716997,False,-1.333820754716997,False,-1.333820754716997,False,-1.2639942862634503
EURUSD,2021-07-28 20:00:00+00:00,-0.31182095490715017,-0.31182095490715017,False,-0.31182095490715017,True,-0.31182095490715017,True,-0.3807219172207767
EURUSD,2021-08-06 16:00:00+00:00,-1.0234214876032885,-1.0234214876032885,False,-1.0234214876032885,False,-1.0234214876032885,False,-1.0234214876032885
EURUSD,2021-08-13 12:00:00+00:00,-1.557158102766816,-1.557158102766816,True,-1.557158102766816,True,-1.557158102766816,True,1.3391432648855315
EURUSD,2021-08-13 16:00:00+00:00,-1.3893404958677662,-1.3893404958677662,True,-1.3893404958677662,True,-1.3893404958677662,True,-1.3893404958677662
EURUSD,2021-08-17 16:00:00+00:00,-0.8236195121951089,-0.8236195121951089,False,-0.8236195121951089,False,-0.8236195121951089,False,-1.3152896385519444
EURUSD,2021-08-27 16:00:00+00:00,1.3017835334476775,1.3017835334476775,False,0.9435080617495772,True,1.3017835334476775,False,1.5318958960323124
EURUSD,2021-09-01 16:00:00+00:00,-1.3900560439560345,-1.3900560439560345,False,-1.3900560439560345,False,-1.3900560439560345,False,-1.3900560439560345
EURUSD,2021-09-17 16:00:00+00:00,0.10707220216606343,0.10707220216606343,False,0.10707220216606343,False,0.10707220216606343,False,0.10707220216606343
EURUSD,2021-09-22 20:00:00+00:00,1.4386619439868114,1.4386619439868114,False,1.4386619439868114,False,1.4386619439868114,False,1.4386619439868114
EURUSD,2021-09-29 16:00:00+00:00,1.1246101265821995,1.1246101265821995,False,1.1246101265821995,False,1.1246101265821995,False,1.1246101265821995
EURUSD,2021-10-06 08:00:00+00:00,-0.2277728723403888,-0.2277728723403888,False,-0.2277728723403888,False,-0.2277728723403888,False,-0.1852069691287009
EURUSD,2021-10-19 04:00:00+00:00,-1.4190972972972904,-1.4190972972972904,False,-1.4190972972972904,True,-1.4190972972972904,True,-1.3221720340249725
EURUSD,2021-10-25 12:00:00+00:00,-1.2669334608030671,-1.2669334608030671,False,-1.2669334608030671,True,-1.2669334608030671,False,-1.2669334608030671
EURUSD,2021-10-28 16:00:00+00:00,-1.1365945205479466,-1.1365945205479466,False,-1.1365945205479466,True,-1.1365945205479466,False,-1.4257512190394137
EURUSD,2021-10-29 16:00:00+00:00,-0.167288617886174,-0.167288617886174,False,-0.167288617886174,False,-0.167288617886174,False,-1.2167410461824166
EURUSD,2021-11-15 16:00:00+00:00,1.6028279069767568,1.6028279069767568,False,1.6028279069767568,False,1.6028279069767568,False,1.7209871715648604
EURUSD,2021-11-15 20:00:00+00:00,1.6472435233160598,1.6472435233160598,False,1.6472435233160598,False,1.6472435233160598,False,1.6472435233160598
EURUSD,2021-11-26 16:00:00+00:00,-1.3189275294117582,-1.3189275294117582,False,-1.3189275294117582,True,-1.3189275294117582,True,-1.1984216578024818
EURUSD,2021-12-31 16:00:00+00:00,-1.2272196994991675,-1.2272196994991675,False,-1.2272196994991675,True,-1.2272196994991675,True,-1.2812863978875784
EURUSD,2022-01-07 16:00:00+00:00,-1.2474262295081968,-1.2474262295081968,False,-1.2474262295081968,True,-1.2474262295081968,False,-1.2544775698515893
EURUSD,2022-01-12 16:00:00+00:00,-1.2240714754098363,-1.2240714754098363,False,-1.2240714754098363,False,-1.2240714754098363,False,-1.2240714754098363
EURUSD,2022-01-18 16:00:00+00:00,1.1381839835728924,1.1381839835728924,False,1.1381839835728924,False,1.1381839835728924,False,1.497132459928458
EURUSD,2022-01-20 20:00:00+00:00,-1.3333176470588166,-1.3333176470588166,False,-1.3333176470588166,False,-1.3333176470588166,False,-1.4238717944240025
EURUSD,2022-01-27 12:00:00+00:00,-1.2819168067226963,-1.2819168067226963,False,-1.2819168067226963,False,-1.2819168067226963,False,-1.2819168067226963
EURUSD,2022-02-03 16:00:00+00:00,0.23700651162790318,0.23700651162790318,False,0.23700651162790318,False,0.23700651162790318,False,0.23700651162790318
EURUSD,2022-02-11 20:00:00+00:00,-0.14783602150535846,-0.14783602150535846,False,-0.14783602150535846,False,-0.14783602150535846,False,-0.14783602150535846
EURUSD,2022-02-24 04:00:00+00:00,1.8028788235294093,1.8028788235294093,False,1.8028788235294093,False,1.8028788235294093,False,1.789162458808619
EURUSD,2022-02-24 12:00:00+00:00,-1.1528024971623159,-1.1528024971623159,False,-1.1528024971623159,False,-1.1528024971623159,False,-1.1528024971623159
EURUSD,2022-02-24 16:00:00+00:00,-1.1776454183266922,-1.1776454183266922,False,-1.1776454183266922,False,-1.1776454183266922,False,-1.1776454183266922
EURUSD,2022-03-09 16:00:00+00:00,-1.1638267990074451,-1.1638267990074451,True,-1.1638267990074451,True,-1.1638267990074451,False,-1.1638267990074451
EURUSD,2022-03-29 12:00:00+00:00,-1.121205494505494,-1.121205494505494,False,-1.121205494505494,True,-1.121205494505494,False,-1.1901576116198023
EURUSD,2022-04-05 16:00:00+00:00,0.9970185454545478,0.9970185454545478,False,0.9970185454545478,False,0.9970185454545478,False,0.7428300196199585
EURUSD,2022-04-21 08:00:00+00:00,-1.13265975609756,-1.13265975609756,False,-1.13265975609756,True,-1.13265975609756,True,-1.184382849171541
EURUSD,2022-04-26 08:00:00+00:00,1.7818280821917833,1.7818280821917833,False,1.7818280821917833,False,1.7818280821917833,False,1.7818280821917833
EURUSD,2022-05-04 20:00:00+00:00,-1.1291639143730874,-1.1291639143730874,True,-1.1291639143730874,True,-1.1291639143730874,True,-1.1507306592178157
EURUSD,2022-05-12 08:00:00+00:00,-1.1899085972850705,-1.1899085972850705,False,-1.1899085972850705,False,-1.1899085972850705,False,-1.1528547786665353
EURUSD,2022-05-12 12:00:00+00:00,-1.190252887537993,-1.190252887537993,False,-1.190252887537993,False,-1.190252887537993,False,-1.190252887537993
EURUSD,2022-05-17 12:00:00+00:00,1.8464245783132525,1.8464245783132525,False,1.9559973493975862,True,1.9559973493975862,True,-1.2398179343411038
EURUSD,2022-05-19 16:00:00+00:00,1.8188560906515598,1.8188560906515598,False,1.7848821529744723,True,1.7848821529744723,True,1.3385173411688547
EURUSD,2022-05-24 08:00:00+00:00,-1.1873830656934299,-1.1873830656934299,False,-1.1873830656934299,True,-1.1873830656934299,True,-1.1873830656934299
EURUSD,2022-06-01 16:00:00+00:00,-1.148956794425087,-1.148956794425087,False,-1.148956794425087,True,-1.148956794425087,False,-1.1674998920712396
EURUSD,2022-06-15 16:00:00+00:00,-1.1658864721485438,-1.1658864721485438,False,-1.1658864721485438,False,-1.1658864721485438,False,-1.313579790630056
EURUSD,2022-06-16 16:00:00+00:00,-0.27473269098417613,-0.27473269098417613,True,-0.27473269098417613,True,-0.27473269098417613,False,-1.1678363389094997
EURUSD,2022-06-30 12:00:00+00:00,-1.1682370967741909,-1.1682370967741909,False,-1.1682370967741909,False,-1.1682370967741909,False,-1.1682370967741909
EURUSD,2022-07-05 12:00:00+00:00,1.8459854271356777,1.8459854271356777,False,1.8459854271356777,False,1.8459854271356777,False,1.8459854271356777
EURUSD,2022-07-06 12:00:00+00:00,1.8527757281553403,1.8527757281553403,False,1.8527757281553403,False,1.8527757281553403,False,1.8527757281553403
EURUSD,2022-07-19 08:00:00+00:00,-0.29331416382253067,-0.29331416382253067,False,-0.29331416382253067,True,-0.29331416382253067,True,-1.1337678365188502
EURUSD,2022-08-10 12:00:00+00:00,-1.2168904593639578,-1.2168904593639578,False,-1.2168904593639578,True,-1.2168904593639578,False,1.7250441767554507
EURUSD,2022-08-18 16:00:00+00:00,1.8378756393001356,1.8378756393001356,False,1.8378756393001356,False,1.8378756393001356,False,1.821029506425354
EURUSD,2022-08-22 16:00:00+00:00,-1.160833870967742,-1.160833870967742,False,-1.160833870967742,False,-1.160833870967742,False,-1.160833870967742
EURUSD,2022-09-12 08:00:00+00:00,-1.1200498023715426,-1.1200498023715426,False,-1.1200498023715426,False,-1.1200498023715426,False,-1.1200498023715426
EURUSD,2022-10-04 16:00:00+00:00,-1.1312466960352427,-1.1312466960352427,False,-1.1312466960352427,True,-1.1312466960352427,True,-1.1312466960352427
EURUSD,2022-10-17 16:00:00+00:00,-1.1043802666666669,-1.1043802666666669,False,-1.1043802666666669,False,-1.1043802666666669,False,-1.1802767369628484
EURUSD,2022-10-25 16:00:00+00:00,-0.978315551181111,-0.978315551181111,False,-0.978315551181111,True,-0.978315551181111,True,-0.978315551181111
EURUSD,2022-10-26 08:00:00+00:00,-1.145868613138688,-1.145868613138688,False,-1.145868613138688,False,-1.145868613138688,False,-1.145868613138688
EURUSD,2022-11-01 16:00:00+00:00,-1.1416042857142845,-1.1416042857142845,False,-1.1416042857142845,False,-1.1416042857142845,False,-1.3120425006440197
EURUSD,2022-11-08 16:00:00+00:00,-1.1488950495049508,-1.1488950495049508,False,-1.1488950495049508,False,-1.1488950495049508,False,-1.1488950495049508
EURUSD,2022-11-10 16:00:00+00:00,0.5661552400835127,0.5661552400835127,False,0.5661552400835127,False,0.5661552400835127,False,1.8966552222709365
EURUSD,2022-11-15 08:00:00+00:00,-1.1370890848952604,-1.1370890848952604,False,-1.1370890848952604,False,-1.1370890848952604,False,-1.1370890848952604
EURUSD,2022-11-28 12:00:00+00:00,-1.117196813495783,-1.117196813495783,False,-1.117196813495783,False,-1.117196813495783,False,-1.2061703828957717
EURUSD,2022-11-30 16:00:00+00:00,-1.12247573964497,-1.12247573964497,False,-1.12247573964497,True,-1.12247573964497,True,-1.1865575413686138
EURUSD,2023-01-03 12:00:00+00:00,-1.127068468468469,-1.127068468468469,False,-1.127068468468469,True,-1.127068468468469,False,-1.127068468468469
EURUSD,2023-01-05 16:00:00+00:00,-1.1278362903225816,-1.1278362903225816,False,-1.1278362903225816,True,-1.1278362903225816,False,-1.1278362903225816
EURUSD,2023-02-01 20:00:00+00:00,-1.146588379888268,-1.146588379888268,False,-1.146588379888268,False,-1.146588379888268,False,-1.1862607644911165
EURUSD,2023-02-24 16:00:00+00:00,-1.3370500000000012,-1.3370500000000012,False,-1.3370500000000012,False,-1.3370500000000012,False,-1.3370500000000012
EURUSD,2023-03-21 12:00:00+00:00,1.79218146964856,1.79218146964856,False,1.79218146964856,False,1.79218146964856,False,1.802464939195852
EURUSD,2023-04-10 16:00:00+00:00,-1.248823664122131,-1.248823664122131,False,-1.248823664122131,True,-1.248823664122131,True,-1.248823664122131
EURUSD,2023-04-12 16:00:00+00:00,-1.1964672645739949,-1.1964672645739949,False,-1.1964672645739949,False,-1.1964672645739949,False,-1.1964672645739949
EURUSD,2023-04-13 16:00:00+00:00,-1.2954598214285689,-1.2954598214285689,False,-1.2954598214285689,False,-1.2954598214285689,False,-1.2954598214285689
EURUSD,2023-04-17 16:00:00+00:00,-1.186632386363638,-1.186632386363638,True,-1.186632386363638,True,-1.186632386363638,True,-1.186632386363638
EURUSD,2023-05-11 08:00:00+00:00,1.7504160611854718,1.7504160611854718,False,1.9245166347991873,True,1.9245166347991873,True,1.7142066610455324
EURUSD,2023-05-17 08:00:00+00:00,1.6391376044568227,1.6391376044568227,False,0.9702128133704804,True,0.9702128133704804,True,1.6391376044568227
EURUSD,2023-05-18 16:00:00+00:00,-1.304843764705892,-1.304843764705892,False,-1.304843764705892,True,-1.304843764705892,True,-1.304843764705892
EURUSD,2023-06-01 16:00:00+00:00,-1.1925245508982094,-1.1925245508982094,False,-1.1925245508982094,True,-1.1925245508982094,True,-1.2284576680787511
EURUSD,2023-06-08 16:00:00+00:00,-1.2843022026431723,-1.2843022026431723,False,-1.2843022026431723,True,-1.2843022026431723,False,1.8002061553128097
EURUSD,2023-06-14 16:00:00+00:00,-1.2380329670329662,-1.2380329670329662,False,-1.2380329670329662,True,-1.2380329670329662,False,-1.2380329670329662
EURUSD,2023-06-15 16:00:00+00:00,0.05637261200338905,0.05637261200338905,False,0.05637261200338905,False,0.05637261200338905,False,0.05637261200338905
EURUSD,2023-06-21 20:00:00+00:00,-1.3427718750000137,-1.3427718750000137,False,-1.3427718750000137,True,-1.3427718750000137,False,-1.2412511338165213
EURUSD,2023-06-23 08:00:00+00:00,-1.1912754385964923,-1.1912754385964923,False,-1.1912754385964923,True,-1.1912754385964923,True,-1.2134096195783008
EURUSD,2023-06-29 16:00:00+00:00,-1.6854127868852349,-1.6854127868852349,False,-1.6854127868852349,True,-1.6854127868852349,True,-1.4658113692746122
EURUSD,2023-07-12 16:00:00+00:00,0.5452967381174353,0.5452967381174353,False,0.5452967381174353,False,0.5452967381174353,False,0.5452967381174353
EURUSD,2023-07-20 16:00:00+00:00,1.8161357340720221,1.8161357340720221,False,1.7232822714681515,True,1.7232822714681515,True,1.8161357340720221
EURUSD,2023-07-24 08:00:00+00:00,-1.2029963470319647,-1.2029963470319647,False,-1.2029963470319647,True,-1.2029963470319647,True,-1.2029963470319647
EURUSD,2023-07-27 16:00:00+00:00,0.26254500703234646,0.26254500703234646,False,0.26254500703234646,True,0.26254500703234646,True,0.26254500703234646
EURUSD,2023-08-04 16:00:00+00:00,-1.1299869822485202,-1.1299869822485202,False,-1.1299869822485202,False,-1.1299869822485202,False,-1.1299869822485202
EURUSD,2023-08-23 08:00:00+00:00,-1.2432489719626185,-1.2432489719626185,False,-1.2432489719626185,False,-1.2432489719626185,False,-1.2182635963973851
EURUSD,2023-09-14 16:00:00+00:00,-0.19833628117913882,-0.19833628117913882,False,-0.19833628117913882,False,-0.19833628117913882,False,-0.19833628117913882
EURUSD,2023-10-23 16:00:00+00:00,-1.2350870848708495,-1.2350870848708495,False,-1.2350870848708495,True,-1.2350870848708495,False,-1.2350870848708495
EURUSD,2023-11-03 16:00:00+00:00,-0.8666798154555935,-0.8666798154555935,False,-0.8666798154555935,False,-0.8666798154555935,False,-0.8666798154555935
EURUSD,2023-11-14 16:00:00+00:00,0.6131734604105415,0.6131734604105415,False,0.6131734604105415,False,0.6131734604105415,False,0.6131734604105415
EURUSD,2023-11-14 20:00:00+00:00,-1.288927272727272,-1.288927272727272,False,-1.288927272727272,False,-1.288927272727272,False,-1.288927272727272
EURUSD,2023-12-01 16:00:00+00:00,0.8915703001579456,0.8915703001579456,False,1.389499210110537,True,1.389499210110537,True,0.750096596211269
EURUSD,2023-12-04 16:00:00+00:00,0.9422339869280599,0.9422339869280599,False,0.9422339869280599,True,0.9422339869280599,True,0.9422339869280599
EURUSD,2023-12-13 20:00:00+00:00,0.677949165120579,0.677949165120579,False,0.677949165120579,False,0.677949165120579,False,1.125359759048995
EURUSD,2023-12-14 12:00:00+00:00,0.08364929859719919,0.08364929859719919,False,0.08364929859719919,False,0.08364929859719919,False,0.08364929859719919
EURUSD,2023-12-14 16:00:00+00:00,-1.1489700680272101,-1.1489700680272101,False,-1.1489700680272101,False,-1.1489700680272101,False,-1.1489700680272101
EURUSD,2023-12-27 16:00:00+00:00,-1.2260775510204127,-1.2260775510204127,False,-1.2260775510204127,False,-1.2260775510204127,False,-1.2260775510204127
EURUSD,2024-01-23 16:00:00+00:00,-1.288778270509977,-1.288778270509977,False,-1.288778270509977,True,-1.288778270509977,False,-1.4874225336164546
EURUSD,2024-02-13 16:00:00+00:00,-1.1656839537869024,-1.1656839537869024,False,-1.1656839537869024,False,-1.1656839537869024,False,-1.484832553563384
EURUSD,2024-03-06 16:00:00+00:00,1.65076489361702,1.65076489361702,False,1.65076489361702,False,1.65076489361702,False,1.65076489361702
EURUSD,2024-03-07 16:00:00+00:00,-0.892129260450144,-0.892129260450144,False,-0.892129260450144,False,-0.892129260450144,False,-0.892129260450144
EURUSD,2024-03-14 16:00:00+00:00,-0.6150045454545202,-0.6150045454545202,False,-0.6150045454545202,True,-0.6150045454545202,False,-1.3830821531731994
EURUSD,2024-03-20 20:00:00+00:00,-1.1935493333333325,-1.1935493333333325,False,-1.1935493333333325,False,-1.1935493333333325,False,-1.580107910877733
EURUSD,2024-04-01 16:00:00+00:00,-1.243144632768365,-1.243144632768365,False,-1.243144632768365,False,-1.243144632768365,False,-1.243144632768365
EURUSD,2024-04-03 16:00:00+00:00,0.2953691449814269,0.2953691449814269,False,0.2953691449814269,True,0.2953691449814269,True,0.4113297362207413
EURUSD,2024-04-10 16:00:00+00:00,0.630048673946969,0.630048673946969,False,0.630048673946969,False,0.630048673946969,False,0.630048673946969
EURUSD,2024-05-14 16:00:00+00:00,0.4381586872586617,0.4381586872586617,False,0.4381586872586617,False,0.4381586872586617,False,0.4381586872586617
EURUSD,2024-05-22 12:00:00+00:00,-1.4266000000000005,-1.4266000000000005,True,-1.4266000000000005,True,-1.4266000000000005,False,-1.4266000000000005
EURUSD,2024-05-29 16:00:00+00:00,-1.2731462184873894,-1.2731462184873894,False,-1.2731462184873894,True,-1.2731462184873894,False,-1.2731462184873894
EURUSD,2024-06-03 16:00:00+00:00,-1.2649999999999981,-1.2649999999999981,False,-1.2649999999999981,False,-1.2649999999999981,False,-1.2649999999999981
EURUSD,2024-06-07 16:00:00+00:00,1.0606357446808727,1.0606357446808727,False,1.0606357446808727,False,1.0606357446808727,False,1.699037952190424
EURUSD,2024-06-11 12:00:00+00:00,-1.3612352941176398,-1.3612352941176398,False,-1.3612352941176398,True,-1.3612352941176398,True,-1.3612352941176398
EURUSD,2024-06-21 08:00:00+00:00,-1.2992741258741325,-1.2992741258741325,False,-1.2992741258741325,False,-1.2992741258741325,False,-1.2992741258741325
EURUSD,2024-07-29 12:00:00+00:00,-1.4849746268656687,-1.4849746268656687,False,-1.4849746268656687,True,-1.4849746268656687,True,-1.4849746268656687
EURUSD,2024-08-02 16:00:00+00:00,-0.12348669833729492,-0.12348669833729492,False,-0.12348669833729492,False,-0.12348669833729492,False,-0.17784244733000457
EURUSD,2024-08-13 16:00:00+00:00,1.5310348754448364,1.5310348754448364,False,1.5310348754448364,False,1.5310348754448364,False,1.601837218447668
EURUSD,2024-08-13 20:00:00+00:00,-1.304844444444453,-1.304844444444453,False,-1.304844444444453,False,-1.304844444444453,False,-1.304844444444453
EURUSD,2024-08-19 16:00:00+00:00,1.6573367609254648,1.6573367609254648,False,1.6573367609254648,False,1.6573367609254648,False,1.6573367609254648
EURUSD,2024-08-21 16:00:00+00:00,-1.3096180974477933,-1.3096180974477933,False,-1.3096180974477933,False,-1.3096180974477933,False,-1.3096180974477933
EURUSD,2024-08-23 16:00:00+00:00,-2.053239942938681,-2.053239942938681,False,-2.053239942938681,False,-2.053239942938681,False,-2.053239942938681
EURUSD,2024-09-11 16:00:00+00:00,-1.3596869565217267,-1.3596869565217267,False,-1.3596869565217267,True,-1.3596869565217267,True,-1.3091705850213182
EURUSD,2024-09-12 20:00:00+00:00,1.599870270270277,1.599870270270277,False,1.599870270270277,False,1.599870270270277,False,1.7046358242308368
EURUSD,2024-10-04 16:00:00+00:00,0.08357131034481707,0.08357131034481707,False,0.08357131034481707,False,0.08357131034481707,False,0.08357131034481707
EURUSD,2024-10-30 16:00:00+00:00,-1.2326100178890884,-1.2326100178890884,False,-1.2326100178890884,True,-1.2326100178890884,True,-1.2326100178890884
EURUSD,2024-11-06 04:00:00+00:00,0.6471966915688452,0.6471966915688452,False,0.6471966915688452,False,0.6471966915688452,False,-1.228491620074863
EURUSD,2024-12-02 16:00:00+00:00,-1.1816201729106584,-1.1816201729106584,False,-1.1816201729106584,False,-1.1816201729106584,False,-1.139452152507967
EURUSD,2025-01-20 16:00:00+00:00,0.933482340195014,0.933482340195014,False,0.933482340195014,True,0.933482340195014,False,0.933482340195014
EURUSD,2025-02-24 04:00:00+00:00,-1.2640389937106828,-1.2640389937106828,False,-1.2640389937106828,True,-1.2640389937106828,False,-1.5327017808654693
EURUSD,2025-02-27 16:00:00+00:00,-1.1685838709677443,-1.1685838709677443,False,-1.1685838709677443,True,-1.1685838709677443,False,-1.2062581369710539
EURUSD,2025-03-04 12:00:00+00:00,1.7806441379310274,1.7806441379310274,False,1.7806441379310274,False,1.7806441379310274,False,1.8017311025233707
EURUSD,2025-03-04 20:00:00+00:00,1.850018245614036,1.850018245614036,False,1.850018245614036,False,1.850018245614036,False,1.850018245614036
EURUSD,2025-03-05 08:00:00+00:00,1.7813269949066277,1.7813269949066277,False,1.7813269949066277,False,1.7813269949066277,False,1.7813269949066277
EURUSD,2025-03-05 16:00:00+00:00,1.849457572254336,1.849457572254336,False,1.849457572254336,False,1.849457572254336,False,1.849457572254336
EURUSD,2025-03-21 16:00:00+00:00,-0.5775141304347932,-0.5775141304347932,False,-0.5775141304347932,True,-0.5775141304347932,False,-0.5568107776844616
EURUSD,2025-04-02 16:00:00+00:00,1.8153839662447244,1.8153839662447244,False,1.8153839662447244,False,1.8153839662447244,False,1.8153839662447244
EURUSD,2025-04-03 00:00:00+00:00,1.8675522567703084,1.8675522567703084,False,1.8675522567703084,False,1.8675522567703084,False,1.8675522567703084
EURUSD,2025-04-03 08:00:00+00:00,1.7962658461538445,1.7962658461538445,False,1.7962658461538445,False,1.7962658461538445,False,1.7962658461538445
EURUSD,2025-04-10 16:00:00+00:00,1.8897091795288368,1.8897091795288368,False,1.8897091795288368,False,1.8897091795288368,False,1.8872660188904744
EURUSD,2025-04-21 00:00:00+00:00,1.7586153846153822,1.7586153846153822,False,1.7586153846153822,False,1.7586153846153822,False,-1.1593653874022571
EURUSD,2025-04-21 04:00:00+00:00,-1.2081293051359565,-1.2081293051359565,False,-1.2081293051359565,False,-1.2081293051359565,False,-1.2081293051359565
EURUSD,2025-05-12 08:00:00+00:00,-1.1024807339449543,-1.1024807339449543,False,-1.1024807339449543,True,-1.1024807339449543,False,-1.1024807339449543
EURUSD,2025-05-29 00:00:00+00:00,-1.2005370919881315,-1.2005370919881315,False,-1.2005370919881315,True,-1.2005370919881315,True,-1.2042329028592125
EURUSD,2025-06-02 08:00:00+00:00,-1.2146031397174184,-1.2146031397174184,False,-1.2146031397174184,False,-1.2146031397174184,False,-1.3590322368078187
EURUSD,2025-06-11 16:00:00+00:00,1.7889479452054782,1.7889479452054782,False,1.7889479452054782,False,1.7889479452054782,False,1.7615378233451406
EURUSD,2025-06-12 12:00:00+00:00,-1.2079067466266882,-1.2079067466266882,False,-1.2079067466266882,False,-1.2079067466266882,False,-1.2079067466266882
EURUSD,2025-06-30 16:00:00+00:00,-0.8148447665056476,-0.8148447665056476,False,-0.8148447665056476,False,-0.8148447665056476,False,-0.751801918866798
EURUSD,2025-07-30 16:00:00+00:00,-1.2094364188163855,-1.2094364188163855,False,-1.2094364188163855,True,-1.2094364188163855,True,-1.2094364188163855
EURUSD,2025-08-21 16:00:00+00:00,-1.268391538461545,-1.268391538461545,False,-1.268391538461545,True,-1.268391538461545,False,-1.2618119088465491
EURUSD,2025-08-22 16:00:00+00:00,-1.1221448034934502,-1.1221448034934502,False,-1.1221448034934502,False,-1.1221448034934502,False,-1.1221448034934502
EURUSD,2025-09-05 16:00:00+00:00,-1.1945585062240704,-1.1945585062240704,False,-1.1945585062240704,False,-1.1945585062240704,False,-1.3171578217097335
EURUSD,2025-09-25 16:00:00+00:00,-1.1916864938608442,-1.1916864938608442,False,-1.1916864938608442,False,-1.1916864938608442,False,-1.1916864938608442
EURUSD,2025-10-02 16:00:00+00:00,-1.2277165048543743,-1.2277165048543743,False,-1.2277165048543743,False,-1.2277165048543743,False,1.7809896603265494
EURUSD,2025-10-06 08:00:00+00:00,0.7587984496123809,0.7587984496123809,False,0.7587984496123809,False,0.7587984496123809,False,0.7587984496123809
EURUSD,2025-10-09 16:00:00+00:00,-1.2159813664596273,-1.2159813664596273,False,-1.2159813664596273,False,-1.2159813664596273,False,-1.2159813664596273
EURUSD,2025-10-29 20:00:00+00:00,1.494727927927889,1.494727927927889,False,1.494727927927889,False,1.494727927927889,False,-1.388849850113291
EURUSD,2025-11-04 12:00:00+00:00,-1.3568790697674382,-1.3568790697674382,False,-1.3568790697674382,False,-1.3568790697674382,False,-1.3568790697674382
EURUSD,2025-11-13 16:00:00+00:00,-1.4163229850746313,-1.4163229850746313,False,-1.4163229850746313,True,-1.4163229850746313,True,-1.4163229850746313
EURUSD,2025-11-19 16:00:00+00:00,-1.3133747178329618,-1.3133747178329618,False,-1.3133747178329618,False,-1.3133747178329618,False,-1.3133747178329618
EURUSD,2025-12-10 20:00:00+00:00,1.6569990243902433,1.6569990243902433,False,1.6569990243902433,False,1.6569990243902433,False,1.744279804996404
EURUSD,2025-12-11 16:00:00+00:00,-1.3027883870967714,-1.3027883870967714,False,-1.3027883870967714,False,-1.3027883870967714,False,-1.3027883870967714
EURUSD,2025-12-22 16:00:00+00:00,-1.8849350819672184,-1.8849350819672184,False,-1.8849350819672184,False,-1.8849350819672184,False,-1.8849350819672184
EURUSD,2026-01-15 16:00:00+00:00,-1.4276785276073856,-1.4276785276073856,False,-1.4276785276073856,False,-1.4276785276073856,False,-1.3280728138283333
EURUSD,2026-01-20 08:00:00+00:00,1.5698568807339588,1.5698568807339588,False,1.5698568807339588,False,1.5698568807339588,False,1.7051181476771318
EURUSD,2026-01-20 12:00:00+00:00,-1.295235294117641,-1.295235294117641,False,-1.295235294117641,False,-1.295235294117641,False,-1.2381566769291354
EURUSD,2026-01-23 20:00:00+00:00,1.781408588957058,1.781408588957058,False,1.781408588957058,False,1.781408588957058,False,1.781408588957058
EURUSD,2026-02-02 16:00:00+00:00,-1.182720463320462,-1.182720463320462,False,-1.182720463320462,True,-1.182720463320462,True,-1.13584142665943
EURUSD,2026-02-09 08:00:00+00:00,-0.1986715447154272,-0.1986715447154272,False,-0.1986715447154272,False,-0.1986715447154272,False,1.522831434805858
EURUSD,2026-02-18 20:00:00+00:00,-1.3651556701031038,-1.3651556701031038,False,-1.3651556701031038,True,-1.3651556701031038,False,-1.3651556701031038
EURUSD,2026-03-02 08:00:00+00:00,1.8117212938005387,1.8117212938005387,False,0.9324878706199625,True,1.8117212938005387,False,1.7377536240643379
EURUSD,2026-03-02 16:00:00+00:00,1.7406773234200714,1.7406773234200714,False,1.7406773234200714,False,1.7406773234200714,False,0.8218941526512102
EURUSD,2026-03-13 08:00:00+00:00,-1.2680972762645955,-1.2680972762645955,False,-1.2680972762645955,False,-1.2680972762645955,False,-1.2680972762645955
EURUSD,2026-04-08 00:00:00+00:00,1.0011176710929723,1.0011176710929723,False,1.0011176710929723,False,1.0011176710929723,False,1.2407496478721562
EURUSD,2026-04-13 20:00:00+00:00,0.22128458646618313,0.22128458646618313,False,0.22128458646618313,False,0.22128458646618313,False,0.1760255794009098
EURUSD,2026-08-17 08:00:00+00:00,-1.5797250000000103,-1.5797250000000103,True,-1.5797250000000103,True,-1.5797250000000103,True,-1.5797250000000103
EURUSD,2026-08-19 16:00:00+00:00,-0.4469668292682954,-0.4469668292682954,False,-0.4469668292682954,False,-0.4469668292682954,False,-0.4469668292682954
EURUSD,2026-08-28 16:00:00+00:00,-0.549904700162074,-0.549904700162074,False,-0.549904700162074,True,-0.549904700162074,True,-0.549904700162074
EURUSD,2026-09-16 20:00:00+00:00,0.9864294511379283,0.9864294511379283,False,0.9864294511379283,False,0.9864294511379283,False,0.9864294511379283
GBPUSD,2017-01-17 16:00:00+00:00,0.6421451205510924,0.6421451205510924,False,0.6421451205510924,True,0.6421451205510924,False,-1.1130812193040198
GBPUSD,2017-01-25 12:00:00+00:00,-1.1727318025258324,-1.1727318025258324,False,-1.1727318025258324,True,-1.1727318025258324,False,-1.1828265247115108
GBPUSD,2017-02-01 12:00:00+00:00,-1.1825063932448705,-1.1825063932448705,False,-1.1825063932448705,False,-1.1825063932448705,False,-1.1441087514998034
GBPUSD,2017-02-23 16:00:00+00:00,-1.2096932960893838,-1.2096932960893838,False,-1.2096932960893838,True,-1.2096932960893838,False,-1.2369233357957525
GBPUSD,2017-02-27 00:00:00+00:00,-1.2008578734858668,-1.2008578734858668,False,-1.2008578734858668,True,-1.2008578734858668,False,-1.2020280477129102
GBPUSD,2017-03-15 20:00:00+00:00,1.5754223222322354,1.5754223222322354,False,1.5754223222322354,True,1.5754223222322354,True,1.8486104677696693
GBPUSD,2017-03-16 16:00:00+00:00,1.3234100185528739,1.3234100185528739,False,1.290034879406314,True,1.3234100185528739,True,1.6790479419025868
GBPUSD,2017-03-21 12:00:00+00:00,0.7452067393458948,0.7452067393458948,False,0.7452067393458948,True,0.7452067393458948,True,0.7452067393458948
GBPUSD,2017-04-17 16:00:00+00:00,-1.3714147783251274,-1.3714147783251274,False,-1.3714147783251274,True,-1.3714147783251274,True,-1.3714147783251274
GBPUSD,2017-04-18 12:00:00+00:00,0.9011842105263255,0.9011842105263255,False,0.9011842105263255,False,0.9011842105263255,False,0.9011842105263255
GBPUSD,2017-04-18 16:00:00+00:00,0.49758653136532494,0.49758653136532494,False,0.49758653136532494,False,0.49758653136532494,False,0.49758653136532494
GBPUSD,2017-05-11 12:00:00+00:00,-1.189674999999996,-1.189674999999996,False,-1.189674999999996,True,-1.189674999999996,True,-1.231341423005223
GBPUSD,2017-05-31 16:00:00+00:00,-1.2368914110429416,-1.2368914110429416,True,-1.2368914110429416,False,-1.2368914110429416,False,-1.2368914110429416
GBPUSD,2017-06-09 00:00:00+00:00,-0.22142443784471577,-0.22142443784471577,False,-0.22142443784471577,True,-0.22142443784471577,False,-0.5253688637451587
GBPUSD,2017-06-14 16:00:00+00:00,-1.196671373555836,-1.196671373555836,True,-1.196671373555836,True,-1.196671373555836,False,-1.196671373555836
GBPUSD,2017-06-20 08:00:00+00:00,-1.1902987531172038,-1.1902987531172038,False,-1.1902987531172038,False,-1.1902987531172038,False,-1.2130280105482703
GBPUSD,2017-06-28 16:00:00+00:00,-0.1546089451476824,-0.1546089451476824,False,-0.1546089451476824,False,-0.1546089451476824,False,-0.1546089451476824
GBPUSD,2017-07-11 16:00:00+00:00,-1.2132946206896493,-1.2132946206896493,False,-1.2132946206896493,False,-1.2132946206896493,False,-1.4141190772141214
GBPUSD,2017-07-14 16:00:00+00:00,-1.1459254901960785,-1.1459254901960785,False,-1.1459254901960785,False,-1.1459254901960785,False,-1.1459254901960785
GBPUSD,2017-07-20 12:00:00+00:00,-1.2197328631875868,-1.2197328631875868,False,-1.2197328631875868,True,-1.2197328631875868,True,-1.194685187214024
GBPUSD,2017-07-26 20:00:00+00:00,1.7451490322580638,1.7451490322580638,False,1.7451490322580638,False,1.7451490322580638,False,1.2403754735574883
GBPUSD,2017-07-31 16:00:00+00:00,-1.1906246376811578,-1.1906246376811578,False,-1.1906246376811578,False,-1.1906246376811578,False,-1.2660871247525929
GBPUSD,2017-08-04 16:00:00+00:00,0.27064342560554316,0.27064342560554316,False,0.27064342560554316,True,0.27064342560554316,True,0.27064342560554316
GBPUSD,2017-08-08 16:00:00+00:00,-1.2475752380952392,-1.2475752380952392,False,-1.2475752380952392,True,-1.2475752380952392,True,1.1998371939840424
GBPUSD,2017-08-15 12:00:00+00:00,0.29531123595502773,0.29531123595502773,False,0.29531123595502773,False,0.29531123595502773,False,0.29531123595502773
GBPUSD,2017-08-31 12:00:00+00:00,-1.31291336032389,-1.31291336032389,False,-1.31291336032389,False,-1.31291336032389,False,-1.198940068675267
GBPUSD,2017-09-07 12:00:00+00:00,1.706684758364309,1.706684758364309,False,1.706684758364309,False,1.706684758364309,False,1.706684758364309
GBPUSD,2017-09-08 12:00:00+00:00,1.8106960854092562,1.8106960854092562,False,1.8106960854092562,False,1.8106960854092562,False,1.8106960854092562
GBPUSD,2017-09-12 12:00:00+00:00,-1.1992398996235876,-1.1992398996235876,False,-1.1992398996235876,False,-1.1992398996235876,False,-1.2264594746921544
GBPUSD,2017-09-14 12:00:00+00:00,0.6971398416886565,0.6971398416886565,False,0.6971398416886565,False,0.6971398416886565,False,0.6971398416886565
GBPUSD,2017-10-05 08:00:00+00:00,1.7558809302325606,1.7558809302325606,False,-1.2459190697674394,True,-1.2459190697674394,True,1.7558809302325606
GBPUSD,2017-10-25 12:00:00+00:00,-1.1150869818181823,-1.1150869818181823,False,-1.1150869818181823,False,-1.1150869818181823,False,-1.2371958635366678
GBPUSD,2017-10-31 16:00:00+00:00,-1.2039576379974335,-1.2039576379974335,False,-1.2039576379974335,False,-1.2039576379974335,False,-1.1764263838502091
GBPUSD,2017-11-02 16:00:00+00:00,-0.31964655674103143,-0.31964655674103143,False,-0.31964655674103143,False,-0.31964655674103143,False,-1.243071946283327
GBPUSD,2017-11-10 16:00:00+00:00,-1.2449820433436567,-1.2449820433436567,False,-1.2449820433436567,False,-1.2449820433436567,False,-1.2220091592915692
GBPUSD,2017-11-28 16:00:00+00:00,-1.2393909774436074,-1.2393909774436074,False,-1.2393909774436074,True,-1.2393909774436074,True,-1.293619256768316
GBPUSD,2017-11-30 16:00:00+00:00,-1.2438956521739106,-1.2438956521739106,False,-1.2438956521739106,False,-1.2438956521739106,False,-1.2438956521739106
GBPUSD,2017-12-29 12:00:00+00:00,1.6014588235293983,1.6014588235293983,False,1.6014588235293983,False,1.6014588235293983,False,1.6014588235293983
GBPUSD,2018-01-12 12:00:00+00:00,1.8384912830558287,1.8384912830558287,False,1.8384912830558287,False,1.8384912830558287,False,1.8384912830558287
GBPUSD,2018-01-22 16:00:00+00:00,1.7975759903961572,1.7975759903961572,False,1.7975759903961572,False,1.7975759903961572,False,1.8296839337985766
GBPUSD,2018-01-23 16:00:00+00:00,1.8350005842259007,1.8350005842259007,False,1.8350005842259007,False,1.8350005842259007,False,1.8350005842259007
GBPUSD,2018-01-24 12:00:00+00:00,-1.155746175115207,-1.155746175115207,False,-1.155746175115207,False,-1.155746175115207,False,-1.155746175115207
GBPUSD,2018-01-24 16:00:00+00:00,-1.1857170305676843,-1.1857170305676843,False,-1.1857170305676843,False,-1.1857170305676843,False,-1.1857170305676843
GBPUSD,2018-03-06 12:00:00+00:00,-1.2065617391304375,-1.2065617391304375,False,-1.2065617391304375,True,-1.2065617391304375,False,-1.276452065119829
GBPUSD,2018-03-13 16:00:00+00:00,-1.1727851239669398,-1.1727851239669398,False,-1.1727851239669398,True,-1.1727851239669398,False,-1.1727851239669398
GBPUSD,2018-03-19 12:00:00+00:00,1.3154035369774884,1.3154035369774884,False,1.3154035369774884,True,1.3154035369774884,False,1.8043890303888948
GBPUSD,2018-03-21 20:00:00+00:00,-0.9565769989047173,-0.9565769989047173,False,-0.9565769989047173,True,-0.9565769989047173,False,-0.9565769989047173
GBPUSD,2018-04-16 12:00:00+00:00,-1.3162265682656837,-1.3162265682656837,False,-1.3162265682656837,False,-1.3162265682656837,False,-1.3162265682656837
GBPUSD,2018-04-19 20:00:00+00:00,1.41526396396398,1.41526396396398,False,1.3097953153153397,True,1.41526396396398,False,1.41526396396398
GBPUSD,2018-04-27 12:00:00+00:00,1.2963873417721692,1.2963873417721692,False,1.2963873417721692,False,1.2963873417721692,False,1.2963873417721692
GBPUSD,2018-05-01 12:00:00+00:00,1.7680642045454598,1.7680642045454598,False,1.7680642045454598,False,1.7680642045454598,False,1.7680642045454598
GBPUSD,2018-05-01 16:00:00+00:00,1.060930447330496,1.060930447330496,False,1.060930447330496,False,1.060930447330496,False,1.060930447330496
GBPUSD,2018-05-23 12:00:00+00:00,-1.2002994999999996,-1.2002994999999996,False,-1.2002994999999996,False,-1.2002994999999996,False,-1.2002994999999996
GBPUSD,2018-05-29 08:00:00+00:00,-1.2078448500651873,-1.2078448500651873,False,-1.2078448500651873,False,-1.2078448500651873,False,-1.2147282748562744
GBPUSD,2018-06-19 08:00:00+00:00,-1.2202615811373112,-1.2202615811373112,False,-1.2202615811373112,False,-1.2202615811373112,False,-1.2774890517205222
GBPUSD,2018-07-18 12:00:00+00:00,-1.207572185430465,-1.207572185430465,False,-1.207572185430465,False,-1.207572185430465,False,-1.207572185430465
GBPUSD,2018-08-08 12:00:00+00:00,1.789258241758247,1.789258241758247,False,1.789258241758247,False,1.789258241758247,False,1.789258241758247
GBPUSD,2018-08-29 16:00:00+00:00,-1.1113374461979908,-1.1113374461979908,False,-1.1113374461979908,True,-1.1113374461979908,False,-1.1113374461979908
GBPUSD,2018-09-20 12:00:00+00:00,-1.1538023255813938,-1.1538023255813938,False,-1.1538023255813938,False,-1.1538023255813938,False,-1.1538023255813938
GBPUSD,2018-09-21 16:00:00+00:00,-1.1405949999999987,-1.1405949999999987,False,-1.1405949999999987,False,-1.1405949999999987,False,-1.1790002019811838
GBPUSD,2018-10-09 16:00:00+00:00,0.5146136492890928,0.5146136492890928,False,0.5146136492890928,False,0.5146136492890928,False,0.5146136492890928
GBPUSD,2018-10-22 12:00:00+00:00,1.799818322580649,1.799818322580649,False,1.799818322580649,False,1.799818322580649,False,1.641832108185101
GBPUSD,2018-10-25 16:00:00+00:00,-1.196666242038213,-1.196666242038213,False,-1.196666242038213,False,-1.196666242038213,False,-1.196666242038213
GBPUSD,2018-11-01 16:00:00+00:00,1.789255450874833,0.9781676985194948,True,1.9600815612382079,True,1.789255450874833,False,1.789255450874833
GBPUSD,2018-11-12 08:00:00+00:00,-1.1887424390243855,-1.1887424390243855,False,-1.1887424390243855,True,-1.1887424390243855,True,-1.1887424390243855
GBPUSD,2018-11-27 08:00:00+00:00,-1.247119806763292,-1.247119806763292,False,-1.247119806763292,False,-1.247119806763292,False,-1.42946714642322
GBPUSD,2018-12-03 12:00:00+00:00,-1.1511715976331356,-1.1511715976331356,False,-1.1511715976331356,False,-1.1511715976331356,False,-1.1464199170768714
GBPUSD,2018-12-10 12:00:00+00:00,0.020627599611273754,0.020627599611273754,False,0.020627599611273754,False,0.020627599611273754,False,0.023438034663427053
GBPUSD,2018-12-10 16:00:00+00:00,-1.1058666200139948,-1.1058666200139948,False,-1.1058666200139948,False,-1.1058666200139948,False,-1.1058666200139948
GBPUSD,2018-12-24 16:00:00+00:00,-1.1894498132004987,-1.1894498132004987,False,-1.1894498132004987,True,-1.1894498132004987,False,-1.215102660102971
GBPUSD,2019-01-11 12:00:00+00:00,-1.1343852631578963,-1.1343852631578963,False,-1.1343852631578963,False,-1.1343852631578963,False,-1.1808039424354873
GBPUSD,2019-01-17 20:00:00+00:00,-1.1825388954171558,-1.1825388954171558,False,-1.1825388954171558,False,-1.1825388954171558,False,-1.1825388954171558
GBPUSD,2019-01-23 12:00:00+00:00,1.822662162162162,1.822662162162162,False,1.822662162162162,False,1.822662162162162,False,1.822662162162162
GBPUSD,2019-01-25 00:00:00+00:00,-0.389261849710982,-0.389261849710982,False,-0.389261849710982,False,-0.389261849710982,False,-0.389261849710982
GBPUSD,2019-01-25 16:00:00+00:00,-1.1852729411764715,-1.1852729411764715,False,-1.1852729411764715,False,-1.1852729411764715,False,-1.1852729411764715
GBPUSD,2019-02-05 16:00:00+00:00,0.53289527559054,0.53289527559054,False,0.53289527559054,True,0.53289527559054,True,0.53289527559054
GBPUSD,2019-02-14 12:00:00+00:00,-1.2633056410256451,-1.2633056410256451,False,-1.2633056410256451,False,-1.2633056410256451,False,-1.2480567867099766
GBPUSD,2019-02-19 16:00:00+00:00,1.6511613559321865,1.6511613559321865,False,1.6511613559321865,False,1.6511613559321865,False,1.6511613559321865
GBPUSD,2019-03-05 16:00:00+00:00,-1.236872072072068,-1.236872072072068,True,-1.236872072072068,True,-1.236872072072068,True,-1.236872072072068
GBPUSD,2019-03-08 16:00:00+00:00,-1.1822721769499445,-1.1822721769499445,False,-1.1822721769499445,True,-1.1822721769499445,True,-1.193018575550132
GBPUSD,2019-03-28 00:00:00+00:00,-0.388473807205455,-0.388473807205455,False,1.4763250243427588,True,1.4763250243427588,True,-0.3722927658682282
GBPUSD,2019-04-16 16:00:00+00:00,1.6673492537313495,1.6673492537313495,False,1.6673492537313495,False,1.6673492537313495,False,1.490103196829549
GBPUSD,2019-04-23 16:00:00+00:00,-1.2253473227206957,-1.2253473227206957,False,-1.2253473227206957,False,-1.2253473227206957,False,-1.2253473227206957
GBPUSD,2019-04-30 12:00:00+00:00,1.7160456521739116,1.7160456521739116,False,1.7160456521739116,False,1.7160456521739116,False,1.5405166597932665
GBPUSD,2019-05-03 16:00:00+00:00,-1.1032584980237157,-1.1032584980237157,False,-1.1032584980237157,False,-1.1032584980237157,False,-1.1032584980237157
GBPUSD,2019-05-13 16:00:00+00:00,1.8067880000000003,1.8067880000000003,False,1.8067880000000003,False,1.8067880000000003,False,1.7090115245579436
GBPUSD,2019-05-17 12:00:00+00:00,-1.3171068322981438,-1.3171068322981438,False,-1.3171068322981438,False,-1.3171068322981438,False,-1.3171068322981438
GBPUSD,2019-05-22 08:00:00+00:00,-1.3147049586776889,-1.3147049586776889,False,-1.3147049586776889,False,-1.3147049586776889,False,-1.2748509244352926
GBPUSD,2019-05-31 12:00:00+00:00,-1.230758167938937,-1.230758167938937,False,-1.230758167938937,False,-1.230758167938937,False,-1.212324088112014
GBPUSD,2019-06-10 12:00:00+00:00,-1.219421902017293,-1.219421902017293,False,-1.219421902017293,False,-1.219421902017293,False,-1.283386405808098
GBPUSD,2019-06-14 16:00:00+00:00,-1.2875115749525559,-1.2875115749525559,False,-1.2875115749525559,False,-1.2875115749525559,False,-1.2376270322151066
GBPUSD,2019-07-01 08:00:00+00:00,1.6599011235955108,1.6599011235955108,False,1.6599011235955108,False,1.6599011235955108,False,1.4894325492055105
GBPUSD,2019-07-16 08:00:00+00:00,-1.3084790123456735,-1.3084790123456735,False,-1.3084790123456735,False,-1.3084790123456735,False,-1.3084790123456735
GBPUSD,2019-07-26 16:00:00+00:00,1.7080236686390606,1.7080236686390606,False,1.7080236686390606,False,1.7080236686390606,False,1.7594927454373157
GBPUSD,2019-07-30 04:00:00+00:00,-1.229996226415097,-1.229996226415097,False,-1.229996226415097,False,-1.229996226415097,False,-1.229996226415097
GBPUSD,2019-08-09 12:00:00+00:00,-1.2512650519031188,-1.2512650519031188,False,-1.2512650519031188,False,-1.2512650519031188,False,-1.1717349033935849
GBPUSD,2019-08-09 20:00:00+00:00,-1.254274516695949,-1.254274516695949,False,-1.254274516695949,False,-1.254274516695949,False,-1.254274516695949
GBPUSD,2019-08-15 12:00:00+00:00,-1.2461667796610163,-1.2461667796610163,False,-1.2461667796610163,True,-1.2461667796610163,True,0.017466012664637973
GBPUSD,2019-08-22 16:00:00+00:00,-0.6493070075757504,-0.6493070075757504,False,-0.6493070075757504,True,-0.6493070075757504,True,-0.6493070075757504
GBPUSD,2019-09-02 12:00:00+00:00,1.7186807017543904,1.7186807017543904,False,1.7186807017543904,False,1.7186807017543904,False,1.7186807017543904
GBPUSD,2019-09-03 08:00:00+00:00,-1.2320434782608676,-1.2320434782608676,False,-1.2320434782608676,False,-1.2320434782608676,False,-1.2320434782608676
GBPUSD,2019-09-05 12:00:00+00:00,-1.1689725085910627,-1.1689725085910627,False,-1.1689725085910627,True,-1.1689725085910627,True,-1.2965568100572944
GBPUSD,2019-09-09 12:00:00+00:00,0.6668973031283463,0.6668973031283463,False,0.6668973031283463,True,0.6668973031283463,True,-1.3257378042084755
GBPUSD,2019-09-13 08:00:00+00:00,1.7899461430574994,1.7899461430574994,False,1.7899461430574994,False,1.7899461430574994,False,1.7899461430574994
GBPUSD,2019-09-23 08:00:00+00:00,-1.2247942857142842,-1.2247942857142842,False,-1.2247942857142842,True,-1.2247942857142842,False,-1.2710006706079897
GBPUSD,2019-09-25 12:00:00+00:00,1.7774433734939752,1.7774433734939752,False,1.1957692771084685,True,1.7774433734939752,False,1.7264887363218542
GBPUSD,2019-09-27 08:00:00+00:00,-1.2559629116117828,-1.2559629116117828,False,-1.2559629116117828,True,-1.2559629116117828,False,-1.2559629116117828
GBPUSD,2019-10-08 12:00:00+00:00,-1.2077067796610177,-1.2077067796610177,False,-1.2077067796610177,True,-1.2077067796610177,True,-1.1528474325355316
GBPUSD,2019-10-10 16:00:00+00:00,1.9098750448833035,1.9098750448833035,False,1.9098750448833035,False,1.9098750448833035,False,1.8271836485469388
GBPUSD,2019-10-10 20:00:00+00:00,1.8387773019271934,1.8387773019271934,False,1.8387773019271934,False,1.8387773019271934,False,1.8387773019271934
GBPUSD,2019-10-11 12:00:00+00:00,0.9888259718069057,0.9888259718069057,False,0.9888259718069057,False,0.9888259718069057,False,0.9888259718069057
GBPUSD,2019-10-24 16:00:00+00:00,-1.1318652433817238,-1.1318652433817238,False,-1.1318652433817238,True,-1.1318652433817238,True,-1.190553067483093
GBPUSD,2019-11-05 16:00:00+00:00,1.6626315789473773,1.6626315789473773,False,0.2516978070175064,True,0.2516978070175064,True,1.6626315789473773
GBPUSD,2019-11-22 12:00:00+00:00,-1.3096864000000066,-1.3096864000000066,False,-1.3096864000000066,False,-1.3096864000000066,False,-1.3096864000000066
GBPUSD,2019-11-22 16:00:00+00:00,-1.305480792079208,-1.305480792079208,False,-1.305480792079208,False,-1.305480792079208,False,-1.307931701775583
GBPUSD,2019-12-04 12:00:00+00:00,1.7588385911179147,1.7588385911179147,False,1.7588385911179147,False,1.7588385911179147,False,1.7588385911179147
GBPUSD,2019-12-04 16:00:00+00:00,1.6980130019120372,1.6980130019120372,False,1.6980130019120372,False,1.6980130019120372,False,1.6980130019120372
GBPUSD,2019-12-13 00:00:00+00:00,-1.0466474576271187,-1.0466474576271187,False,-1.0466474576271187,False,-1.0466474576271187,False,-1.0466474576271187
GBPUSD,2020-01-06 12:00:00+00:00,-1.1697132686084162,-1.1697132686084162,False,-1.1697132686084162,False,-1.1697132686084162,False,-1.1720862076158962
GBPUSD,2020-01-09 12:00:00+00:00,-0.5967006342494788,-0.5967006342494788,False,-0.5967006342494788,False,-0.5967006342494788,False,-1.2273882011831139
GBPUSD,2020-01-22 16:00:00+00:00,-1.340722077922073,-1.340722077922073,False,-1.340722077922073,False,-1.340722077922073,False,-1.180039714215367
GBPUSD,2020-01-31 16:00:00+00:00,-1.2545432258064522,-1.2545432258064522,False,-1.2545432258064522,False,-1.2545432258064522,False,-1.2434184450044583
GBPUSD,2020-02-04 08:00:00+00:00,-1.1992491048593366,-1.1992491048593366,False,-1.1992491048593366,False,-1.1992491048593366,False,-1.23799103772912
GBPUSD,2020-02-07 20:00:00+00:00,-1.2907433395872512,-1.2907433395872512,False,-1.2907433395872512,False,-1.2907433395872512,False,-1.2907433395872512
GBPUSD,2020-02-13 16:00:00+00:00,-1.2066269841269839,-1.2066269841269839,False,-1.2066269841269839,True,-1.2066269841269839,True,-1.2066269841269839
GBPUSD,2020-02-25 16:00:00+00:00,-1.2461450236966845,-1.2461450236966845,False,-1.2461450236966845,True,-1.2461450236966845,True,-1.2930384531598467
GBPUSD,2020-02-27 12:00:00+00:00,-0.8814118265440145,-0.8814118265440145,False,-0.8814118265440145,False,-0.8814118265440145,False,-1.3518066351653635
GBPUSD,2020-02-28 16:00:00+00:00,-1.1298438448566612,-1.1298438448566612,False,-1.1298438448566612,False,-1.1298438448566612,False,-1.1449951719247422
GBPUSD,2020-03-09 08:00:00+00:00,-1.1012532818532825,-1.1012532818532825,False,-1.1012532818532825,False,-1.1012532818532825,False,-1.1012532818532825
GBPUSD,2020-03-12 16:00:00+00:00,1.9288561538461535,1.9288561538461535,False,1.9288561538461535,False,1.9288561538461535,False,1.9288561538461535
GBPUSD,2020-03-18 16:00:00+00:00,1.9104275241157553,1.9104275241157553,False,1.9104275241157553,False,1.9104275241157553,False,1.9104275241157553
GBPUSD,2020-04-21 12:00:00+00:00,-1.145875590551182,-1.145875590551182,False,-1.145875590551182,False,-1.145875590551182,False,-1.145875590551182
GBPUSD,2020-04-30 16:00:00+00:00,-1.1185725768321504,-1.1185725768321504,False,-1.1185725768321504,True,-1.1185725768321504,True,-1.1185725768321504
GBPUSD,2020-05-13 16:00:00+00:00,-0.415552073732732,-0.415552073732732,False,-0.415552073732732,False,-0.415552073732732,False,-0.3743283830670089
GBPUSD,2020-05-26 08:00:00+00:00,-1.2802778625954245,-1.2802778625954245,False,-1.2802778625954245,True,-1.2802778625954245,True,1.7725220683333016
GBPUSD,2020-05-26 12:00:00+00:00,-1.1911823834196904,-1.1911823834196904,False,-1.1911823834196904,True,-1.1911823834196904,True,-1.1598203096209931
GBPUSD,2020-06-01 16:00:00+00:00,1.8227543529411756,1.8227543529411756,False,1.1255258823529375,True,1.1255258823529375,True,1.8227543529411756
GBPUSD,2020-06-12 16:00:00+00:00,-1.1472282926829287,-1.1472282926829287,True,-1.1472282926829287,True,-1.1472282926829287,False,-1.0955887619903086
GBPUSD,2020-07-01 16:00:00+00:00,1.0904049145299222,1.0904049145299222,False,0.9868346153846088,True,1.0904049145299222,False,1.7377699046241135
GBPUSD,2020-07-28 16:00:00+00:00,1.819370900692843,1.819370900692843,False,1.819370900692843,False,1.819370900692843,False,1.819370900692843
GBPUSD,2020-09-08 12:00:00+00:00,1.8547224719101127,1.8547224719101127,False,1.0208891385767689,True,1.8547224719101127,False,1.8547224719101127
GBPUSD,2020-09-10 16:00:00+00:00,-1.1040544966442944,-1.1040544966442944,False,-1.1040544966442944,True,-1.1040544966442944,False,-1.1040544966442944
GBPUSD,2020-09-16 12:00:00+00:00,-1.1759918367346973,-1.1759918367346973,False,-1.1759918367346973,True,-1.1759918367346973,False,-1.1343826981809049
GBPUSD,2020-09-28 12:00:00+00:00,0.27353213981243574,0.27353213981243574,False,0.27353213981243574,True,0.27353213981243574,False,0.2984324105969162
GBPUSD,2020-10-21 08:00:00+00:00,-0.42429210526315436,-0.42429210526315436,False,-0.42429210526315436,False,-0.42429210526315436,False,1.698133802367948
GBPUSD,2020-10-28 12:00:00+00:00,-1.2068026525198912,-1.2068026525198912,False,-1.2068026525198912,False,-1.2068026525198912,False,-1.169757597193928
GBPUSD,2020-11-03 16:00:00+00:00,-1.1815310104529615,-1.1815310104529615,False,-1.1815310104529615,False,-1.1815310104529615,False,-1.1686499776257877
GBPUSD,2020-11-04 00:00:00+00:00,-1.1454371057513912,-1.1454371057513912,False,-1.1454371057513912,False,-1.1454371057513912,False,-1.201926339114423
GBPUSD,2020-11-10 12:00:00+00:00,-1.1731301310043658,-1.1731301310043658,False,-1.1731301310043658,False,-1.1731301310043658,False,-1.1731301310043658
GBPUSD,2020-11-17 12:00:00+00:00,-1.21230374331551,-1.21230374331551,False,-1.21230374331551,False,-1.21230374331551,False,0.4416988922769178
GBPUSD,2020-12-07 12:00:00+00:00,-1.1340667785234881,-1.1340667785234881,False,-1.1340667785234881,True,-1.1340667785234881,True,-1.1518038501700318
GBPUSD,2020-12-11 12:00:00+00:00,-1.7548979400749025,-1.7548979400749025,False,-1.7548979400749025,True,-1.7548979400749025,True,-2.1271845737922717
GBPUSD,2021-01-26 08:00:00+00:00,-1.3014176795580084,-1.3014176795580084,True,-1.3014176795580084,True,-1.3014176795580084,True,-1.3014176795580084
GBPUSD,2021-03-17 20:00:00+00:00,-1.1479489361702133,-1.1479489361702133,False,-1.1479489361702133,False,-1.1479489361702133,False,-1.1479489361702133
GBPUSD,2021-04-19 12:00:00+00:00,-1.2716319218241028,-1.2716319218241028,False,-1.2716319218241028,False,-1.2716319218241028,False,-1.2716319218241028
GBPUSD,2021-05-07 16:00:00+00:00,0.7135030247479475,0.7135030247479475,False,0.7135030247479475,False,0.7135030247479475,False,0.7135030247479475
GBPUSD,2021-06-03 16:00:00+00:00,-1.1887984427141303,-1.1887984427141303,False,-1.1887984427141303,True,-1.1887984427141303,False,-1.3551697387293946
GBPUSD,2021-06-15 12:00:00+00:00,-1.2211439790575953,-1.2211439790575953,False,-1.2211439790575953,True,-1.2211439790575953,False,-1.2544702269065013
GBPUSD,2021-06-16 20:00:00+00:00,0.18601729452056054,0.18601729452056054,False,0.18601729452056054,True,0.18601729452056054,False,0.18601729452056054
GBPUSD,2021-06-18 16:00:00+00:00,-1.2207705179282857,-1.2207705179282857,False,-1.2207705179282857,False,-1.2207705179282857,False,-1.2207705179282857
GBPUSD,2021-06-30 16:00:00+00:00,-1.266514606741575,-1.266514606741575,False,-1.266514606741575,False,-1.266514606741575,False,-1.1883422875764749
GBPUSD,2021-07-27 16:00:00+00:00,0.0609292121212121,0.0609292121212121,False,0.0609292121212121,True,0.0609292121212121,True,0.06076672274185605
GBPUSD,2021-08-06 16:00:00+00:00,-0.026719652173929683,-0.026719652173929683,False,-0.026719652173929683,False,-0.026719652173929683,False,-0.03750666371064856
GBPUSD,2021-08-17 16:00:00+00:00,1.7144939130434855,1.7144939130434855,False,1.7144939130434855,False,1.7144939130434855,False,1.7144939130434855
GBPUSD,2021-09-28 12:00:00+00:00,1.7979950186799498,1.7979950186799498,False,1.7979950186799498,False,1.7979950186799498,False,1.7979950186799498
GBPUSD,2021-09-28 16:00:00+00:00,-1.262159420289853,-1.262159420289853,False,-1.262159420289853,False,-1.262159420289853,False,-1.262159420289853
GBPUSD,2021-10-19 12:00:00+00:00,-1.358485714285726,-1.358485714285726,False,-1.358485714285726,False,-1.358485714285726,False,-1.358485714285726
GBPUSD,2021-10-29 16:00:00+00:00,1.8456931818181805,1.8456931818181805,False,1.8456931818181805,False,1.8456931818181805,False,1.7881835820057441
GBPUSD,2021-11-04 16:00:00+00:00,0.5760315934065977,0.5760315934065977,False,0.5760315934065977,False,0.5760315934065977,False,0.5760315934065977
GBPUSD,2021-11-05 12:00:00+00:00,-1.2566399999999922,-1.2566399999999922,False,-1.2566399999999922,False,-1.2566399999999922,False,-1.2566399999999922
GBPUSD,2021-11-10 20:00:00+00:00,-1.021436130536152,-1.021436130536152,False,-1.021436130536152,False,-1.021436130536152,False,-1.002806232020085
GBPUSD,2021-11-30 16:00:00+00:00,-0.13006101190477265,-0.13006101190477265,False,-0.13006101190477265,False,-0.13006101190477265,False,-1.2067810693376442
GBPUSD,2021-12-23 12:00:00+00:00,0.7263895678091994,0.7263895678091994,False,0.7263895678091994,False,0.7263895678091994,False,0.7263895678091994
GBPUSD,2021-12-29 16:00:00+00:00,1.033384193548387,1.033384193548387,False,1.033384193548387,False,1.033384193548387,False,1.033384193548387
GBPUSD,2021-12-31 16:00:00+00:00,-1.2030857142857116,-1.2030857142857116,False,-1.2030857142857116,False,-1.2030857142857116,False,-1.2030857142857116
GBPUSD,2022-01-04 16:00:00+00:00,0.47524161073822985,0.47524161073822985,False,0.47524161073822985,False,0.47524161073822985,False,0.47524161073822985
GBPUSD,2022-01-12 16:00:00+00:00,-1.3058298507462667,-1.3058298507462667,False,-1.3058298507462667,False,-1.3058298507462667,False,-1.3058298507462667
GBPUSD,2022-01-18 12:00:00+00:00,-1.329032997987933,-1.329032997987933,False,-1.329032997987933,True,-1.329032997987933,True,-1.329032997987933
GBPUSD,2022-01-24 12:00:00+00:00,1.0174182361733943,1.0174182361733943,False,1.4541524663677137,True,1.4541524663677137,True,1.0174182361733943
GBPUSD,2022-02-03 16:00:00+00:00,-1.2281310924369702,-1.2281310924369702,False,-1.2281310924369702,False,-1.2281310924369702,False,-1.3175755567679321
GBPUSD,2022-02-10 16:00:00+00:00,-1.1769895652173894,-1.1769895652173894,False,-1.1769895652173894,False,-1.1769895652173894,False,-1.2877195193858042
GBPUSD,2022-02-24 12:00:00+00:00,0.10315523906409628,0.10315523906409628,False,0.10315523906409628,True,0.10315523906409628,False,0.10315523906409628
GBPUSD,2022-02-24 16:00:00+00:00,-1.1107651452282163,-1.1107651452282163,False,-1.1107651452282163,False,-1.1107651452282163,False,-1.1107651452282163
GBPUSD,2022-03-04 16:00:00+00:00,1.7836098765432105,1.7836098765432105,False,1.7836098765432105,False,1.7836098765432105,False,1.809286272255442
GBPUSD,2022-03-22 12:00:00+00:00,-1.1756786666666685,-1.1756786666666685,False,-1.1756786666666685,True,-1.1756786666666685,True,-1.3231193915254824
GBPUSD,2022-04-13 16:00:00+00:00,-1.1961939774153065,-1.1961939774153065,False,-1.1961939774153065,True,-1.1961939774153065,True,-1.3237550664992306
GBPUSD,2022-04-22 08:00:00+00:00,1.878372720063442,1.878372720063442,False,1.878372720063442,False,1.878372720063442,False,1.878372720063442
GBPUSD,2022-04-26 16:00:00+00:00,1.8185987937273804,1.8185987937273804,False,1.8185987937273804,False,1.8185987937273804,False,1.8185987937273804
GBPUSD,2022-04-28 12:00:00+00:00,-1.1140757990867585,-1.1140757990867585,False,-1.1140757990867585,False,-1.1140757990867585,False,-1.1140757990867585
GBPUSD,2022-05-04 20:00:00+00:00,-1.0905530403371464,-1.0905530403371464,True,-1.0905530403371464,True,-1.0905530403371464,False,-1.2728433916390791
GBPUSD,2022-05-05 12:00:00+00:00,0.986814185921539,0.986814185921539,False,0.986814185921539,False,0.986814185921539,False,1.8650849601433093
GBPUSD,2022-05-17 08:00:00+00:00,-1.1612671009771998,-1.1612671009771998,False,-1.1612671009771998,True,-1.1612671009771998,False,-1.1914420108862178
GBPUSD,2022-06-01 16:00:00+00:00,-1.1157012307692316,-1.1157012307692316,False,-1.1157012307692316,False,-1.1157012307692316,False,-1.3842143606779842
GBPUSD,2022-06-07 16:00:00+00:00,-1.1345771019678,-1.1345771019678,False,-1.1345771019678,True,-1.1345771019678,False,-1.3445063427816841
GBPUSD,2022-06-10 16:00:00+00:00,1.8789328925619835,1.8789328925619835,False,1.8789328925619835,False,1.8789328925619835,False,1.8789328925619835
GBPUSD,2022-06-13 12:00:00+00:00,1.8208024721878846,1.8208024721878846,False,1.8208024721878846,False,1.8208024721878846,False,1.8208024721878846
GBPUSD,2022-06-14 12:00:00+00:00,-1.1249076394849793,-1.1249076394849793,False,-1.1249076394849793,False,-1.1249076394849793,False,-1.1249076394849793
GBPUSD,2022-06-16 16:00:00+00:00,-0.5586199527186768,-0.5586199527186768,False,-0.5586199527186768,True,-0.5586199527186768,False,-1.081598952710885
GBPUSD,2022-07-01 12:00:00+00:00,-1.1821195979899504,-1.1821195979899504,False,-1.1821195979899504,False,-1.1821195979899504,False,-1.1821195979899504
GBPUSD,2022-07-27 20:00:00+00:00,-0.24535203366059305,-0.24535203366059305,False,-0.24535203366059305,True,-0.24535203366059305,False,-0.24535203366059305
GBPUSD,2022-08-04 12:00:00+00:00,-1.1128501547987633,-1.1128501547987633,False,-1.1128501547987633,False,-1.1128501547987633,False,-1.1091852310738894
GBPUSD,2022-08-10 16:00:00+00:00,-1.0992086956521734,-1.0992086956521734,False,-1.0992086956521734,True,-1.0992086956521734,False,-1.1690584171441307
GBPUSD,2022-08-18 16:00:00+00:00,1.8613550146056475,1.8613550146056475,False,1.8613550146056475,False,1.8613550146056475,False,1.8429918128758942
GBPUSD,2022-08-19 12:00:00+00:00,0.012811167512686229,0.012811167512686229,False,0.012811167512686229,False,0.012811167512686229,False,0.012811167512686229
GBPUSD,2022-09-07 12:00:00+00:00,-1.1380956870611831,-1.1380956870611831,False,-1.1380956870611831,False,-1.1380956870611831,False,-1.1380956870611831
GBPUSD,2022-09-16 08:00:00+00:00,1.8634894046417771,1.8634894046417771,False,1.8634894046417771,False,1.8634894046417771,False,1.8634894046417771
GBPUSD,2022-09-23 12:00:00+00:00,1.9151075924724212,1.9151075924724212,False,1.9151075924724212,False,1.9151075924724212,False,1.9151075924724212
GBPUSD,2022-09-23 16:00:00+00:00,1.9270843891402714,1.9270843891402714,False,1.9270843891402714,False,1.9270843891402714,False,1.9270843891402714
GBPUSD,2022-09-29 16:00:00+00:00,1.93504531024531,1.2274374218374349,True,0.3486961038961077,True,0.3486961038961077,True,0.24412881900645417
GBPUSD,2022-10-11 20:00:00+00:00,-1.0690168137000515,-1.0690168137000515,False,-1.0690168137000515,False,-1.0690168137000515,False,-1.0813633359053019
GBPUSD,2022-10-13 12:00:00+00:00,-0.12042354804645619,-0.12042354804645619,False,-0.12042354804645619,True,-0.12042354804645619,True,-0.19948254987451863
GBPUSD,2022-10-17 16:00:00+00:00,-1.0986784938450391,-1.0986784938450391,False,-1.0986784938450391,True,-1.0986784938450391,True,-1.1303956672145967
GBPUSD,2022-10-25 16:00:00+00:00,-0.1316636251541355,-0.1316636251541355,False,-0.1316636251541355,True,-0.1316636251541355,True,-0.1316636251541355
GBPUSD,2022-10-26 08:00:00+00:00,-1.1113551612903227,-1.1113551612903227,False,-1.1113551612903227,True,-1.1113551612903227,True,-1.1113551612903227
GBPUSD,2022-11-03 12:00:00+00:00,-1.1358140280561138,-1.1358140280561138,False,-1.1358140280561138,False,-1.1358140280561138,False,-1.1358140280561138
GBPUSD,2022-11-10 16:00:00+00:00,0.2708885565669645,0.2708885565669645,False,0.2708885565669645,False,0.2708885565669645,False,0.2708885565669645
GBPUSD,2022-11-23 16:00:00+00:00,-1.103646220302376,-1.103646220302376,False,-1.103646220302376,False,-1.103646220302376,False,-1.103646220302376
GBPUSD,2022-11-30 16:00:00+00:00,-1.125979999999999,-1.125979999999999,True,-1.125979999999999,True,-1.125979999999999,False,-1.125979999999999
GBPUSD,2022-12-22 12:00:00+00:00,0.011224077669903519,0.011224077669903519,False,0.011224077669903519,True,0.011224077669903519,False,0.0073589193119592495
GBPUSD,2023-01-03 12:00:00+00:00,-1.1424985133795846,-1.1424985133795846,False,-1.1424985133795846,True,-1.1424985133795846,False,-1.133751531520676
GBPUSD,2023-01-05 16:00:00+00:00,-1.0926382182052936,-1.0926382182052936,False,-1.0926382182052936,True,-1.0926382182052936,False,-1.0926382182052936
GBPUSD,2023-02-03 16:00:00+00:00,0.09091668757841259,0.09091668757841259,False,0.09091668757841259,False,0.09091668757841259,False,0.09091668757841259
GBPUSD,2023-02-14 12:00:00+00:00,-1.223284403669725,-1.223284403669725,True,-1.223284403669725,True,-1.223284403669725,True,-1.223284403669725
GBPUSD,2023-02-21 12:00:00+00:00,-1.116966990291263,-1.116966990291263,False,-1.116966990291263,True,-1.116966990291263,True,-1.1650485241321051
GBPUSD,2023-02-28 12:00:00+00:00,-1.210981341107869,-1.210981341107869,False,-1.210981341107869,True,-1.210981341107869,True,-1.1861180475410218
GBPUSD,2023-03-07 16:00:00+00:00,-1.1155212903225789,-1.1155212903225789,False,-1.1155212903225789,False,-1.1155212903225789,False,-1.1621676206751481
GBPUSD,2023-03-10 16:00:00+00:00,0.21509918699186584,0.21509918699186584,False,0.21509918699186584,True,0.21509918699186584,True,0.2680185982593981
GBPUSD,2023-03-13 16:00:00+00:00,-1.1432828402366857,-1.1432828402366857,False,-1.1432828402366857,True,-1.1432828402366857,True,-1.156460066776281
GBPUSD,2023-04-04 08:00:00+00:00,-1.199447058823525,-1.199447058823525,False,-1.199447058823525,False,-1.199447058823525,False,-1.199447058823525
GBPUSD,2023-04-10 16:00:00+00:00,-1.2549567753001714,-1.2549567753001714,False,-1.2549567753001714,True,-1.2549567753001714,True,-1.2026876606417065
GBPUSD,2023-04-12 16:00:00+00:00,-1.214688633093525,-1.214688633093525,False,-1.214688633093525,False,-1.214688633093525,False,-1.2476407487573038
GBPUSD,2023-04-17 16:00:00+00:00,-1.1809795620437977,-1.1809795620437977,False,-1.1809795620437977,True,-1.1809795620437977,True,-1.2157909699259353
GBPUSD,2023-04-28 16:00:00+00:00,-1.1197885167464114,-1.1197885167464114,False,-1.1197885167464114,False,-1.1197885167464114,False,-1.1197885167464114
GBPUSD,2023-05-11 08:00:00+00:00,1.7456203389830516,1.7456203389830516,False,1.260583728813547,True,1.260583728813547,True,1.7456203389830516
GBPUSD,2023-05-11 16:00:00+00:00,0.5667308243727825,0.5667308243727825,False,0.5667308243727825,True,0.5667308243727825,True,0.5667308243727825
GBPUSD,2023-05-12 16:00:00+00:00,-1.2575546391752508,-1.2575546391752508,False,-1.2575546391752508,True,-1.2575546391752508,True,-1.2446114594686142
GBPUSD,2023-05-17 08:00:00+00:00,-1.2410219354838716,-1.2410219354838716,False,-1.2410219354838716,True,-1.2410219354838716,True,-1.2410219354838716
GBPUSD,2023-05-30 12:00:00+00:00,-1.1852176836861772,-1.1852176836861772,False,-1.1852176836861772,False,-1.1852176836861772,False,-1.5327710624850388
GBPUSD,2023-06-01 12:00:00+00:00,-1.1995385026737986,-1.1995385026737986,False,-1.1995385026737986,False,-1.1995385026737986,False,-1.2111342843865724
GBPUSD,2023-06-08 16:00:00+00:00,1.8092105793450897,1.8092105793450897,False,1.8092105793450897,False,1.8092105793450897,False,1.8092105793450897
GBPUSD,2023-06-14 16:00:00+00:00,-1.31874842767296,-1.31874842767296,False,-1.31874842767296,False,-1.31874842767296,False,-1.31874842767296
GBPUSD,2023-06-15 16:00:00+00:00,-0.23016167364016482,-0.23016167364016482,False,-0.23016167364016482,False,-0.23016167364016482,False,-0.23016167364016482
GBPUSD,2023-06-28 12:00:00+00:00,-2.523689385474841,-2.523689385474841,False,-2.523689385474841,True,-2.523689385474841,True,-2.4872612239836758
GBPUSD,2023-07-12 16:00:00+00:00,-1.1794055427251753,-1.1794055427251753,False,-1.1794055427251753,False,-1.1794055427251753,False,-1.1794055427251753
GBPUSD,2023-07-19 08:00:00+00:00,0.32472323699420863,0.32472323699420863,True,0.9725105202312051,True,0.32472323699420863,True,0.32472323699420863
GBPUSD,2023-07-27 20:00:00+00:00,-1.1731583802024734,-1.1731583802024734,False,-1.1731583802024734,True,-1.1731583802024734,True,-1.2881371020354853
GBPUSD,2023-08-23 12:00:00+00:00,-0.4015951627906882,-0.4015951627906882,False,-0.4015951627906882,False,-0.4015951627906882,False,-1.2429504197709262
GBPUSD,2023-08-30 16:00:00+00:00,-1.2165897581792289,-1.2165897581792289,False,-1.2165897581792289,False,-1.2165897581792289,False,-1.2165897581792289
GBPUSD,2023-09-05 08:00:00+00:00,0.9449356600910356,0.9449356600910356,False,0.9449356600910356,False,0.9449356600910356,False,0.9449356600910356
GBPUSD,2023-09-06 16:00:00+00:00,-0.06317985611513095,-0.06317985611513095,False,-0.06317985611513095,False,-0.06317985611513095,False,-0.06317985611513095
GBPUSD,2023-09-14 16:00:00+00:00,1.7972394520547907,1.7972394520547907,False,1.7972394520547907,False,1.7972394520547907,False,1.7952961626196784
GBPUSD,2023-10-23 16:00:00+00:00,-1.1786234432234401,-1.1786234432234401,False,-1.1786234432234401,True,-1.1786234432234401,False,-1.4004756764345543
GBPUSD,2023-11-03 16:00:00+00:00,-1.1007348805460748,-1.1007348805460748,False,-1.1007348805460748,False,-1.1007348805460748,False,-1.1007348805460748
GBPUSD,2023-11-09 20:00:00+00:00,-1.2131252173913074,-1.2131252173913074,True,-1.2131252173913074,True,-1.2131252173913074,True,-1.2131252173913074
GBPUSD,2023-11-14 16:00:00+00:00,0.3596467733039119,0.3596467733039119,False,0.3596467733039119,False,0.3596467733039119,False,0.3596467733039119
GBPUSD,2023-11-28 16:00:00+00:00,-1.2025973297730308,-1.2025973297730308,False,-1.2025973297730308,False,-1.2025973297730308,False,-1.2025973297730308
GBPUSD,2023-12-13 20:00:00+00:00,0.0026771541501929225,0.0026771541501929225,False,0.0026771541501929225,False,0.0026771541501929225,False,1.7655548053034353
GBPUSD,2023-12-14 16:00:00+00:00,-1.1548432487309657,-1.1548432487309657,False,-1.1548432487309657,False,-1.1548432487309657,False,-1.2005032454329063
GBPUSD,2023-12-27 16:00:00+00:00,-1.2658270833333338,-1.2658270833333338,False,-1.2658270833333338,False,-1.2658270833333338,False,-1.2444439440199484
GBPUSD,2024-02-20 16:00:00+00:00,0.0673835357625018,0.0673835357625018,False,0.0673835357625018,False,0.0673835357625018,False,-1.3119058741817806
GBPUSD,2024-03-05 16:00:00+00:00,1.7349202072538843,1.7349202072538843,False,1.7349202072538843,False,1.7349202072538843,False,1.7311060661268975
GBPUSD,2024-03-08 16:00:00+00:00,-1.2759001788908773,-1.2759001788908773,False,-1.2759001788908773,False,-1.2759001788908773,False,-1.2759001788908773
GBPUSD,2024-03-20 20:00:00+00:00,-1.20641214574899,-1.20641214574899,False,-1.20641214574899,False,-1.20641214574899,False,-1.347811587354024
GBPUSD,2024-03-21 16:00:00+00:00,0.25428327137544554,0.25428327137544554,False,0.25428327137544554,True,0.25428327137544554,False,1.531833951826022
GBPUSD,2024-04-01 16:00:00+00:00,-1.2031641991924618,-1.2031641991924618,False,-1.2031641991924618,False,-1.2031641991924618,False,-1.2031641991924618
GBPUSD,2024-04-10 16:00:00+00:00,0.5136056592414194,0.5136056592414194,False,0.5136056592414194,False,0.5136056592414194,False,0.5136056592414194
GBPUSD,2024-04-12 12:00:00+00:00,0.32135546874998366,0.32135546874998366,False,0.32135546874998366,False,0.32135546874998366,False,0.21048453151041424
GBPUSD,2024-04-22 12:00:00+00:00,-1.2576066086956557,-1.2576066086956557,False,-1.2576066086956557,False,-1.2576066086956557,False,-1.2576066086956557
GBPUSD,2024-05-14 16:00:00+00:00,1.778282043795621,1.778282043795621,False,1.778282043795621,False,1.778282043795621,False,1.7643133784220806
GBPUSD,2024-05-17 16:00:00+00:00,0.5442972222222726,0.5442972222222726,False,0.5442972222222726,False,0.5442972222222726,False,0.5442972222222726
GBPUSD,2024-06-03 16:00:00+00:00,-1.2312918429003072,-1.2312918429003072,False,-1.2312918429003072,False,-1.2312918429003072,False,-1.237858789745885
GBPUSD,2024-06-07 16:00:00+00:00,-1.1725513513513512,-1.1725513513513512,False,-1.1725513513513512,True,-1.1725513513513512,True,-1.3145369735495154
GBPUSD,2024-06-12 16:00:00+00:00,-1.1843656662665079,-1.1843656662665079,False,-1.1843656662665079,False,-1.1843656662665079,False,-1.257156160686634
GBPUSD,2024-07-03 16:00:00+00:00,1.0103765472312778,1.0103765472312778,False,1.0103765472312778,False,1.0103765472312778,False,1.0103765472312778
GBPUSD,2024-07-29 08:00:00+00:00,1.6836874226804137,1.6836874226804137,False,1.5991006185566983,True,1.5991006185566983,True,-1.4467119530657768
GBPUSD,2024-08-01 08:00:00+00:00,1.137790119760455,1.137790119760455,False,1.137790119760455,True,1.137790119760455,True,-1.3716987581287812
GBPUSD,2024-08-21 16:00:00+00:00,1.6785714285714368,1.6785714285714368,False,1.6785714285714368,False,1.6785714285714368,False,1.6785714285714368
GBPUSD,2024-09-11 16:00:00+00:00,-1.2251431034482734,-1.2251431034482734,False,-1.2251431034482734,True,-1.2251431034482734,True,-1.2251431034482734
GBPUSD,2024-10-03 08:00:00+00:00,0.5618130612244855,0.5618130612244855,False,0.5618130612244855,True,0.5618130612244855,True,0.5618130612244855
GBPUSD,2024-10-16 08:00:00+00:00,0.2739636842105068,0.2739636842105068,False,0.2739636842105068,True,0.2739636842105068,True,-1.26859377298546
GBPUSD,2024-10-31 16:00:00+00:00,-1.1087800841514714,-1.1087800841514714,False,-1.1087800841514714,True,-1.1087800841514714,True,-1.1087800841514714
GBPUSD,2024-11-12 16:00:00+00:00,1.7691454545454524,1.7691454545454524,False,1.7691454545454524,False,1.7691454545454524,False,0.8114310044832526
GBPUSD,2024-11-15 16:00:00+00:00,-1.235175851393184,-1.235175851393184,False,-1.235175851393184,False,-1.235175851393184,False,-1.235175851393184
GBPUSD,2024-11-27 16:00:00+00:00,0.22656609195400335,0.22656609195400335,False,0.22656609195400335,True,0.22656609195400335,True,0.21607648937188093
GBPUSD,2025-02-26 16:00:00+00:00,-1.2830782122904976,-1.2830782122904976,False,-1.2830782122904976,False,-1.2830782122904976,False,-1.318753629628779
GBPUSD,2025-03-04 20:00:00+00:00,1.8154666666666663,1.8154666666666663,False,1.8154666666666663,False,1.8154666666666663,False,1.8154666666666663
GBPUSD,2025-03-21 16:00:00+00:00,-1.2501516129032264,-1.2501516129032264,False,-1.2501516129032264,True,-1.2501516129032264,True,-1.1951645706761012
GBPUSD,2025-04-03 00:00:00+00:00,-1.1668250267379685,-1.1668250267379685,False,-1.1668250267379685,False,-1.1668250267379685,False,-1.1668250267379685
GBPUSD,2025-04-03 08:00:00+00:00,-1.195222111801245,-1.195222111801245,False,-1.195222111801245,False,-1.195222111801245,False,-1.195222111801245
GBPUSD,2025-04-07 16:00:00+00:00,-1.1201790133124516,-1.1201790133124516,False,-1.1201790133124516,True,-1.1201790133124516,True,-1.1201790133124516
GBPUSD,2025-04-21 04:00:00+00:00,-1.2372968888888878,-1.2372968888888878,False,-1.2372968888888878,False,-1.2372968888888878,False,-1.2372968888888878
GBPUSD,2025-05-12 08:00:00+00:00,-1.1218782808902545,-1.1218782808902545,False,-1.1218782808902545,True,-1.1218782808902545,True,-1.1218782808902545
GBPUSD,2025-05-19 08:00:00+00:00,1.7885625163827006,1.7885625163827006,False,1.7885625163827006,False,1.7885625163827006,False,1.8134297507065558
GBPUSD,2025-06-02 08:00:00+00:00,0.00048363095238398095,0.00048363095238398095,False,0.00048363095238398095,False,0.00048363095238398095,False,0.00048363095238398095
GBPUSD,2025-06-04 16:00:00+00:00,-1.2845439579684712,-1.2845439579684712,False,-1.2845439579684712,False,-1.2845439579684712,False,-1.1906861033976552
GBPUSD,2025-06-10 08:00:00+00:00,-1.2205542857142866,-1.2205542857142866,False,-1.2205542857142866,True,-1.2205542857142866,True,-1.2452985473828253
GBPUSD,2025-06-17 20:00:00+00:00,-1.1782330760749742,-1.1782330760749742,False,-1.1782330760749742,True,-1.1782330760749742,True,-1.2463333887153045
GBPUSD,2025-06-18 20:00:00+00:00,-1.2429421686746995,-1.2429421686746995,False,-1.2429421686746995,True,-1.2429421686746995,True,-1.1965795970323119
GBPUSD,2025-07-08 12:00:00+00:00,1.7598968888888902,1.7598968888888902,False,1.8102974814814508,True,1.7598968888888902,False,1.7598968888888902
GBPUSD,2025-07-30 16:00:00+00:00,-0.9511104868913952,-0.9511104868913952,False,-0.9511104868913952,False,-0.9511104868913952,False,-0.9511104868913952
GBPUSD,2025-08-12 16:00:00+00:00,-0.5329714795008785,-0.5329714795008785,False,-0.5329714795008785,True,-0.5329714795008785,False,-0.5329714795008785
GBPUSD,2025-08-21 16:00:00+00:00,-1.273431186440677,-1.273431186440677,False,-1.273431186440677,True,-1.273431186440677,False,-1.273431186440677
GBPUSD,2025-09-02 08:00:00+00:00,-1.1239404907975465,-1.1239404907975465,False,-1.1239404907975465,False,-1.1239404907975465,False,-1.2850040974999704
GBPUSD,2025-09-05 16:00:00+00:00,-0.14942738095235736,-0.14942738095235736,False,-0.14942738095235736,True,-0.14942738095235736,False,-0.1901620028395183
GBPUSD,2025-09-18 16:00:00+00:00,1.785298804780871,2.0299496951185914,True,1.2843343957503666,True,1.2843343957503666,True,1.6823582524388214
GBPUSD,2025-09-19 08:00:00+00:00,1.7645157894736827,1.3344333333333376,True,1.7645157894736827,False,1.7645157894736827,False,-1.443110310652134
GBPUSD,2025-09-25 16:00:00+00:00,-1.2156110067114108,-1.2156110067114108,False,-1.2156110067114108,False,-1.2156110067114108,False,-1.2156110067114108
GBPUSD,2025-10-09 08:00:00+00:00,-1.2501794392523415,-1.2501794392523415,False,-1.2501794392523415,False,-1.2501794392523415,False,-1.2501794392523415
GBPUSD,2025-10-09 16:00:00+00:00,-1.185660023174968,-1.185660023174968,False,-1.185660023174968,False,-1.185660023174968,False,-1.185660023174968
GBPUSD,2025-10-14 08:00:00+00:00,-1.1678807570977936,-1.1678807570977936,False,-1.1678807570977936,False,-1.1678807570977936,False,-1.1678807570977936
GBPUSD,2025-10-22 08:00:00+00:00,1.202925731895181,1.202925731895181,False,1.202925731895181,False,1.202925731895181,False,-1.312892474859227
GBPUSD,2025-11-04 12:00:00+00:00,-1.2497287758346531,-1.2497287758346531,False,-1.2497287758346531,False,-1.2497287758346531,False,-1.205665157835896
GBPUSD,2025-11-13 16:00:00+00:00,-1.3087281249999991,-1.3087281249999991,False,-1.3087281249999991,True,-1.3087281249999991,True,-1.2901293610851767
GBPUSD,2025-11-19 16:00:00+00:00,-1.313881437125751,-1.313881437125751,False,-1.313881437125751,True,-1.313881437125751,False,-1.2333909336816198
GBPUSD,2025-11-25 16:00:00+00:00,0.12184653902798846,0.12184653902798846,False,0.12184653902798846,False,0.12184653902798846,False,0.12184653902798846
GBPUSD,2025-12-03 12:00:00+00:00,-0.033457580919957874,-0.033457580919957874,False,-0.033457580919957874,False,-0.033457580919957874,False,-0.03752891217549676
GBPUSD,2025-12-10 20:00:00+00:00,-1.327358282208585,-1.327358282208585,False,-1.327358282208585,False,-1.327358282208585,False,1.613953272411016
GBPUSD,2025-12-11 16:00:00+00:00,-1.2883118279569934,-1.2883118279569934,False,-1.2883118279569934,False,-1.2883118279569934,False,-1.2883118279569934
GBPUSD,2025-12-17 08:00:00+00:00,-1.1845728423475286,-1.1845728423475286,False,-1.1845728423475286,True,-1.1845728423475286,True,-1.2944911753034023
GBPUSD,2026-01-20 08:00:00+00:00,-1.3293902040816241,-1.3293902040816241,False,-1.3293902040816241,False,-1.3293902040816241,False,-1.3293902040816241
GBPUSD,2026-01-23 20:00:00+00:00,1.7372287999999945,1.7372287999999945,False,1.7372287999999945,False,1.7372287999999945,False,1.7372287999999945
GBPUSD,2026-02-02 16:00:00+00:00,-1.2089276433121041,-1.2089276433121041,True,-1.2089276433121041,True,-1.2089276433121041,True,-1.257705972102929
GBPUSD,2026-02-05 16:00:00+00:00,-1.1947832535885186,-1.1947832535885186,False,-1.1947832535885186,False,-1.1947832535885186,False,-1.1947832535885186
GBPUSD,2026-02-17 08:00:00+00:00,1.6906129770992315,1.6906129770992315,False,1.7249847328244783,True,1.7249847328244783,True,1.723072872267186
GBPUSD,2026-02-17 16:00:00+00:00,-1.2378398243045348,-1.2378398243045348,False,-1.2378398243045348,True,-1.2378398243045348,True,-1.2378398243045348
GBPUSD,2026-03-02 08:00:00+00:00,0.014354330708662363,0.014354330708662363,False,0.014354330708662363,False,0.014354330708662363,False,0.014354330708662363
GBPUSD,2026-03-13 08:00:00+00:00,-1.239873873873878,-1.239873873873878,False,-1.239873873873878,False,-1.239873873873878,False,-1.239873873873878
GBPUSD,2026-04-08 00:00:00+00:00,1.3134573333333281,1.3134573333333281,False,1.3134573333333281,True,1.3134573333333281,True,1.7255222242504473
GBPUSD,2026-04-30 16:00:00+00:00,-1.3050278195488656,-1.3050278195488656,False,-1.3050278195488656,False,-1.3050278195488656,False,-1.3468861061785788
GBPUSD,2026-08-26 16:00:00+00:00,1.6146578199052237,1.6146578199052237,False,2.0699071090046663,True,2.0699071090046663,True,1.689006025949556
GBPUSD,2026-09-16 20:00:00+00:00,1.7799322314049602,1.7799322314049602,False,1.7799322314049602,False,1.7799322314049602,False,1.7799322314049602
USDJPY,2017-02-14 16:00:00+00:00,-1.1251164835164835,-1.1251164835164835,False,-1.1251164835164835,True,-1.1251164835164835,False,-1.1294845958610822
USDJPY,2017-02-23 16:00:00+00:00,-1.1916732673267305,-1.1916732673267305,False,-1.1916732673267305,False,-1.1916732673267305,False,-1.1459890916786564
USDJPY,2017-03-01 00:00:00+00:00,0.7435855758880747,0.7435855758880747,False,0.7435855758880747,True,0.7435855758880747,False,0.7435855758880747
USDJPY,2017-03-15 20:00:00+00:00,1.3173177257525164,1.3173177257525164,False,1.3173177257525164,False,1.3173177257525164,False,1.8022765515858012
USDJPY,2017-03-21 16:00:00+00:00,1.829035384615385,1.829035384615385,False,1.829035384615385,False,1.829035384615385,False,1.829035384615385
USDJPY,2017-04-11 16:00:00+00:00,1.4149388954171505,1.4149388954171505,False,1.4149388954171505,False,1.4149388954171505,False,1.2298244099675795
USDJPY,2017-05-17 16:00:00+00:00,-0.8014617283950677,-0.8014617283950677,False,-0.8014617283950677,False,-0.8014617283950677,False,-0.7653385957324755
USDJPY,2017-06-06 04:00:00+00:00,-1.2263438356164371,-1.2263438356164371,False,-1.2263438356164371,False,-1.2263438356164371,False,-1.1862396490212868
USDJPY,2017-06-14 16:00:00+00:00,-1.1127465753424666,-1.1127465753424666,False,-1.1127465753424666,False,-1.1127465753424666,False,-1.1679150504916627
USDJPY,2017-06-26 20:00:00+00:00,-1.342722762148333,-1.342722762148333,False,-1.342722762148333,False,-1.342722762148333,False,-1.4046489601698895
USDJPY,2017-06-27 16:00:00+00:00,-1.227282432432433,-1.227282432432433,False,-1.227282432432433,False,-1.227282432432433,False,-1.227282432432433
USDJPY,2017-08-10 16:00:00+00:00,-1.2798502127659581,-1.2798502127659581,False,-1.2798502127659581,False,-1.2798502127659581,False,-1.2798502127659581
USDJPY,2017-09-05 04:00:00+00:00,1.7537871698113214,1.7537871698113214,False,1.7537871698113214,False,1.7537871698113214,False,1.826757427023007
USDJPY,2017-09-07 16:00:00+00:00,-1.1859340941512142,-1.1859340941512142,False,-1.1859340941512142,False,-1.1859340941512142,False,-1.1859340941512142
USDJPY,2017-09-20 20:00:00+00:00,0.28707970297028795,0.28707970297028795,False,0.28707970297028795,False,0.28707970297028795,False,0.28707970297028795
USDJPY,2017-11-09 20:00:00+00:00,-1.2658515624999997,-1.2658515624999997,False,-1.2658515624999997,True,-1.2658515624999997,False,-1.2649232938822956
USDJPY,2017-11-22 16:00:00+00:00,-0.7722154398563821,-0.7722154398563821,False,-0.7722154398563821,False,-0.7722154398563821,False,-0.7722154398563821
USDJPY,2017-11-22 20:00:00+00:00,-1.2616199608610514,-1.2616199608610514,False,-1.2616199608610514,False,-1.2616199608610514,False,-1.2616199608610514
USDJPY,2017-11-30 20:00:00+00:00,-1.1991538461538456,-1.1991538461538456,True,-1.1991538461538456,True,-1.1991538461538456,True,-1.1867299968394835
USDJPY,2017-12-13 20:00:00+00:00,-1.1736861538461536,-1.1736861538461536,False,-1.1736861538461536,False,-1.1736861538461536,False,-1.1736861538461536
USDJPY,2017-12-14 20:00:00+00:00,-1.3011089285714235,-1.3011089285714235,False,-1.3011089285714235,False,-1.3011089285714235,False,-1.3514018803740957
USDJPY,2017-12-19 16:00:00+00:00,0.20876199095021022,0.839604977375531,True,0.9503981900452273,True,0.9503981900452273,True,1.5751626221142425
USDJPY,2017-12-28 08:00:00+00:00,-1.2601792792792545,0.8920121621621702,True,-1.2601792792792545,False,-1.2601792792792545,False,-1.6684101782759817
USDJPY,2018-01-02 12:00:00+00:00,-1.3331392592592584,-1.3331392592592584,False,-1.3331392592592584,False,-1.3331392592592584,False,-1.4173869286979779
USDJPY,2018-01-05 08:00:00+00:00,-1.4263622641509464,-1.4263622641509464,False,-1.4263622641509464,True,-1.4263622641509464,True,-1.2556208578091592
USDJPY,2018-01-10 04:00:00+00:00,1.731716,1.731716,False,1.731716,False,1.731716,False,1.7637568350215733
USDJPY,2018-01-10 12:00:00+00:00,1.7611999999999948,1.7611999999999948,False,1.7611999999999948,False,1.7611999999999948,False,1.7611999999999948
USDJPY,2018-02-13 08:00:00+00:00,1.8485350649350638,1.8485350649350638,False,1.8485350649350638,False,1.8485350649350638,False,1.864760445243569
USDJPY,2018-02-14 04:00:00+00:00,-1.1246259187620884,-1.1246259187620884,False,-1.1246259187620884,False,-1.1246259187620884,False,-1.1246259187620884
USDJPY,2018-02-27 16:00:00+00:00,-1.2072512077294655,-1.2072512077294655,False,-1.2072512077294655,True,-1.2072512077294655,True,-1.206606750973619
USDJPY,2018-03-01 20:00:00+00:00,-0.13591664670659054,-0.13591664670659054,False,-0.13591664670659054,False,-0.13591664670659054,False,-0.13591664670659054
USDJPY,2018-03-28 12:00:00+00:00,0.06283695652175114,0.06283695652175114,False,0.06283695652175114,True,0.06283695652175114,True,0.06283695652175114
USDJPY,2018-03-28 20:00:00+00:00,-1.18985103857567,-1.18985103857567,False,-1.18985103857567,True,-1.18985103857567,False,-1.1691787123173016
USDJPY,2018-04-05 16:00:00+00:00,-1.26698755186722,-1.26698755186722,False,-1.26698755186722,True,-1.26698755186722,False,-1.26698755186722
USDJPY,2018-04-23 16:00:00+00:00,1.0583852295409408,1.0583852295409408,False,1.0583852295409408,False,1.0583852295409408,False,1.0583852295409408
USDJPY,2018-05-09 04:00:00+00:00,1.193713026819902,1.193713026819902,False,1.193713026819902,False,1.193713026819902,False,1.2437547878706312
USDJPY,2018-05-23 08:00:00+00:00,1.7549402985074636,1.0250249999999925,True,2.132032089552235,True,2.132032089552235,True,1.7549402985074636
USDJPY,2018-06-12 00:00:00+00:00,-1.3081888111888096,-1.3081888111888096,False,-1.3081888111888096,False,-1.3081888111888096,False,-1.3081888111888096
USDJPY,2018-06-25 04:00:00+00:00,-1.3098329411764726,-1.3098329411764726,False,-1.3098329411764726,False,-1.3098329411764726,False,-1.2518688370059137
USDJPY,2018-07-09 16:00:00+00:00,1.637508695652183,1.637508695652183,False,1.637508695652183,False,1.637508695652183,False,1.637508695652183
USDJPY,2018-07-11 20:00:00+00:00,1.2693032967033202,1.2693032967033202,False,1.2693032967033202,False,1.2693032967033202,False,1.2693032967033202
USDJPY,2018-07-20 16:00:00+00:00,1.7591509025270768,1.372637545126333,True,0.9982254814820619,True,0.9982254814820619,True,0.8382866628402669
USDJPY,2018-07-31 08:00:00+00:00,-0.267847376311846,-0.267847376311846,False,-0.267847376311846,False,-0.267847376311846,False,1.6046432809998497
USDJPY,2018-08-08 08:00:00+00:00,-1.3175914285714272,-1.3175914285714272,False,-1.3175914285714272,True,-1.3175914285714272,True,1.6176136768822496
USDJPY,2018-08-29 16:00:00+00:00,-1.2398172043010784,-1.2398172043010784,False,-1.2398172043010784,False,-1.2398172043010784,False,-1.2330520886938072
USDJPY,2018-09-06 16:00:00+00:00,-1.2836851063829795,-1.2836851063829795,False,-1.2836851063829795,False,-1.2836851063829795,False,-1.50970968540582
USDJPY,2018-09-07 00:00:00+00:00,-1.3193182692307717,-1.3193182692307717,False,-1.3193182692307717,False,-1.3193182692307717,False,-1.2036751482973982
USDJPY,2018-09-13 16:00:00+00:00,0.912874776386378,0.912874776386378,False,0.912874776386378,False,0.912874776386378,False,1.337355837783299
USDJPY,2018-09-20 16:00:00+00:00,1.2709609756097577,1.2709609756097577,False,1.2709609756097577,False,1.2709609756097577,False,1.2709609756097577
USDJPY,2018-09-27 16:00:00+00:00,1.7527500904159183,1.7527500904159183,False,1.7527500904159183,False,1.7527500904159183,False,1.7527500904159183
USDJPY,2018-10-03 16:00:00+00:00,-1.3543886010362733,-1.3543886010362733,False,-1.3543886010362733,False,-1.3543886010362733,False,-1.3543886010362733
USDJPY,2018-10-08 12:00:00+00:00,1.6403374005305131,0.6742408488063506,True,3.2240093781157775,True,3.2240093781157775,True,1.4812071751325666
USDJPY,2018-10-10 16:00:00+00:00,0.666764516129033,0.666764516129033,False,0.9907694185478052,True,0.9907694185478052,True,1.7268508499045752
USDJPY,2018-11-16 16:00:00+00:00,-0.12897773584906938,-0.12897773584906938,False,-0.12897773584906938,True,-0.12897773584906938,True,-0.12897773584906938
USDJPY,2018-11-26 16:00:00+00:00,-1.3401730000000072,-1.3401730000000072,False,-1.3401730000000072,False,-1.3401730000000072,False,-1.3401730000000072
USDJPY,2018-11-28 16:00:00+00:00,-1.5296883720930323,-1.5296883720930323,False,-1.5296883720930323,False,-1.5296883720930323,False,-1.5296883720930323
USDJPY,2018-12-04 12:00:00+00:00,-1.3713704109588947,-1.3713704109588947,False,-1.3713704109588947,True,-1.3713704109588947,True,-1.4689456673586978
USDJPY,2018-12-20 08:00:00+00:00,1.7327432,1.7327432,False,1.7327432,False,1.7327432,False,1.7669684577652698
USDJPY,2019-01-30 20:00:00+00:00,-1.1834078321678314,-1.1834078321678314,False,-1.1834078321678314,False,-1.1834078321678314,False,-1.2589252355775877
USDJPY,2019-02-28 16:00:00+00:00,0.1808953571428554,0.1808953571428554,False,0.1808953571428554,True,0.1808953571428554,False,0.1808953571428554
USDJPY,2019-03-08 08:00:00+00:00,-1.3154482269503531,-1.3154482269503531,True,-1.3154482269503531,True,-1.3154482269503531,False,-1.3154482269503531
USDJPY,2019-03-14 04:00:00+00:00,-1.3506661417322832,-1.3506661417322832,True,-1.3506661417322832,False,-1.3506661417322832,False,-1.2852755271878933
USDJPY,2019-03-20 20:00:00+00:00,-0.08153599137930824,-0.08153599137930824,False,-0.08153599137930824,False,-0.08153599137930824,False,-0.08153599137930824
USDJPY,2019-03-22 16:00:00+00:00,-1.2333194346289802,-1.2333194346289802,False,-1.2333194346289802,False,-1.2333194346289802,False,-1.2333194346289802
USDJPY,2019-05-23 16:00:00+00:00,-0.4172293785310752,-0.4172293785310752,False,-0.4172293785310752,False,-0.4172293785310752,False,-0.4244158553713376
USDJPY,2019-05-29 20:00:00+00:00,-1.2924913140311725,-1.2924913140311725,False,-1.2924913140311725,True,-1.2924913140311725,True,-1.5915899523098922
USDJPY,2019-05-31 08:00:00+00:00,1.699739491916854,1.699739491916854,False,1.699739491916854,False,1.699739491916854,False,1.699739491916854
USDJPY,2019-06-03 20:00:00+00:00,-1.3084156769596254,-1.3084156769596254,False,-1.3084156769596254,False,-1.3084156769596254,False,-1.3084156769596254
USDJPY,2019-06-06 20:00:00+00:00,-1.3022102325581348,-1.3022102325581348,True,-1.3022102325581348,True,-1.3022102325581348,True,-1.4624978122695023
USDJPY,2019-06-20 04:00:00+00:00,-1.2074487329434753,-1.2074487329434753,False,-1.2074487329434753,False,-1.2074487329434753,False,-1.2074487329434753
USDJPY,2019-06-25 04:00:00+00:00,-1.278387012987011,-1.278387012987011,False,-1.278387012987011,False,-1.278387012987011,False,-1.278387012987011
USDJPY,2019-07-05 16:00:00+00:00,-1.251844186046509,-1.251844186046509,False,-1.251844186046509,True,-1.251844186046509,True,-1.251844186046509
USDJPY,2019-07-11 04:00:00+00:00,-1.3126693975903672,-1.3126693975903672,False,-1.3126693975903672,False,-1.3126693975903672,False,-1.3126693975903672
USDJPY,2019-07-18 20:00:00+00:00,-1.2214144082332767,-1.2214144082332767,False,-1.2214144082332767,False,-1.2214144082332767,False,-1.3215407096018381
USDJPY,2019-07-25 16:00:00+00:00,-0.8309848249027018,-0.8309848249027018,False,-0.8309848249027018,False,-0.8309848249027018,False,-0.8423785323042761
USDJPY,2019-08-01 04:00:00+00:00,-1.3078338823529432,-1.3078338823529432,False,-1.3078338823529432,False,-1.3078338823529432,False,-1.3078338823529432
USDJPY,2019-08-01 16:00:00+00:00,1.7984730109204339,1.7984730109204339,False,1.7984730109204339,False,1.7984730109204339,False,1.6015602319903388
USDJPY,2019-08-01 20:00:00+00:00,1.1295672227674094,1.1295672227674094,False,1.1295672227674094,False,1.1295672227674094,False,1.1295672227674094
USDJPY,2019-08-05 04:00:00+00:00,-1.1977702325581407,-1.1977702325581407,False,-1.1977702325581407,False,-1.1977702325581407,False,-1.1977702325581407
USDJPY,2019-08-06 00:00:00+00:00,-1.212875376884424,-1.212875376884424,False,-1.212875376884424,False,-1.212875376884424,False,-1.212875376884424
USDJPY,2019-08-13 16:00:00+00:00,-0.2610435561681643,-0.2610435561681643,True,-0.2610435561681643,True,-0.2610435561681643,False,-1.2021714372559742
USDJPY,2019-08-23 16:00:00+00:00,-0.7828473208072418,-0.7828473208072418,False,-0.7828473208072418,False,-0.7828473208072418,False,-0.7828473208072418
USDJPY,2019-09-20 20:00:00+00:00,-1.3042564705882373,-1.3042564705882373,False,1.0336160000000019,True,-1.3042564705882373,False,-1.3042564705882373
USDJPY,2019-10-10 16:00:00+00:00,0.8600405904059082,0.8600405904059082,False,0.8600405904059082,False,0.8600405904059082,False,0.8600405904059082
USDJPY,2019-10-11 12:00:00+00:00,-0.005548020654052725,-0.005548020654052725,False,-0.005548020654052725,False,-0.005548020654052725,False,-0.0041403458429003425
USDJPY,2019-10-15 16:00:00+00:00,-1.243520373831777,-1.243520373831777,False,-1.243520373831777,False,-1.243520373831777,False,-1.243520373831777
USDJPY,2019-10-28 16:00:00+00:00,-1.4147142857142885,-1.4147142857142885,False,-1.4147142857142885,False,-1.4147142857142885,False,-1.6155137465692184
USDJPY,2019-10-31 12:00:00+00:00,-1.2884456762749488,-1.2884456762749488,False,-1.2884456762749488,True,-1.2884456762749488,True,-1.4930832234063047
USDJPY,2019-11-05 16:00:00+00:00,-1.3768847262247748,-1.3768847262247748,False,-1.3768847262247748,False,-1.3768847262247748,False,-1.3768847262247748
USDJPY,2019-11-27 16:00:00+00:00,-1.4749999999999819,-1.4749999999999819,False,-1.4749999999999819,False,-1.4749999999999819,False,-1.4749999999999819
USDJPY,2019-12-03 16:00:00+00:00,-1.405108074534176,-1.405108074534176,False,-1.405108074534176,False,-1.405108074534176,False,-1.3851416434107666
USDJPY,2019-12-12 16:00:00+00:00,-0.16982198100406817,-0.16982198100406817,False,-0.16982198100406817,False,-0.16982198100406817,False,-0.16982198100406817
USDJPY,2019-12-26 08:00:00+00:00,-9.34738375634504,-9.34738375634504,False,-9.34738375634504,False,-9.34738375634504,False,-9.34738375634504
USDJPY,2020-01-23 16:00:00+00:00,-1.469337142857141,-1.469337142857141,False,-1.469337142857141,True,-1.469337142857141,False,-1.469337142857141
USDJPY,2020-01-31 16:00:00+00:00,-1.2292094903339181,-1.2292094903339181,False,-1.2292094903339181,False,-1.2292094903339181,False,-1.2389389951706855
USDJPY,2020-02-19 12:00:00+00:00,1.652751958224552,1.652751958224552,False,1.652751958224552,False,1.652751958224552,False,1.652751958224552
USDJPY,2020-02-19 16:00:00+00:00,1.7517981447124245,1.7517981447124245,False,1.7517981447124245,False,1.7517981447124245,False,1.7517981447124245
USDJPY,2020-02-19 20:00:00+00:00,-1.202887537993925,-1.202887537993925,False,-1.202887537993925,False,-1.202887537993925,False,-1.202887537993925
USDJPY,2020-02-28 16:00:00+00:00,1.8637121019108291,1.8637121019108291,False,1.8637121019108291,False,1.8637121019108291,False,1.8637121019108291
USDJPY,2020-04-09 16:00:00+00:00,1.7585626865671646,1.670823507462693,True,1.7585626865671646,False,1.7585626865671646,False,1.7309253182403044
USDJPY,2020-04-28 12:00:00+00:00,-1.2968555555555539,-1.2968555555555539,False,-1.2968555555555539,False,-1.2968555555555539,False,-1.2968555555555539
USDJPY,2020-05-11 00:00:00+00:00,0.37769458823530017,0.37769458823530017,False,0.37769458823530017,True,0.37769458823530017,True,1.6917807565065826
USDJPY,2020-05-11 16:00:00+00:00,-1.2791428571428636,-1.2791428571428636,False,-1.2791428571428636,False,-1.2791428571428636,False,-1.2791428571428636
USDJPY,2020-05-19 12:00:00+00:00,-1.3258969696969691,-1.3258969696969691,False,-1.3258969696969691,False,-1.3258969696969691,False,-0.7731318243069467
USDJPY,2020-06-02 16:00:00+00:00,-1.1863641319942604,-1.1863641319942604,False,-1.1863641319942604,False,-1.1863641319942604,False,-1.1863641319942604
USDJPY,2020-06-05 16:00:00+00:00,-1.2530046242774608,-1.2530046242774608,False,-1.2530046242774608,False,-1.2530046242774608,False,-1.2530046242774608
USDJPY,2020-06-08 16:00:00+00:00,1.0595555321390706,1.0595555321390706,False,1.0595555321390706,False,1.0595555321390706,False,1.0595555321390706
USDJPY,2020-07-21 16:00:00+00:00,-1.3008051522248196,-1.3008051522248196,False,-1.3008051522248196,False,-1.3008051522248196,False,-1.3008051522248196
USDJPY,2020-07-24 04:00:00+00:00,1.726066379310344,1.726066379310344,False,1.726066379310344,False,1.726066379310344,False,1.726066379310344
USDJPY,2020-07-24 16:00:00+00:00,1.7493119047619001,1.7493119047619001,False,1.7493119047619001,False,1.7493119047619001,False,1.7493119047619001
USDJPY,2020-07-27 04:00:00+00:00,1.7421496932515361,1.7421496932515361,False,1.7421496932515361,False,1.7421496932515361,False,1.7421496932515361
USDJPY,2020-07-31 16:00:00+00:00,0.03375642701525222,0.03375642701525222,True,0.03375642701525222,True,0.03375642701525222,False,0.040257287092154245
USDJPY,2020-08-11 16:00:00+00:00,-1.201732911392408,-1.201732911392408,False,-1.201732911392408,False,-1.201732911392408,False,-1.2539780036691428
USDJPY,2020-08-17 16:00:00+00:00,1.6584431266846447,1.0677924528301515,True,1.6584431266846447,False,1.6584431266846447,False,1.6584431266846447
USDJPY,2020-08-18 04:00:00+00:00,-1.3498297520661162,-1.3498297520661162,False,-1.3498297520661162,False,-1.3498297520661162,False,-1.2722897071420058
USDJPY,2020-08-28 12:00:00+00:00,-1.1647911688311665,-1.1647911688311665,False,-1.1647911688311665,False,-1.1647911688311665,False,-1.1648796530056371
USDJPY,2020-09-08 16:00:00+00:00,-1.4332081632653106,-1.4332081632653106,True,-1.4332081632653106,True,-1.4332081632653106,False,-1.4332081632653106
USDJPY,2020-09-22 16:00:00+00:00,0.8807616724738794,0.8807616724738794,True,0.8807616724738794,True,0.8807616724738794,True,1.1972138229820586
USDJPY,2020-10-14 16:00:00+00:00,-1.5029984063744923,-1.5029984063744923,False,-1.5029984063744923,False,-1.5029984063744923,False,-1.5029984063744923
USDJPY,2020-10-21 08:00:00+00:00,1.5879947540983699,1.5879947540983699,False,1.5879947540983699,False,1.5879947540983699,False,1.6239208447327942
USDJPY,2020-11-05 16:00:00+00:00,-1.224311510791368,-1.224311510791368,False,-1.224311510791368,False,-1.224311510791368,False,-1.1470000030623662
USDJPY,2020-11-09 16:00:00+00:00,-0.7373769415532467,-0.7373769415532467,False,-0.7373769415532467,False,-0.7373769415532467,False,-1.2051238813090837
USDJPY,2020-11-23 16:00:00+00:00,-0.4051563451776627,-0.4051563451776627,False,-0.4051563451776627,True,-0.4051563451776627,True,-0.4051563451776627
USDJPY,2020-11-27 04:00:00+00:00,-1.3808792682926794,-1.3808792682926794,False,-1.3808792682926794,False,-1.3808792682926794,False,-1.3808792682926794
USDJPY,2020-12-03 16:00:00+00:00,-1.227787591240875,-1.227787591240875,False,-1.227787591240875,False,-1.227787591240875,False,-1.5130972573252532
USDJPY,2021-01-04 04:00:00+00:00,-1.3940280254777158,-1.3940280254777158,False,-1.3940280254777158,False,-1.3940280254777158,False,-1.2198000759655747
USDJPY,2021-01-06 16:00:00+00:00,0.6780078303425883,0.6780078303425883,False,1.2714525285481189,True,0.6780078303425883,False,1.7337521749128286
USDJPY,2021-01-27 16:00:00+00:00,1.5695298969072118,1.5695298969072118,False,1.5695298969072118,False,1.5695298969072118,False,1.6064717893113585
USDJPY,2021-02-09 04:00:00+00:00,-1.420308000000004,-1.420308000000004,True,-1.420308000000004,True,-1.420308000000004,False,-1.420308000000004
USDJPY,2021-02-22 16:00:00+00:00,-1.2302633879781393,-1.2302633879781393,False,-1.2302633879781393,True,-1.2302633879781393,False,-1.3116876668953898
USDJPY,2021-03-26 12:00:00+00:00,1.693217633410671,1.693217633410671,False,1.693217633410671,False,1.693217633410671,False,1.693217633410671
USDJPY,2021-03-31 04:00:00+00:00,-1.2339841269841296,-1.2339841269841296,False,-1.2339841269841296,False,-1.2339841269841296,False,-1.2339841269841296
USDJPY,2021-04-05 16:00:00+00:00,-1.2954651785714237,-1.2954651785714237,True,-1.2954651785714237,True,-1.2954651785714237,False,-1.2954651785714237
USDJPY,2021-04-06 16:00:00+00:00,1.0089913725490112,1.0089913725490112,True,1.0089913725490112,True,1.0089913725490112,False,1.0089913725490112
USDJPY,2021-04-19 08:00:00+00:00,0.8087196544276671,0.8087196544276671,False,0.8087196544276671,True,0.8087196544276671,False,0.8087196544276671
USDJPY,2021-04-27 16:00:00+00:00,1.6211721739130422,1.6211721739130422,False,0.6652243478260876,True,0.6652243478260876,True,1.7150396942133934
USDJPY,2021-04-30 16:00:00+00:00,-1.2827710583153298,-1.2827710583153298,False,-1.2827710583153298,False,-1.2827710583153298,False,-1.317243665072346
USDJPY,2021-05-07 16:00:00+00:00,-1.169942002600779,-1.169942002600779,False,-1.169942002600779,False,-1.169942002600779,False,-1.169942002600779
USDJPY,2021-05-12 16:00:00+00:00,-1.1610619926199257,-1.1610619926199257,False,-1.1610619926199257,False,-1.1610619926199257,False,-1.6114358402766502
USDJPY,2021-05-27 16:00:00+00:00,0.5615616666666858,0.5615616666666858,False,0.5615616666666858,False,0.5615616666666858,False,0.5615616666666858
USDJPY,2021-06-03 16:00:00+00:00,-1.2524485659655782,-1.2524485659655782,False,-1.2524485659655782,False,-1.2524485659655782,False,-1.2524485659655782
USDJPY,2021-06-16 20:00:00+00:00,-1.171366839378237,-1.171366839378237,False,-1.171366839378237,False,-1.171366839378237,False,-1.171366839378237
USDJPY,2021-06-30 16:00:00+00:00,-1.2503401129943543,-1.2503401129943543,False,-1.2503401129943543,False,-1.2503401129943543,False,-1.3320973850805415
USDJPY,2021-07-08 08:00:00+00:00,-1.1699388174807186,-1.1699388174807186,False,-1.1699388174807186,True,-1.1699388174807186,False,-1.1699388174807186
USDJPY,2021-07-27 16:00:00+00:00,-1.2707650924024592,-1.2707650924024592,False,-1.2707650924024592,False,-1.2707650924024592,False,-1.7104365841833278
USDJPY,2021-08-05 16:00:00+00:00,1.6091195266272285,1.878188757396393,True,1.1774260355029338,True,1.1774260355029338,True,1.6091195266272285
USDJPY,2021-08-06 16:00:00+00:00,-1.291418543046365,-1.291418543046365,False,-1.291418543046365,False,-1.291418543046365,False,-1.291418543046365
USDJPY,2021-08-13 16:00:00+00:00,-0.29593824130880153,-0.29593824130880153,False,-0.29593824130880153,False,-0.29593824130880153,False,-0.29593824130880153
USDJPY,2021-08-19 04:00:00+00:00,-1.3976012048192847,-1.3976012048192847,False,-1.3976012048192847,False,-1.3976012048192847,False,-1.3976012048192847
USDJPY,2021-09-29 16:00:00+00:00,-1.3050829157175448,-1.3050829157175448,False,-1.3050829157175448,False,-1.3050829157175448,False,-1.3050829157175448
USDJPY,2021-10-08 16:00:00+00:00,1.7901395348837197,1.7901395348837197,False,1.7901395348837197,False,1.7901395348837197,False,1.7901395348837197
USDJPY,2021-10-11 04:00:00+00:00,1.7382358381502918,1.7382358381502918,False,1.7382358381502918,False,1.7382358381502918,False,1.7382358381502918
USDJPY,2021-10-11 16:00:00+00:00,1.7153825000000025,1.7153825000000025,False,1.7153825000000025,False,1.7153825000000025,False,1.7153825000000025
USDJPY,2021-10-21 16:00:00+00:00,-1.2947655172413801,-1.2947655172413801,True,-1.2947655172413801,True,-1.2947655172413801,True,-1.2947655172413801
USDJPY,2021-11-09 04:00:00+00:00,-1.3245569377990383,-1.3245569377990383,False,-1.3245569377990383,True,-1.3245569377990383,True,-1.2266556203448085
USDJPY,2021-11-16 16:00:00+00:00,-1.3945034482758631,-1.3945034482758631,False,-1.3945034482758631,False,-1.3945034482758631,False,-1.3272156942854365
USDJPY,2021-11-19 12:00:00+00:00,-1.1957559999999992,-1.1957559999999992,False,-1.1957559999999992,True,-1.1957559999999992,True,-1.1957559999999992
USDJPY,2021-11-26 08:00:00+00:00,1.780595169082129,1.780595169082129,False,1.780595169082129,False,1.780595169082129,False,1.6924281843317577
USDJPY,2021-11-26 16:00:00+00:00,-0.17329399224806877,-0.17329399224806877,False,-0.17329399224806877,False,-0.17329399224806877,False,-0.17329399224806877
USDJPY,2022-01-04 04:00:00+00:00,-1.331578947368416,-1.331578947368416,False,-1.331578947368416,False,-1.331578947368416,False,-1.331578947368416
USDJPY,2022-01-04 12:00:00+00:00,-1.3205437788018346,-1.3205437788018346,False,-1.3205437788018346,False,-1.3205437788018346,False,-1.3205437788018346
USDJPY,2022-01-10 12:00:00+00:00,1.7261017892644137,1.7261017892644137,False,1.4515833001987968,True,1.4515833001987968,True,1.7189485791282453
USDJPY,2022-01-12 16:00:00+00:00,1.7848458398744116,1.7848458398744116,False,1.1408175824175883,True,1.7848458398744116,False,1.5906583995813883
USDJPY,2022-01-12 20:00:00+00:00,-1.2697388235294091,-1.2697388235294091,False,1.1395490196078386,True,-1.2697388235294091,False,-1.2697388235294091
USDJPY,2022-01-14 04:00:00+00:00,-1.3025221238938065,-1.3025221238938065,False,-1.3025221238938065,True,-1.3025221238938065,False,-1.3025221238938065
USDJPY,2022-01-18 04:00:00+00:00,-1.260709090909088,-1.260709090909088,True,-1.260709090909088,False,-1.260709090909088,False,-1.260709090909088
USDJPY,2022-01-27 12:00:00+00:00,-1.2910455696202507,-1.2910455696202507,False,-1.2910455696202507,False,-1.2910455696202507,False,-1.4779825154223958
USDJPY,2022-02-04 16:00:00+00:00,1.7210361445783158,1.7210361445783158,False,1.7210361445783158,False,1.7210361445783158,False,1.7210361445783158
USDJPY,2022-02-24 16:00:00+00:00,-0.10416124497990932,-0.10416124497990932,False,-0.10416124497990932,False,-0.10416124497990932,False,-1.2050250515813232
USDJPY,2022-03-22 08:00:00+00:00,1.7397311827956956,1.7397311827956956,False,1.7397311827956956,False,1.7397311827956956,False,1.7397311827956956
USDJPY,2022-03-23 00:00:00+00:00,-1.2482984615384642,-1.2482984615384642,False,-1.2482984615384642,False,-1.2482984615384642,False,-1.2482984615384642
USDJPY,2022-03-28 04:00:00+00:00,1.841344136460555,1.841344136460555,False,1.841344136460555,False,1.841344136460555,False,1.841344136460555
USDJPY,2022-03-28 08:00:00+00:00,-1.1544652763295093,-1.1544652763295093,False,-1.1544652763295093,False,-1.1544652763295093,False,-1.1544652763295093
USDJPY,2022-04-19 04:00:00+00:00,-0.051998929336184295,-0.051998929336184295,False,-0.051998929336184295,False,-0.051998929336184295,False,-0.051998929336184295
USDJPY,2022-04-28 04:00:00+00:00,-0.5624278518518431,-0.5624278518518431,False,-0.5624278518518431,False,-0.5624278518518431,False,-0.5624278518518431
USDJPY,2022-04-28 08:00:00+00:00,-1.1500830769230739,-1.1500830769230739,False,-1.1500830769230739,False,-1.1500830769230739,False,-1.1500830769230739
USDJPY,2022-05-12 08:00:00+00:00,0.44837747035573505,0.44837747035573505,False,0.44837747035573505,True,0.44837747035573505,True,0.44837747035573505
USDJPY,2022-05-18 16:00:00+00:00,1.8334172300981466,1.8334172300981466,False,0.8131762268266082,True,0.8131762268266082,True,0.7234022996818086
USDJPY,2022-05-24 16:00:00+00:00,-1.1644278317152117,-1.1644278317152117,False,-1.1644278317152117,False,-1.1644278317152117,False,-1.128398171195263
USDJPY,2022-06-03 16:00:00+00:00,1.8190114416475964,1.8190114416475964,False,1.8190114416475964,False,1.8190114416475964,False,1.8190114416475964
USDJPY,2022-06-06 16:00:00+00:00,1.8241707964601763,1.8241707964601763,False,1.8241707964601763,False,1.8241707964601763,False,1.8241707964601763
USDJPY,2022-06-16 16:00:00+00:00,-1.1194902934537239,-1.1194902934537239,False,-1.1194902934537239,True,-1.1194902934537239,False,-1.0751308315048904
USDJPY,2022-06-21 12:00:00+00:00,-1.1639607250755295,-1.1639607250755295,False,-1.1639607250755295,False,-1.1639607250755295,False,-1.1155544793197305
USDJPY,2022-07-11 04:00:00+00:00,1.7898764930114375,1.7898764930114375,False,1.7898764930114375,False,1.7898764930114375,False,1.8349800007258608
USDJPY,2022-07-14 08:00:00+00:00,-1.1508689655172448,-1.1508689655172448,False,-1.1508689655172448,False,-1.1508689655172448,False,-1.1508689655172448
USDJPY,2022-07-28 04:00:00+00:00,1.8476691871455566,1.8476691871455566,False,1.8476691871455566,False,1.8476691871455566,False,1.8476691871455566
USDJPY,2022-07-28 16:00:00+00:00,1.8743650943396244,1.8743650943396244,False,1.8743650943396244,False,1.8743650943396244,False,1.8743650943396244
USDJPY,2022-07-29 04:00:00+00:00,-0.1418921333333315,-0.1418921333333315,False,-0.1418921333333315,False,-0.1418921333333315,False,-0.1418921333333315
USDJPY,2022-08-05 16:00:00+00:00,-1.0723074090704983,-1.0723074090704983,False,-1.0723074090704983,True,-1.0723074090704983,False,-1.122070104738279
USDJPY,2022-08-10 16:00:00+00:00,-1.0639053720652607,-1.0639053720652607,False,-1.0639053720652607,False,-1.0639053720652607,False,-1.0639053720652607
USDJPY,2022-09-06 08:00:00+00:00,1.8235207430340599,1.8235207430340599,False,1.8235207430340599,False,1.8235207430340599,False,1.8235207430340599
USDJPY,2022-09-06 16:00:00+00:00,-1.1589720930232574,-1.1589720930232574,False,-1.1589720930232574,False,-1.1589720930232574,False,-1.1589720930232574
USDJPY,2022-09-07 04:00:00+00:00,-1.1592575393154503,-1.1592575393154503,False,-1.1592575393154503,False,-1.1592575393154503,False,-1.1592575393154503
USDJPY,2022-09-07 12:00:00+00:00,-1.1604655555555536,-1.1604655555555536,False,-1.1604655555555536,False,-1.1604655555555536,False,-1.1604655555555536
USDJPY,2022-09-22 08:00:00+00:00,-1.1512499999999979,-1.1512499999999979,False,-1.1512499999999979,False,-1.1512499999999979,False,-1.1512499999999979
USDJPY,2022-09-22 12:00:00+00:00,-0.7886699477351918,-0.7886699477351918,False,-0.7886699477351918,True,-0.7886699477351918,True,-1.0927543987487616
USDJPY,2022-10-14 16:00:00+00:00,1.7820729927007306,1.7820729927007306,False,1.7820729927007306,False,1.7820729927007306,False,1.7820729927007306
USDJPY,2022-10-21 12:00:00+00:00,-1.1588936842105242,-1.1588936842105242,False,-1.1588936842105242,False,-1.1588936842105242,False,-1.1588936842105242
USDJPY,2022-10-21 16:00:00+00:00,-0.2727500177872649,-0.2727500177872649,False,-0.2727500177872649,False,-0.2727500177872649,False,-0.2727500177872649
USDJPY,2022-11-10 16:00:00+00:00,0.16570022155085393,0.16570022155085393,False,0.16570022155085393,False,0.16570022155085393,False,0.16570022155085393
USDJPY,2022-11-21 12:00:00+00:00,-1.1663070588235278,-1.1663070588235278,True,-1.1663070588235278,True,-1.1663070588235278,False,-1.091685795939569
USDJPY,2022-12-13 16:00:00+00:00,-1.0688782828282828,-1.0688782828282828,False,-1.0688782828282828,False,-1.0688782828282828,False,-1.174973182168325
USDJPY,2022-12-20 04:00:00+00:00,0.0948356327543428,0.0948356327543428,False,0.0948356327543428,False,0.0948356327543428,False,0.0948356327543428
USDJPY,2022-12-28 04:00:00+00:00,-1.2030541087231361,-1.2030541087231361,True,-1.2030541087231361,True,-1.2030541087231361,False,-1.2030541087231361
USDJPY,2022-12-30 20:00:00+00:00,-1.1543808219178096,-1.1543808219178096,False,-1.1543808219178096,False,-1.1543808219178096,False,-1.1543808219178096
USDJPY,2023-01-03 04:00:00+00:00,-1.1387874001774645,-1.1387874001774645,False,-1.1387874001774645,False,-1.1387874001774645,False,-1.1387874001774645
USDJPY,2023-01-05 16:00:00+00:00,-1.1080884979702295,-1.1080884979702295,False,-1.1080884979702295,True,-1.1080884979702295,False,-1.0916250650243244
USDJPY,2023-01-12 16:00:00+00:00,-1.112690359712229,-1.112690359712229,False,-1.112690359712229,False,-1.112690359712229,False,-1.112690359712229
USDJPY,2023-01-13 16:00:00+00:00,-1.1162526077097499,-1.1162526077097499,False,-1.1162526077097499,False,-1.1162526077097499,False,-1.1162526077097499
USDJPY,2023-01-18 04:00:00+00:00,-1.0534028826355528,-1.0534028826355528,False,-1.0534028826355528,True,-1.0534028826355528,False,-1.0534028826355528
USDJPY,2023-02-03 16:00:00+00:00,0.036702481751817895,0.036702481751817895,False,0.036702481751817895,False,0.036702481751817895,False,-1.1534589947072356
USDJPY,2023-02-24 16:00:00+00:00,-0.19431610738255922,-0.19431610738255922,False,-0.19431610738255922,False,-0.19431610738255922,False,-0.19431610738255922
USDJPY,2023-03-10 16:00:00+00:00,0.8218972826087038,0.8218972826087038,False,0.8218972826087038,True,0.8218972826087038,True,1.357074135039625
USDJPY,2023-03-13 12:00:00+00:00,-1.1071199999999999,-1.1071199999999999,False,-1.1071199999999999,True,-1.1071199999999999,True,-1.1071199999999999
USDJPY,2023-04-04 16:00:00+00:00,-1.107520243737305,-1.107520243737305,False,-1.107520243737305,False,-1.107520243737305,False,-1.112853832571015
USDJPY,2023-04-10 12:00:00+00:00,0.8737205098493485,0.8737205098493485,False,1.1991334878331328,True,0.8737205098493485,True,0.8804688657113087
USDJPY,2023-04-10 16:00:00+00:00,-1.1775380688124286,-1.1775380688124286,False,-1.1775380688124286,True,-1.1775380688124286,True,-1.1775380688124286
USDJPY,2023-04-17 16:00:00+00:00,-1.207148262548266,-1.207148262548266,False,-1.207148262548266,False,-1.207148262548266,False,-0.2456898230944359
USDJPY,2023-04-28 08:00:00+00:00,-0.778287643312102,-0.778287643312102,False,-0.778287643312102,False,-0.778287643312102,False,-1.132707944846044
USDJPY,2023-05-12 16:00:00+00:00,1.820533625410736,1.820533625410736,False,1.820533625410736,False,1.820533625410736,False,1.7212711045493176
USDJPY,2023-05-16 16:00:00+00:00,1.8297892783505154,1.8297892783505154,False,1.8297892783505154,False,1.8297892783505154,False,1.8297892783505154
USDJPY,2023-05-18 16:00:00+00:00,-1.2201123505976055,-1.2201123505976055,False,-1.2201123505976055,False,-1.2201123505976055,False,-1.2201123505976055
USDJPY,2023-05-24 16:00:00+00:00,1.786633290978393,1.786633290978393,False,1.786633290978393,False,1.786633290978393,False,1.7034532072820012
USDJPY,2023-05-26 16:00:00+00:00,-1.1837068852459032,-1.1837068852459032,False,-1.1837068852459032,False,-1.1837068852459032,False,-1.1837068852459032
USDJPY,2023-06-08 16:00:00+00:00,-1.1828805251641106,-1.1828805251641106,False,-1.1828805251641106,True,-1.1828805251641106,True,-1.2638960889519768
USDJPY,2023-06-15 04:00:00+00:00,-1.1485541850220276,-1.1485541850220276,False,-1.1485541850220276,False,-1.1485541850220276,False,-1.1745480475876022
USDJPY,2023-06-16 16:00:00+00:00,1.814013029315965,1.814013029315965,False,1.814013029315965,False,1.814013029315965,False,1.814013029315965
USDJPY,2023-06-22 16:00:00+00:00,1.4807800356506082,1.4807800356506082,False,1.4807800356506082,False,1.4807800356506082,False,1.4521987721012621
USDJPY,2023-07-12 16:00:00+00:00,-1.1163401256106076,-1.1163401256106076,False,-1.1163401256106076,True,-1.1163401256106076,False,-1.1163401256106076
USDJPY,2023-07-20 16:00:00+00:00,-1.1943819444444435,-1.1943819444444435,False,-1.1943819444444435,False,-1.1943819444444435,False,-1.1943819444444435
USDJPY,2023-07-21 08:00:00+00:00,-1.1248763313609464,-1.1248763313609464,False,-1.1248763313609464,False,-1.1248763313609464,False,-1.1248763313609464
USDJPY,2023-07-27 20:00:00+00:00,-1.0804841550981332,-1.0804841550981332,False,-1.0804841550981332,True,-1.0804841550981332,True,-1.0804841550981332
USDJPY,2023-08-04 16:00:00+00:00,-1.1506476190476171,-1.1506476190476171,True,-1.1506476190476171,True,-1.1506476190476171,False,-1.174815152359741
USDJPY,2023-08-10 16:00:00+00:00,1.3815680906713148,1.3815680906713148,False,1.3815680906713148,False,1.3815680906713148,False,1.3815680906713148
USDJPY,2023-08-16 20:00:00+00:00,-1.3064720279720263,-1.3064720279720263,False,-1.3064720279720263,False,-1.3064720279720263,False,-1.3064720279720263
USDJPY,2023-08-23 16:00:00+00:00,-1.1804482901554398,-1.1804482901554398,False,-1.1804482901554398,True,-1.1804482901554398,True,-1.2030299946713028
USDJPY,2023-08-29 12:00:00+00:00,-1.2402791268758513,-1.2402791268758513,False,-1.2402791268758513,False,-1.2402791268758513,False,-1.2402791268758513
USDJPY,2023-09-11 04:00:00+00:00,-1.2586863436123303,-1.2586863436123303,False,-1.2586863436123303,True,-1.2586863436123303,False,-1.2586863436123303
USDJPY,2023-09-20 20:00:00+00:00,-1.2509060820367772,-1.2509060820367772,False,-1.2509060820367772,False,-1.2509060820367772,False,-1.2509060820367772
USDJPY,2023-09-21 16:00:00+00:00,-1.2765794071762908,-1.2765794071762908,False,-1.2765794071762908,True,-1.2765794071762908,False,-1.2765794071762908
USDJPY,2023-10-12 16:00:00+00:00,-1.254234042553187,-1.254234042553187,False,-1.254234042553187,False,-1.254234042553187,False,-1.2527431688520974
USDJPY,2023-10-26 04:00:00+00:00,-1.4744042105263215,-1.4744042105263215,False,-1.4744042105263215,False,-1.4744042105263215,False,-1.4744042105263215
USDJPY,2023-10-30 16:00:00+00:00,-1.2117093270366048,-1.2117093270366048,False,-1.2117093270366048,False,-1.2117093270366048,False,-1.289811851082268
USDJPY,2023-10-31 16:00:00+00:00,-1.2213120879120833,-1.2213120879120833,False,-1.2213120879120833,False,-1.2213120879120833,False,-1.2213120879120833
USDJPY,2023-11-03 16:00:00+00:00,-1.2090176744186083,-1.2090176744186083,False,-1.2090176744186083,True,-1.2090176744186083,False,-1.1843844669504973
USDJPY,2023-11-14 16:00:00+00:00,1.814618556701031,1.814618556701031,False,2.004246451115176,True,1.814618556701031,False,1.814618556701031
USDJPY,2023-11-14 20:00:00+00:00,-1.3489011583011579,-1.3489011583011579,False,-1.3489011583011579,True,-1.3489011583011579,False,-1.361611169297499
USDJPY,2023-11-17 12:00:00+00:00,1.8119531645569635,1.8119531645569635,False,1.8119531645569635,False,1.8119531645569635,False,1.8213558502431917
USDJPY,2023-11-20 04:00:00+00:00,-0.23776143911439757,-0.23776143911439757,False,-0.23776143911439757,False,-0.23776143911439757,False,1.7480786206488572
USDJPY,2023-11-21 04:00:00+00:00,-1.1711446480231427,-1.1711446480231427,False,-1.1711446480231427,False,-1.1711446480231427,False,-1.1711446480231427
USDJPY,2023-11-28 16:00:00+00:00,1.7853270072992709,1.7853270072992709,False,1.7853270072992709,False,1.7853270072992709,False,1.7853270072992709
USDJPY,2023-12-07 08:00:00+00:00,1.853641518987342,1.853641518987342,False,1.853641518987342,False,1.853641518987342,False,1.853641518987342
USDJPY,2023-12-07 16:00:00+00:00,-1.13637156323645,-1.13637156323645,False,-1.13637156323645,False,-1.13637156323645,False,-1.13637156323645
USDJPY,2023-12-13 20:00:00+00:00,-0.39203124415341195,-0.39203124415341195,False,-0.39203124415341195,False,-0.39203124415341195,False,-0.39203124415341195
USDJPY,2023-12-14 04:00:00+00:00,-1.112751222736285,-1.112751222736285,False,-1.112751222736285,False,-1.112751222736285,False,-1.112751222736285
USDJPY,2024-01-17 16:00:00+00:00,-1.2070153846153837,-1.2070153846153837,False,-1.2070153846153837,True,-1.2070153846153837,True,-1.2070153846153837
USDJPY,2024-01-31 16:00:00+00:00,-1.103848028251912,-1.103848028251912,False,-1.103848028251912,True,-1.103848028251912,False,-1.103848028251912
USDJPY,2024-02-02 16:00:00+00:00,0.48977928692700234,0.48977928692700234,False,0.48977928692700234,False,0.48977928692700234,False,0.8621743650357432
USDJPY,2024-02-13 16:00:00+00:00,-0.7262329896907279,-0.7262329896907279,False,-0.7262329896907279,False,-0.7262329896907279,False,-0.7262329896907279
USDJPY,2024-02-29 04:00:00+00:00,-1.2131007092198571,-1.2131007092198571,False,-1.2131007092198571,True,-1.2131007092198571,True,-1.3246193534048998
USDJPY,2024-03-07 04:00:00+00:00,1.7013694117647054,1.7013694117647054,False,1.0640124369748039,True,1.7013694117647054,False,1.7013694117647054
USDJPY,2024-03-07 08:00:00+00:00,-0.14081266846363652,-0.14081266846363652,False,-0.14081266846363652,True,-0.14081266846363652,False,-0.14081266846363652
USDJPY,2024-03-08 12:00:00+00:00,-1.2030256880733978,-1.2030256880733978,False,-1.2030256880733978,False,-1.2030256880733978,False,-1.2030256880733978
USDJPY,2024-03-19 04:00:00+00:00,1.7523786008230402,1.7523786008230402,False,1.0655481481481612,True,1.0655481481481612,True,1.7523786008230402
USDJPY,2024-04-04 20:00:00+00:00,-1.4003295154184954,-1.4003295154184954,False,-1.4003295154184954,True,-1.4003295154184954,True,-1.5012778099016448
USDJPY,2024-04-10 16:00:00+00:00,1.3473000882612867,1.3473000882612867,False,1.3473000882612867,False,1.3473000882612867,False,1.3473000882612867
USDJPY,2024-04-26 08:00:00+00:00,-1.2362277078085693,-1.2362277078085693,False,-1.2362277078085693,False,-1.2362277078085693,False,-1.2362277078085693
USDJPY,2024-04-26 16:00:00+00:00,1.8122674556213034,1.8122674556213034,False,1.8122674556213034,False,1.8122674556213034,False,1.8122674556213034
USDJPY,2024-05-16 00:00:00+00:00,-1.2753109792284838,-1.2753109792284838,False,-1.2753109792284838,True,-1.2753109792284838,True,-1.2753109792284838
USDJPY,2024-05-23 16:00:00+00:00,-1.3426918032786845,-1.3426918032786845,False,-1.3426918032786845,False,-1.3426918032786845,False,-1.2889439073581308
USDJPY,2024-06-03 16:00:00+00:00,-1.2081866962306016,-1.2081866962306016,False,1.3876048780487877,True,-1.2081866962306016,True,-1.1953657668083102
USDJPY,2024-06-04 08:00:00+00:00,-1.181282558139533,-1.181282558139533,False,-1.181282558139533,True,-1.181282558139533,True,-1.2506250006278559
USDJPY,2024-06-14 04:00:00+00:00,0.8587925998052718,0.8587925998052718,False,0.8587925998052718,False,0.8587925998052718,False,0.788516995521459
USDJPY,2024-06-21 16:00:00+00:00,-1.319362541806013,-1.319362541806013,False,-1.319362541806013,False,-1.319362541806013,False,-1.319362541806013
USDJPY,2024-07-05 04:00:00+00:00,-1.2476984615384612,-1.2476984615384612,False,-1.2476984615384612,True,-1.2476984615384612,False,-1.2572419055382926
USDJPY,2024-07-17 08:00:00+00:00,1.8578643346007602,1.8578643346007602,False,1.7391619771863067,True,1.8578643346007602,False,1.803133463309753
USDJPY,2024-07-25 04:00:00+00:00,-1.1111073760580414,-1.1111073760580414,False,-1.1111073760580414,False,-1.1111073760580414,False,-1.1111073760580414
USDJPY,2024-07-31 08:00:00+00:00,1.9402644683714674,1.9402644683714674,False,1.9402644683714674,False,1.9402644683714674,False,1.9402644683714674
USDJPY,2024-08-02 16:00:00+00:00,1.9184337869544816,1.9184337869544816,False,1.9184337869544816,False,1.9184337869544816,False,1.9184337869544816
USDJPY,2024-08-15 16:00:00+00:00,-1.1028104166666661,-1.1028104166666661,False,-1.1028104166666661,True,-1.1028104166666661,False,-1.1028104166666661
USDJPY,2024-10-02 16:00:00+00:00,1.8711533867443573,1.8711533867443573,False,1.8711533867443573,False,1.8711533867443573,False,1.397119441634441
USDJPY,2024-10-04 16:00:00+00:00,0.10900289727831143,0.10900289727831143,False,0.10900289727831143,False,0.10900289727831143,False,0.10900289727831143
USDJPY,2024-10-17 16:00:00+00:00,-1.2711194570135702,-1.2711194570135702,False,-1.2711194570135702,False,-1.2711194570135702,False,-1.3580625456458821
USDJPY,2024-10-23 04:00:00+00:00,1.701738336052202,1.701738336052202,False,1.701738336052202,False,1.701738336052202,False,1.701738336052202
USDJPY,2024-10-23 08:00:00+00:00,-1.2846499219968712,-1.2846499219968712,False,-1.2846499219968712,False,-1.2846499219968712,False,-1.2846499219968712
USDJPY,2024-10-23 12:00:00+00:00,-1.248268292682927,-1.248268292682927,False,-1.248268292682927,False,-1.248268292682927,False,-1.248268292682927
USDJPY,2024-10-28 04:00:00+00:00,-1.212283602771359,-1.212283602771359,False,-1.212283602771359,False,-1.212283602771359,False,-1.212283602771359
USDJPY,2024-10-31 08:00:00+00:00,-1.21835494636472,-1.21835494636472,True,-1.21835494636472,True,-1.21835494636472,True,-1.1727299838247642
USDJPY,2024-11-06 04:00:00+00:00,0.2562127211140319,0.2562127211140319,False,0.2562127211140319,False,0.2562127211140319,False,-1.4240200333276227
USDJPY,2024-11-29 04:00:00+00:00,-1.1633067750677508,-1.1633067750677508,False,-1.1633067750677508,True,-1.1633067750677508,True,-1.1633067750677508
USDJPY,2024-12-11 12:00:00+00:00,1.881829520766773,1.881829520766773,False,1.881829520766773,False,1.881829520766773,False,1.881829520766773
USDJPY,2024-12-13 12:00:00+00:00,1.7772283653846137,1.7772283653846137,False,1.7772283653846137,False,1.7772283653846137,False,1.8459201674837762
USDJPY,2025-01-27 12:00:00+00:00,-1.0954924499229581,-1.0954924499229581,False,-1.0954924499229581,True,-1.0954924499229581,True,-1.1187939184719922
USDJPY,2025-02-05 04:00:00+00:00,1.8394902374670186,1.8394902374670186,False,1.4082729991204848,True,1.4082729991204848,True,1.8274186339237917
USDJPY,2025-02-12 04:00:00+00:00,-1.2033362831858414,-1.2033362831858414,True,1.0552634955752052,True,-1.2033362831858414,False,-1.2033362831858414
USDJPY,2025-02-12 16:00:00+00:00,-1.15725826235094,-1.15725826235094,False,-1.15725826235094,True,-1.15725826235094,False,-1.15725826235094
USDJPY,2025-02-20 04:00:00+00:00,1.7775122676579893,1.7775122676579893,False,1.7775122676579893,False,1.7775122676579893,False,0.949422150871484
USDJPY,2025-03-03 12:00:00+00:00,-1.143064608076009,-1.143064608076009,False,-1.143064608076009,True,-1.143064608076009,False,-1.143064608076009
USDJPY,2025-03-24 16:00:00+00:00,-1.174338878143135,-1.174338878143135,False,-1.174338878143135,True,-1.174338878143135,False,-1.1629684759181516
USDJPY,2025-04-03 00:00:00+00:00,0.11462539317222831,0.11462539317222831,False,0.11462539317222831,False,0.11462539317222831,False,0.11462539317222831
USDJPY,2025-04-03 12:00:00+00:00,-1.1330634920634912,-1.1330634920634912,False,-1.1330634920634912,False,-1.1330634920634912,False,-1.1330634920634912
USDJPY,2025-04-21 04:00:00+00:00,-1.2036192307692253,-1.2036192307692253,False,-1.2036192307692253,False,-1.2036192307692253,False,-1.2036192307692253
USDJPY,2025-05-01 16:00:00+00:00,-1.13075711060948,-1.13075711060948,False,-1.13075711060948,True,-1.13075711060948,True,-1.13075711060948
USDJPY,2025-05-12 08:00:00+00:00,-1.0801888939462905,-1.0801888939462905,False,-1.0801888939462905,False,-1.0801888939462905,False,-1.0801888939462905
USDJPY,2025-05-29 00:00:00+00:00,-1.1781938650306734,-1.1781938650306734,False,-1.1781938650306734,True,-1.1781938650306734,True,-1.1781938650306734
USDJPY,2025-07-01 08:00:00+00:00,-1.198617993079587,-1.198617993079587,False,-1.198617993079587,False,-1.198617993079587,False,-1.1470574645297482
USDJPY,2025-07-03 16:00:00+00:00,1.1116932885906237,1.1116932885906237,False,1.1116932885906237,False,1.1116932885906237,False,-1.3085446084047203
USDJPY,2025-07-30 16:00:00+00:00,1.7798374541003692,1.7798374541003692,False,1.7798374541003692,False,1.7798374541003692,False,1.7798374541003692
USDJPY,2025-08-22 16:00:00+00:00,-0.13377696777601586,-0.13377696777601586,False,-0.13377696777601586,True,-0.13377696777601586,True,-0.13377696777601586
USDJPY,2025-09-02 04:00:00+00:00,1.7101276872964188,1.7101276872964188,False,1.7101276872964188,False,1.7101276872964188,False,-1.233900437789455
USDJPY,2025-09-02 08:00:00+00:00,-1.1838723888314404,-1.1838723888314404,False,-1.1838723888314404,False,-1.1838723888314404,False,-1.1930821829998621
USDJPY,2025-09-05 16:00:00+00:00,-1.1305495575221218,-1.1305495575221218,False,-1.1305495575221218,False,-1.1305495575221218,False,-1.6994611579902799
USDJPY,2025-09-25 16:00:00+00:00,-1.1816965517241345,-1.1816965517241345,False,-1.1816965517241345,False,-1.1816965517241345,False,-1.1816965517241345
USDJPY,2025-09-30 08:00:00+00:00,1.6728081330868743,1.6728081330868743,False,0.9200462107209136,True,0.9200462107209136,True,1.6728081330868743
USDJPY,2025-10-01 08:00:00+00:00,-2.9891188475390353,-2.9891188475390353,False,-2.9891188475390353,False,-2.9891188475390353,False,-1.298494066468981
USDJPY,2025-10-07 20:00:00+00:00,-0.49771831683166873,-0.49771831683166873,False,-0.49771831683166873,False,-0.49771831683166873,False,-0.49771831683166873
USDJPY,2025-10-21 12:00:00+00:00,-0.10427810383746845,-0.10427810383746845,False,-0.10427810383746845,False,-0.10427810383746845,False,-0.07900828793306891
USDJPY,2025-11-19 12:00:00+00:00,1.7000363636363682,1.7000363636363682,False,1.7000363636363682,False,1.7000363636363682,False,1.7000363636363682
USDJPY,2025-12-04 12:00:00+00:00,-1.258151666666667,-1.258151666666667,False,-1.258151666666667,True,-1.258151666666667,True,-1.2868391257603433
USDJPY,2025-12-09 16:00:00+00:00,-1.2762205882352913,-1.2762205882352913,False,-1.2762205882352913,False,-1.2762205882352913,False,-1.2820712904377842
USDJPY,2025-12-19 08:00:00+00:00,-1.1869158524426746,-1.1869158524426746,False,-1.1869158524426746,False,-1.1869158524426746,False,-1.1952765499268183
USDJPY,2026-01-13 04:00:00+00:00,-1.2236037647058837,-1.2236037647058837,False,-1.2236037647058837,False,-1.2236037647058837,False,-1.2236037647058837
USDJPY,2026-01-23 20:00:00+00:00,0.5009616602481834,0.5009616602481834,False,0.5009616602481834,False,0.5009616602481834,False,0.5009616602481834
USDJPY,2026-02-02 16:00:00+00:00,1.8046195426195462,1.6311270270270026,True,0.9859841995841772,True,0.9859841995841772,True,1.8046195426195462
USDJPY,2026-02-10 04:00:00+00:00,1.8082484472049705,1.8082484472049705,False,1.8082484472049705,False,1.8082484472049705,False,1.8082484472049705
USDJPY,2026-02-10 16:00:00+00:00,0.20931068493152138,0.20931068493152138,False,0.20931068493152138,False,0.20931068493152138,False,0.15935763739474906
USDJPY,2026-02-11 04:00:00+00:00,-1.1925462499999984,-1.1925462499999984,False,-1.1925462499999984,False,-1.1925462499999984,False,-1.1925462499999984
USDJPY,2026-02-24 08:00:00+00:00,0.9790767361111244,0.9790767361111244,False,0.9790767361111244,True,0.9790767361111244,True,0.9790767361111244
USDJPY,2026-02-25 12:00:00+00:00,-1.2129659477866062,-1.2129659477866062,False,-1.2129659477866062,True,-1.2129659477866062,True,-1.2129659477866062
USDJPY,2026-03-02 16:00:00+00:00,-1.243631741935482,-1.243631741935482,False,-1.243631741935482,False,-1.243631741935482,False,-1.243631741935482
USDJPY,2026-03-19 16:00:00+00:00,-1.1730174386920982,-1.1730174386920982,False,-1.1730174386920982,True,-1.1730174386920982,False,-1.287340344690677
USDJPY,2026-04-08 00:00:00+00:00,-1.185691545189505,-1.185691545189505,False,-1.185691545189505,True,-1.185691545189505,False,-1.185691545189505
USDJPY,2026-04-30 12:00:00+00:00,-0.8294063751317201,-0.8294063751317201,False,-0.8294063751317201,False,-0.8294063751317201,False,-0.8294063751317201
USDJPY,2026-09-03 04:00:00+00:00,1.8423691275167797,1.8423691275167797,False,1.8423691275167797,False,1.8423691275167797,False,1.8423691275167797
USDJPY,2026-09-03 12:00:00+00:00,1.822977735490012,1.822977735490012,False,1.822977735490012,False,1.822977735490012,False,1.822977735490012
USDJPY,2026-09-16 20:00:00+00:00,1.4842072970960565,1.4842072970960565,False,0.9179054355919598,True,0.9179054355919598,True,1.8091432446957378
USDJPY,2026-09-18 04:00:00+00:00,1.797020128479657,1.797020128479657,False,1.1988781584582446,True,1.1988781584582446,True,1.1175064808033612
AUDUSD,2017-01-11 20:00:00+00:00,1.019255023923439,1.019255023923439,False,1.24160956937798,True,1.019255023923439,False,1.019255023923439
AUDUSD,2017-01-17 08:00:00+00:00,0.3403076305220765,0.3403076305220765,False,0.3403076305220765,False,0.3403076305220765,False,1.7667613027753277
AUDUSD,2017-02-02 04:00:00+00:00,-0.46882295652173706,-0.46882295652173706,False,-0.46882295652173706,False,-0.46882295652173706,False,-0.37079210562937
AUDUSD,2017-03-02 12:00:00+00:00,1.8120894409937887,1.8120894409937887,False,1.476484472049699,True,1.8120894409937887,False,1.8120894409937887
AUDUSD,2017-03-15 20:00:00+00:00,-0.31567334437085715,-0.31567334437085715,False,-0.31567334437085715,False,-0.31567334437085715,False,-0.31567334437085715
AUDUSD,2017-04-04 08:00:00+00:00,0.9640687089715695,0.9640687089715695,False,0.9640687089715695,False,0.9640687089715695,False,0.8941851888730302
AUDUSD,2017-04-13 04:00:00+00:00,-1.1757558139534903,-1.1757558139534903,False,-1.1757558139534903,True,-1.1757558139534903,True,-1.1433076392791037
AUDUSD,2017-04-19 04:00:00+00:00,-1.8547601049868465,-1.8547601049868465,False,-1.8547601049868465,False,-1.8547601049868465,False,-2.801639247505514
AUDUSD,2017-05-05 04:00:00+00:00,-1.2397632432432408,-1.2397632432432408,False,-1.2397632432432408,False,-1.2397632432432408,False,-1.2397632432432408
AUDUSD,2017-06-01 04:00:00+00:00,-1.1510169491525446,-1.1510169491525446,False,-1.1510169491525446,False,-1.1510169491525446,False,-1.1510169491525446
AUDUSD,2017-06-07 04:00:00+00:00,-0.18983227272727116,-0.18983227272727116,False,-0.18983227272727116,False,-0.18983227272727116,False,-0.1836642106902082
AUDUSD,2017-06-28 16:00:00+00:00,-1.170088268156425,-1.170088268156425,False,-1.170088268156425,False,-1.170088268156425,False,1.677615251852867
AUDUSD,2017-07-04 08:00:00+00:00,-0.26782509505702934,-0.26782509505702934,False,-0.26782509505702934,True,-0.26782509505702934,True,-0.6700584242326776
AUDUSD,2017-07-13 08:00:00+00:00,1.7503034852546924,1.7503034852546924,False,1.7503034852546924,False,1.7503034852546924,False,1.7503034852546924
AUDUSD,2017-07-14 16:00:00+00:00,1.8270923076923082,1.8270923076923082,False,1.8270923076923082,False,1.8270923076923082,False,1.8270923076923082
AUDUSD,2017-07-18 04:00:00+00:00,0.39161109989909293,0.39161109989909293,False,0.39161109989909293,False,0.39161109989909293,False,0.39161109989909293
AUDUSD,2017-07-27 04:00:00+00:00,-1.1654969072164936,-1.1654969072164936,False,-1.1654969072164936,False,-1.1654969072164936,False,-1.1654969072164936
AUDUSD,2017-08-15 08:00:00+00:00,-1.2512688000000052,-1.2512688000000052,False,-1.2512688000000052,True,-1.2512688000000052,True,-1.195905706369513
AUDUSD,2017-08-16 20:00:00+00:00,-1.200124050632913,-1.200124050632913,False,-1.200124050632913,True,-1.200124050632913,False,-1.2206405669894744
AUDUSD,2017-09-08 04:00:00+00:00,-1.174963898916968,-1.174963898916968,False,-1.174963898916968,False,-1.174963898916968,False,-1.174963898916968
AUDUSD,2017-09-13 16:00:00+00:00,-1.1745237749546276,-1.1745237749546276,False,-1.1745237749546276,True,-1.1745237749546276,False,-1.1745237749546276
AUDUSD,2017-10-06 04:00:00+00:00,-1.201950649350651,-1.201950649350651,False,-1.201950649350651,False,-1.201950649350651,False,-1.201950649350651
AUDUSD,2017-10-13 16:00:00+00:00,-1.1549973684210533,-1.1549973684210533,False,-1.1549973684210533,False,-1.1549973684210533,False,-1.26068263670608
AUDUSD,2017-10-20 16:00:00+00:00,1.7891475113122162,0.8451425339366447,True,1.7891475113122162,False,1.7891475113122162,False,1.6957064298483973
AUDUSD,2017-10-24 08:00:00+00:00,1.760467010309278,1.760467010309278,False,1.760467010309278,False,1.760467010309278,False,1.6951395587460425
AUDUSD,2017-10-25 04:00:00+00:00,0.6398955993930263,0.6398955993930263,False,0.6398955993930263,False,0.6398955993930263,False,0.7871015376022217
AUDUSD,2017-11-02 04:00:00+00:00,-1.2085223476298,-1.2085223476298,True,-1.2085223476298,True,-1.2085223476298,False,-1.6092444351845745
AUDUSD,2017-11-15 04:00:00+00:00,0.273517539863313,0.273517539863313,False,0.273517539863313,False,0.273517539863313,False,0.273517539863313
AUDUSD,2017-11-27 12:00:00+00:00,-1.3040405315614547,-1.3040405315614547,False,-1.3040405315614547,True,-1.3040405315614547,False,-1.3040405315614547
AUDUSD,2017-12-05 04:00:00+00:00,-1.225307389162564,-1.225307389162564,False,-1.225307389162564,True,-1.225307389162564,False,-1.1832993814786923
AUDUSD,2017-12-12 12:00:00+00:00,1.6948107023411418,1.935468896321052,True,3.1755270903009625,True,1.6948107023411418,False,1.6948107023411418
AUDUSD,2017-12-13 16:00:00+00:00,0.8695154598825982,0.8695154598825982,False,0.8695154598825982,False,0.8695154598825982,False,1.0266346199033052
AUDUSD,2017-12-14 04:00:00+00:00,-0.32778622327790985,-0.32778622327790985,False,-0.32778622327790985,False,-0.32778622327790985,False,-0.32778622327790985
AUDUSD,2017-12-21 16:00:00+00:00,1.685746440677967,1.685746440677967,False,1.685746440677967,False,1.685746440677967,False,1.7037510180199964
AUDUSD,2017-12-27 12:00:00+00:00,1.5588698113207569,1.5588698113207569,False,1.5588698113207569,False,1.5588698113207569,False,1.5588698113207569
AUDUSD,2017-12-28 08:00:00+00:00,-1.43098525345622,-1.43098525345622,False,-1.43098525345622,False,-1.43098525345622,False,-1.43098525345622
AUDUSD,2017-12-29 12:00:00+00:00,0.00036805555553507465,0.00036805555553507465,False,0.00036805555553507465,False,0.00036805555553507465,False,0.00036805555553507465
AUDUSD,2018-01-02 08:00:00+00:00,0.0840743750000144,0.0840743750000144,False,0.0840743750000144,False,0.0840743750000144,False,0.0840743750000144
AUDUSD,2018-01-24 12:00:00+00:00,-1.1973411042944762,-1.1973411042944762,False,-1.1973411042944762,False,-1.1973411042944762,False,0.4781204635039602
AUDUSD,2018-01-25 04:00:00+00:00,-1.2119680525164132,-1.2119680525164132,False,-1.2119680525164132,False,-1.2119680525164132,False,-1.2119680525164132
AUDUSD,2018-03-06 12:00:00+00:00,1.0575621399176955,1.0575621399176955,False,1.0575621399176955,True,1.0575621399176955,True,0.9337526527431552
AUDUSD,2018-03-27 20:00:00+00:00,-0.3412782828282868,-0.3412782828282868,False,-0.3412782828282868,False,-0.3412782828282868,False,-0.19311666171278757
AUDUSD,2018-03-28 08:00:00+00:00,-1.2351908163265284,-1.2351908163265284,False,-1.2351908163265284,False,-1.2351908163265284,False,-1.2263567603465095
AUDUSD,2018-04-04 04:00:00+00:00,-1.2833104294478492,-1.2833104294478492,False,-1.2833104294478492,True,-1.2833104294478492,True,-1.2400276287182808
AUDUSD,2018-04-23 16:00:00+00:00,1.7438760563380322,1.7438760563380322,False,1.7438760563380322,False,1.7438760563380322,False,1.7438760563380322
AUDUSD,2018-05-08 12:00:00+00:00,-1.2282671755725196,-1.2282671755725196,False,-1.2282671755725196,False,-1.2282671755725196,False,-1.199648509542158
AUDUSD,2018-05-21 16:00:00+00:00,-1.2357968750000028,-1.2357968750000028,False,-1.2357968750000028,True,-1.2357968750000028,True,-1.271758805508805
AUDUSD,2018-06-04 04:00:00+00:00,-1.202394666666669,-1.202394666666669,False,-1.202394666666669,True,-1.202394666666669,True,-0.25885118441458604
AUDUSD,2018-06-14 16:00:00+00:00,1.8320472795497205,1.8320472795497205,False,1.8320472795497205,False,1.8320472795497205,False,1.866798755662912
AUDUSD,2018-06-27 20:00:00+00:00,-1.2126038554216874,-1.2126038554216874,False,-1.2126038554216874,False,-1.2126038554216874,False,-1.2353944840275715
AUDUSD,2018-07-02 16:00:00+00:00,-1.2419615384615326,-1.2419615384615326,False,-1.2419615384615326,False,-1.2419615384615326,False,-1.2743579384710075
AUDUSD,2018-07-18 08:00:00+00:00,-1.27803773584906,-1.27803773584906,False,-1.27803773584906,False,-1.27803773584906,False,-1.2867914336195923
AUDUSD,2018-07-25 20:00:00+00:00,-1.1772743538767403,-1.1772743538767403,False,-1.1772743538767403,True,-1.1772743538767403,False,-1.1907587615213528
AUDUSD,2018-08-07 08:00:00+00:00,-1.2389322580645126,-1.2389322580645126,False,-1.2389322580645126,False,-1.2389322580645126,False,-1.3632540766275112
AUDUSD,2018-08-17 20:00:00+00:00,-1.2354322580645125,-1.2354322580645125,True,-1.2354322580645125,True,-1.2354322580645125,True,-1.1217002126231777
AUDUSD,2018-08-23 04:00:00+00:00,-1.2055274004683842,-1.2055274004683842,False,-1.2055274004683842,False,-1.2055274004683842,False,-1.2055274004683842
AUDUSD,2018-08-30 16:00:00+00:00,1.7870928746928698,1.7870928746928698,False,1.7870928746928698,False,1.7870928746928698,False,0.9317219020752604
AUDUSD,2018-09-27 08:00:00+00:00,1.7610204986149587,1.9993905817174438,True,1.7610204986149587,False,1.7610204986149587,False,1.8205126108741672
AUDUSD,2018-10-02 08:00:00+00:00,1.811084581497797,1.811084581497797,False,1.811084581497797,False,1.811084581497797,False,1.7120373697901778
AUDUSD,2018-10-26 04:00:00+00:00,-1.1693511999999997,-1.1693511999999997,False,-1.1693511999999997,False,-1.1693511999999997,False,-1.217642288159542
AUDUSD,2018-11-01 04:00:00+00:00,1.8300213017751485,1.8300213017751485,False,0.9291814595660643,True,2.3031100591715883,True,1.8188878825211983
AUDUSD,2018-11-02 08:00:00+00:00,-1.205208530805687,-1.205208530805687,False,-1.205208530805687,True,-1.205208530805687,True,-1.205208530805687
AUDUSD,2018-11-07 12:00:00+00:00,-1.197397285067874,-1.197397285067874,False,-1.197397285067874,False,-1.197397285067874,False,-1.197397285067874
AUDUSD,2018-11-12 08:00:00+00:00,-1.2384644628099157,-1.2384644628099157,True,-1.2384644628099157,True,-1.2384644628099157,False,-1.2384644628099157
AUDUSD,2018-11-15 04:00:00+00:00,-1.2117532846715298,-1.2117532846715298,False,-1.2117532846715298,False,-1.2117532846715298,False,-1.1304663586870118
AUDUSD,2018-11-16 16:00:00+00:00,-1.142776470588235,-1.142776470588235,False,-1.142776470588235,False,-1.142776470588235,False,-1.2704524593629982
AUDUSD,2018-11-28 20:00:00+00:00,-0.6387109925293442,-0.6387109925293442,False,-0.6387109925293442,False,-0.6387109925293442,False,-1.0496327601008948
AUDUSD,2018-12-06 04:00:00+00:00,-0.3765258771929856,-0.3765258771929856,False,-0.3765258771929856,True,-0.3765258771929856,False,-0.271884504820324
AUDUSD,2018-12-19 20:00:00+00:00,0.8350768777614304,0.8350768777614304,False,0.8350768777614304,False,0.8350768777614304,False,0.8350768777614304
AUDUSD,2019-01-04 16:00:00+00:00,1.0935255989911647,0.9864020176544663,True,1.0771419924337922,True,1.0935255989911647,False,1.0049839082183578
AUDUSD,2019-01-16 12:00:00+00:00,-1.2114411764705897,-1.2114411764705897,False,-1.2114411764705897,False,-1.2114411764705897,False,-1.281445736550583
AUDUSD,2019-01-30 20:00:00+00:00,-1.108313857677903,-1.108313857677903,False,-1.108313857677903,False,-1.108313857677903,False,-1.108313857677903
AUDUSD,2019-02-06 04:00:00+00:00,0.2163046857142883,0.2163046857142883,False,0.2163046857142883,False,0.2163046857142883,False,0.3172223892104617
AUDUSD,2019-03-06 04:00:00+00:00,-0.568285191347751,-0.568285191347751,False,-0.568285191347751,False,-0.568285191347751,False,-1.1491402600452725
AUDUSD,2019-03-18 04:00:00+00:00,-1.2747419354838718,-1.2747419354838718,False,-1.2747419354838718,True,-1.2747419354838718,False,-1.1976488709779727
AUDUSD,2019-04-24 04:00:00+00:00,-0.4495505681818136,-0.4495505681818136,False,-0.4495505681818136,False,-0.4495505681818136,False,-0.4495505681818136
AUDUSD,2019-05-01 20:00:00+00:00,0.3623444705882133,0.3623444705882133,False,0.3623444705882133,False,0.3623444705882133,False,0.3623444705882133
AUDUSD,2019-06-03 04:00:00+00:00,1.6908560885608845,1.6908560885608845,False,0.3816789667896835,True,0.3816789667896835,True,1.7086269561620244
AUDUSD,2019-06-13 04:00:00+00:00,1.743818633540373,1.743818633540373,False,1.743818633540373,False,1.743818633540373,False,1.755747086957456
AUDUSD,2019-06-14 16:00:00+00:00,-1.2709659016393444,-1.2709659016393444,False,-1.2709659016393444,False,-1.2709659016393444,False,-1.2709659016393444
AUDUSD,2019-07-01 16:00:00+00:00,-1.2386136752136743,-1.2386136752136743,True,-1.2386136752136743,True,-1.2386136752136743,True,-1.2386136752136743
AUDUSD,2019-07-18 20:00:00+00:00,-1.2446612716762993,-1.2446612716762993,False,-1.2446612716762993,False,-1.2446612716762993,False,-1.2035197264700812
AUDUSD,2019-07-23 16:00:00+00:00,1.7345828571428559,1.7345828571428559,False,1.6456406349206503,True,1.6456406349206503,True,1.7345828571428559
AUDUSD,2019-07-26 16:00:00+00:00,1.626142986425347,1.626142986425347,False,1.626142986425347,False,1.626142986425347,False,1.626142986425347
AUDUSD,2019-07-31 20:00:00+00:00,1.8454982922201137,1.8454982922201137,False,1.8454982922201137,False,1.8454982922201137,False,1.8454982922201137
AUDUSD,2019-08-01 20:00:00+00:00,-0.1805891640866807,-0.1805891640866807,False,-0.1805891640866807,False,-0.1805891640866807,False,-0.1805891640866807
AUDUSD,2019-08-07 04:00:00+00:00,-1.0978188633615478,-1.0978188633615478,False,-1.0978188633615478,False,-1.0978188633615478,False,-1.0978188633615478
AUDUSD,2019-09-03 16:00:00+00:00,1.7229836734693824,1.7229836734693824,False,1.7229836734693824,False,1.7229836734693824,False,1.4649374152893229
AUDUSD,2019-09-06 16:00:00+00:00,0.8188648854961308,0.8188648854961308,False,0.8188648854961308,False,0.8188648854961308,False,0.8188648854961308
AUDUSD,2019-09-17 04:00:00+00:00,-1.3199634241245046,-1.3199634241245046,False,-1.3199634241245046,True,-1.3199634241245046,False,-1.309171893437299
AUDUSD,2019-09-19 04:00:00+00:00,0.697645970149257,0.697645970149257,False,0.697645970149257,True,0.697645970149257,False,0.697645970149257
AUDUSD,2019-10-01 08:00:00+00:00,-0.6981226736566267,-0.6981226736566267,False,-0.6981226736566267,False,-0.6981226736566267,False,-0.6981226736566267
AUDUSD,2019-10-17 12:00:00+00:00,-0.04375309278352368,-0.04375309278352368,False,-0.04375309278352368,False,-0.04375309278352368,False,-0.04375309278352368
AUDUSD,2019-10-31 04:00:00+00:00,-1.287983333333334,-1.287983333333334,False,-1.287983333333334,False,-1.287983333333334,False,-1.287983333333334
AUDUSD,2019-11-14 04:00:00+00:00,-0.17642995391703045,-0.17642995391703045,False,-0.17642995391703045,False,-0.17642995391703045,False,-0.17642995391703045
AUDUSD,2019-11-25 16:00:00+00:00,-1.3857203791469295,-1.3857203791469295,False,-1.3857203791469295,False,-1.3857203791469295,False,-1.2777194162870487
AUDUSD,2019-12-02 16:00:00+00:00,0.29297551020408136,0.29297551020408136,False,0.29297551020408136,True,0.29297551020408136,True,0.30682755410078927
AUDUSD,2019-12-03 04:00:00+00:00,-1.3457139240506353,-1.3457139240506353,False,-1.3457139240506353,True,-1.3457139240506353,True,-1.3457139240506353
AUDUSD,2019-12-11 20:00:00+00:00,-1.2216161290322614,-1.2216161290322614,False,-1.2216161290322614,False,-1.2216161290322614,False,-1.2216161290322614
AUDUSD,2020-01-07 08:00:00+00:00,-0.3745444444444297,1.1152377777777507,True,0.8345138888888779,True,0.8345138888888779,True,1.6338454310470485
AUDUSD,2020-01-30 16:00:00+00:00,-1.2931687272727241,-1.2931687272727241,False,-1.2931687272727241,False,-1.2931687272727241,False,-1.2931687272727241
AUDUSD,2020-02-20 04:00:00+00:00,1.23021525129985,1.23021525129985,False,1.23021525129985,False,1.23021525129985,False,1.23021525129985
AUDUSD,2020-02-28 04:00:00+00:00,1.842430769230771,1.842430769230771,False,1.842430769230771,False,1.842430769230771,False,1.842430769230771
AUDUSD,2020-03-12 16:00:00+00:00,1.9313786839666356,1.9313786839666356,False,1.9313786839666356,False,1.9313786839666356,False,1.9313786839666356
AUDUSD,2020-03-13 16:00:00+00:00,1.9530467752443001,1.9530467752443001,False,1.9530467752443001,False,1.9530467752443001,False,1.9530467752443001
AUDUSD,2020-03-19 04:00:00+00:00,-1.0278127294981638,-1.0278127294981638,False,-1.0278127294981638,False,-1.0278127294981638,False,-1.0278127294981638
AUDUSD,2020-04-07 08:00:00+00:00,1.9085579586877275,1.9085579586877275,False,2.6432323207776593,True,2.6432323207776593,True,1.9371224896083423
AUDUSD,2020-04-09 16:00:00+00:00,-0.16809126691266965,-0.16809126691266965,False,-0.16809126691266965,True,-0.16809126691266965,True,-0.16809126691266965
AUDUSD,2020-05-26 12:00:00+00:00,-1.1950294840294833,-1.1950294840294833,False,-1.1950294840294833,False,-1.1950294840294833,False,-1.1950294840294833
AUDUSD,2020-07-21 12:00:00+00:00,1.7481486725663722,1.7481486725663722,False,1.7481486725663722,False,1.7481486725663722,False,1.7481486725663722
AUDUSD,2020-07-22 12:00:00+00:00,-1.1475204819277114,-1.1475204819277114,False,-1.1475204819277114,False,-1.1475204819277114,False,-1.1475204819277114
AUDUSD,2020-09-21 16:00:00+00:00,1.84063599257885,1.84063599257885,False,1.84063599257885,False,1.84063599257885,False,1.84063599257885
AUDUSD,2020-10-09 16:00:00+00:00,-1.1720520874751499,-1.1720520874751499,False,-1.1720520874751499,False,-1.1720520874751499,False,-1.1769015480616605
AUDUSD,2020-10-21 16:00:00+00:00,-1.222471540469974,-1.222471540469974,False,-1.222471540469974,True,-1.222471540469974,False,-1.122724650847513
AUDUSD,2020-10-28 12:00:00+00:00,-1.1416717607973417,-1.1416717607973417,False,-1.1416717607973417,False,-1.1416717607973417,False,1.6633096134078498
AUDUSD,2020-11-03 12:00:00+00:00,-1.1332892018779341,-1.1332892018779341,False,-1.1332892018779341,True,-1.1332892018779341,False,1.7577929516374464
AUDUSD,2020-11-04 00:00:00+00:00,-1.1426139303482592,-1.1426139303482592,False,-1.1426139303482592,True,-1.1426139303482592,False,-1.1011936485546516
AUDUSD,2020-12-21 08:00:00+00:00,-1.1879941908713718,-1.1879941908713718,False,-1.1879941908713718,True,-1.1879941908713718,False,-1.157339130558101
AUDUSD,2020-12-30 04:00:00+00:00,1.7605142857142801,1.7605142857142801,False,1.7605142857142801,False,1.7605142857142801,False,1.7214950038371934
AUDUSD,2020-12-31 12:00:00+00:00,-1.209541176470584,-1.209541176470584,False,-1.209541176470584,False,-1.209541176470584,False,-1.209541176470584
AUDUSD,2021-01-06 08:00:00+00:00,-1.1843375494071162,-1.1843375494071162,False,-1.1843375494071162,False,-1.1843375494071162,False,-1.112416617949627
AUDUSD,2021-02-05 16:00:00+00:00,1.83500320855615,1.83500320855615,False,1.5446249554367169,True,1.83500320855615,False,1.4210034302626562
AUDUSD,2021-02-08 16:00:00+00:00,1.1204869109947562,1.1204869109947562,False,1.1204869109947562,False,1.1204869109947562,False,1.3685719225407387
AUDUSD,2021-02-19 12:00:00+00:00,1.7910410596026505,1.7910410596026505,False,1.7910410596026505,False,1.7910410596026505,False,1.7910410596026505
AUDUSD,2021-02-26 12:00:00+00:00,0.7499922755741253,0.7499922755741253,False,0.7499922755741253,True,0.7499922755741253,False,0.7499922755741253
AUDUSD,2021-03-17 20:00:00+00:00,-1.0894357692307695,-1.0894357692307695,False,-1.0894357692307695,False,-1.0894357692307695,False,-1.1506505333759431
AUDUSD,2021-03-23 20:00:00+00:00,0.4231228007181348,0.4231228007181348,False,0.4231228007181348,False,0.4231228007181348,False,0.4231228007181348
AUDUSD,2021-04-14 16:00:00+00:00,0.2930127490039742,0.2930127490039742,False,1.4875147410358418,True,0.2930127490039742,False,0.2930127490039742
AUDUSD,2021-04-15 08:00:00+00:00,-1.1981794871794864,-1.1981794871794864,False,1.123076495726474,True,-1.1981794871794864,False,-1.1981794871794864
AUDUSD,2021-04-19 08:00:00+00:00,-1.2472670212765966,-1.2472670212765966,False,1.022646808510644,True,-1.2472670212765966,False,1.5277747229114085
AUDUSD,2021-04-20 04:00:00+00:00,-1.2594200000000046,-1.2594200000000046,False,-1.2594200000000046,False,-1.2594200000000046,False,-1.173401282645291
AUDUSD,2021-04-30 16:00:00+00:00,-1.1887756097560962,-1.1887756097560962,False,-1.1887756097560962,True,-1.1887756097560962,True,-1.2892676819889328
AUDUSD,2021-05-07 16:00:00+00:00,-1.0998536741214058,-1.0998536741214058,False,-1.0998536741214058,False,-1.0998536741214058,False,-1.1431742427164011
AUDUSD,2021-05-12 16:00:00+00:00,-0.3515934918648278,-0.3515934918648278,False,-0.3515934918648278,True,-0.3515934918648278,True,-1.2311695192388554
AUDUSD,2021-05-26 04:00:00+00:00,-1.2384025575447521,-1.2384025575447521,True,-1.2384025575447521,False,-1.2384025575447521,False,-1.2901612208164146
AUDUSD,2021-06-03 16:00:00+00:00,-1.134836842105264,-1.134836842105264,False,-1.134836842105264,False,-1.134836842105264,False,-1.134836842105264
AUDUSD,2021-06-11 16:00:00+00:00,1.7743115479115426,1.7743115479115426,False,1.7743115479115426,False,1.7743115479115426,False,1.8159170013142751
AUDUSD,2021-06-16 20:00:00+00:00,0.33122215568863217,0.33122215568863217,False,0.33122215568863217,False,0.33122215568863217,False,0.33122215568863217
AUDUSD,2021-06-17 12:00:00+00:00,-0.3845010169491562,-0.3845010169491562,False,-0.3845010169491562,False,-0.3845010169491562,False,-0.3845010169491562
AUDUSD,2021-06-29 12:00:00+00:00,1.7184589341692813,1.7184589341692813,False,1.7184589341692813,False,1.7184589341692813,False,1.7184589341692813
AUDUSD,2021-07-01 16:00:00+00:00,-1.246231780821915,-1.246231780821915,False,-1.246231780821915,False,-1.246231780821915,False,-1.246231780821915
AUDUSD,2021-08-06 16:00:00+00:00,-0.6543710526315757,-0.6543710526315757,False,-0.6543710526315757,False,-0.6543710526315757,False,-1.282042480084091
AUDUSD,2021-08-17 04:00:00+00:00,1.7173902912621395,1.7173902912621395,False,1.7173902912621395,False,1.7173902912621395,False,1.7683807431264646
AUDUSD,2021-08-17 16:00:00+00:00,1.7878676470588222,1.7878676470588222,False,1.7878676470588222,False,1.7878676470588222,False,1.7878676470588222
AUDUSD,2021-08-27 16:00:00+00:00,1.8786701369863026,1.8786701369863026,False,1.8786701369863026,False,1.8786701369863026,False,1.8786701369863026
AUDUSD,2021-09-01 08:00:00+00:00,1.7454793103448303,1.7454793103448303,False,1.7454793103448303,False,1.7454793103448303,False,1.5870251038991474
AUDUSD,2021-09-03 08:00:00+00:00,-1.3189440860214974,-1.3189440860214974,False,-1.3189440860214974,False,-1.3189440860214974,False,-1.3189440860214974
AUDUSD,2021-09-29 16:00:00+00:00,-1.180697703549062,-1.180697703549062,False,-1.180697703549062,False,-1.180697703549062,False,-1.12930008942804
AUDUSD,2021-10-19 04:00:00+00:00,1.7287818731117854,1.7287818731117854,False,1.7287818731117854,False,1.7287818731117854,False,1.7342621499576907
AUDUSD,2021-10-20 16:00:00+00:00,-1.2901909677419363,-1.2901909677419363,False,-1.2901909677419363,False,-1.2901909677419363,False,-1.2901909677419363
AUDUSD,2021-11-19 12:00:00+00:00,1.819872233820458,1.819872233820458,False,1.819872233820458,False,1.819872233820458,False,1.819872233820458
AUDUSD,2021-11-26 04:00:00+00:00,1.7618134078212309,1.7618134078212309,False,1.7618134078212309,False,1.7618134078212309,False,1.7618134078212309
AUDUSD,2021-11-30 16:00:00+00:00,-1.1092942528735632,-1.1092942528735632,False,-1.1092942528735632,False,-1.1092942528735632,False,-1.234686574712009
AUDUSD,2021-12-03 16:00:00+00:00,-1.1131481283422453,-1.1131481283422453,False,-1.1131481283422453,False,-1.1131481283422453,False,-1.1131481283422453
AUDUSD,2021-12-22 16:00:00+00:00,1.0257423558897028,1.0257423558897028,False,1.0257423558897028,True,1.0257423558897028,True,1.0140944206321219
AUDUSD,2022-01-03 16:00:00+00:00,-1.1408263414634148,-1.1408263414634148,False,-1.1408263414634148,True,-1.1408263414634148,False,-1.1750836422350939
AUDUSD,2022-01-12 16:00:00+00:00,-1.1423947540983608,-1.1423947540983608,False,-1.1423947540983608,True,-1.1423947540983608,True,-1.1423947540983608
AUDUSD,2022-02-10 16:00:00+00:00,-1.0959979977753065,-1.0959979977753065,False,-1.0959979977753065,False,-1.0959979977753065,False,-1.0959979977753065
AUDUSD,2022-02-24 16:00:00+00:00,-1.1057185185185185,-1.1057185185185185,False,-1.1057185185185185,False,-1.1057185185185185,False,-1.2380321105157008
AUDUSD,2022-03-08 08:00:00+00:00,-1.1656442344045397,-1.1656442344045397,True,-1.1656442344045397,False,-1.1656442344045397,False,-1.1656442344045397
AUDUSD,2022-03-14 04:00:00+00:00,-1.1957318385650217,-1.1957318385650217,False,-1.1957318385650217,False,-1.1957318385650217,False,-1.1980621585427567
AUDUSD,2022-03-17 16:00:00+00:00,1.8416148936170238,1.8416148936170238,False,1.8416148936170238,False,1.8416148936170238,False,1.4374571857223732
AUDUSD,2022-04-04 16:00:00+00:00,1.7789495145631076,1.7789495145631076,False,1.7789495145631076,False,1.7789495145631076,False,1.8243865489860434
AUDUSD,2022-04-05 08:00:00+00:00,-1.095886828240253,-1.095886828240253,False,-1.095886828240253,False,-1.095886828240253,False,-1.095886828240253
AUDUSD,2022-04-18 04:00:00+00:00,-1.2246923857868053,-1.2246923857868053,False,-1.2246923857868053,True,-1.2246923857868053,True,-1.2246923857868053
AUDUSD,2022-04-22 16:00:00+00:00,1.8337561538461569,1.8337561538461569,False,1.6759692307691858,True,1.8337561538461569,False,1.8337561538461569
AUDUSD,2022-04-25 04:00:00+00:00,1.821567500000001,1.821567500000001,False,1.821567500000001,False,1.821567500000001,False,1.821567500000001
AUDUSD,2022-05-04 20:00:00+00:00,-1.0654209249431386,-1.0654209249431386,False,-1.0654209249431386,True,-1.0654209249431386,True,-1.0654209249431386
AUDUSD,2022-06-09 16:00:00+00:00,1.8526045217391311,1.8526045217391311,False,1.8526045217391311,False,1.8526045217391311,False,1.8714382033549781
AUDUSD,2022-06-10 16:00:00+00:00,1.8946115869017626,1.8946115869017626,False,1.8946115869017626,False,1.8946115869017626,False,1.8946115869017626
AUDUSD,2022-06-14 12:00:00+00:00,-1.1206470930232557,-1.1206470930232557,False,-1.1206470930232557,False,-1.1206470930232557,False,-1.1206470930232557
AUDUSD,2022-07-01 04:00:00+00:00,-0.06315028089887886,-0.06315028089887886,False,-0.06315028089887886,False,-0.06315028089887886,False,-0.06049946749268047
AUDUSD,2022-07-27 20:00:00+00:00,-1.1015036496350363,-1.1015036496350363,False,-1.1015036496350363,True,-1.1015036496350363,True,-1.1528434752443262
AUDUSD,2022-08-10 16:00:00+00:00,-1.066888114104596,-1.066888114104596,False,-1.066888114104596,True,-1.066888114104596,True,-1.066888114104596
AUDUSD,2022-09-01 16:00:00+00:00,-1.1408282758620683,-1.1408282758620683,False,-1.1408282758620683,False,-1.1408282758620683,False,-1.1408282758620683
AUDUSD,2022-10-21 16:00:00+00:00,0.13635083440307721,0.13635083440307721,False,0.13635083440307721,True,0.13635083440307721,False,-1.128678609435166
AUDUSD,2022-10-26 08:00:00+00:00,-1.104752510176391,-1.104752510176391,False,-1.104752510176391,True,-1.104752510176391,False,-1.0876375000045126
AUDUSD,2022-11-10 16:00:00+00:00,0.22593287937743167,0.22593287937743167,False,0.22593287937743167,False,0.22593287937743167,False,0.22593287937743167
AUDUSD,2022-11-30 20:00:00+00:00,-1.0804638805970148,-1.0804638805970148,False,-1.0804638805970148,False,-1.0804638805970148,False,-1.2873259714637764
AUDUSD,2022-12-13 16:00:00+00:00,-1.064844250594766,-1.064844250594766,False,-1.064844250594766,False,-1.064844250594766,False,-1.064844250594766
AUDUSD,2023-01-03 12:00:00+00:00,-1.0900060066740818,-1.0900060066740818,False,-1.0900060066740818,True,-1.0900060066740818,False,-1.2098971573798711
AUDUSD,2023-01-04 08:00:00+00:00,-1.117700288184439,-1.117700288184439,False,-1.117700288184439,False,-1.117700288184439,False,-1.193697131460426
AUDUSD,2023-01-25 04:00:00+00:00,-1.1368290322580648,-1.1368290322580648,False,-1.1368290322580648,False,-1.1368290322580648,False,-1.1368290322580648
AUDUSD,2023-02-24 16:00:00+00:00,-1.18145291479821,-1.18145291479821,False,-1.18145291479821,False,-1.18145291479821,False,-1.18145291479821
AUDUSD,2023-03-07 12:00:00+00:00,1.8307257995735597,1.8307257995735597,False,1.8307257995735597,False,1.8307257995735597,False,-0.146837252348555
AUDUSD,2023-03-07 16:00:00+00:00,-1.1244718749999985,-1.1244718749999985,False,-1.1244718749999985,False,-1.1244718749999985,False,-1.1244718749999985
AUDUSD,2023-03-24 12:00:00+00:00,-1.1531586206896585,-1.1531586206896585,False,-1.1531586206896585,False,-1.1531586206896585,False,-1.1531586206896585
AUDUSD,2023-04-03 12:00:00+00:00,-1.1140152542372885,-1.1140152542372885,False,-1.1140152542372885,False,-1.1140152542372885,False,-1.1216899710072654
AUDUSD,2023-04-13 16:00:00+00:00,-1.178554185022027,-1.178554185022027,False,-1.178554185022027,True,-1.178554185022027,False,-1.178554185022027
AUDUSD,2023-05-02 08:00:00+00:00,0.6515135278514527,0.6515135278514527,False,0.6515135278514527,False,0.6515135278514527,False,-1.1959854358336153
AUDUSD,2023-05-11 08:00:00+00:00,1.8215973333333313,1.5278465556252439,True,1.5258644444444767,True,1.5258644444444767,True,1.6338913396120294
AUDUSD,2023-05-11 16:00:00+00:00,1.1071411184210633,1.1071411184210633,False,1.103849671052639,True,1.103849671052639,True,1.0353783266403145
AUDUSD,2023-05-24 16:00:00+00:00,1.3148207048458258,1.3148207048458258,False,1.3148207048458258,False,1.3148207048458258,False,1.3148207048458258
AUDUSD,2023-06-01 16:00:00+00:00,1.88376443148688,1.038790670553945,True,1.2142490048526304,True,1.2142490048526304,True,1.8550176282554658
AUDUSD,2023-06-14 16:00:00+00:00,-1.1823651785714315,-1.1823651785714315,False,-1.1823651785714315,False,-1.1823651785714315,False,-1.1823651785714315
AUDUSD,2023-06-15 16:00:00+00:00,-1.099684671532848,-1.099684671532848,False,-1.099684671532848,False,-1.099684671532848,False,-1.1797427802837201
AUDUSD,2023-06-23 04:00:00+00:00,1.1976588039866995,1.1976588039866995,False,1.00319003322258,True,1.00319003322258,True,1.1976588039866995
AUDUSD,2023-07-12 16:00:00+00:00,-0.28085056526207075,-0.28085056526207075,False,-0.28085056526207075,False,-0.28085056526207075,False,-0.28085056526207075
AUDUSD,2023-07-27 04:00:00+00:00,-1.1628184,-1.1628184,False,-1.1628184,True,-1.1628184,False,-1.1628184
AUDUSD,2023-08-23 16:00:00+00:00,-1.1350944055944068,-1.1350944055944068,False,-1.1350944055944068,True,-1.1350944055944068,True,-1.1664263821421454
AUDUSD,2023-09-05 08:00:00+00:00,-1.1428267657992581,-1.1428267657992581,False,-1.1428267657992581,False,-1.1428267657992581,False,-1.2692633326196767
AUDUSD,2023-09-15 04:00:00+00:00,-1.2137325966850856,-1.2137325966850856,False,-1.2137325966850856,True,-1.2137325966850856,True,-1.1474729235755534
AUDUSD,2023-10-12 16:00:00+00:00,0.017314323607419958,0.017314323607419958,False,0.017314323607419958,False,0.017314323607419958,False,0.017314323607419958
AUDUSD,2023-11-03 16:00:00+00:00,-1.1246719101123603,-1.1246719101123603,False,-1.1246719101123603,False,-1.1246719101123603,False,-1.1246719101123603
AUDUSD,2023-11-09 20:00:00+00:00,-1.1349135325131816,-1.1349135325131816,False,-1.1349135325131816,False,-1.1349135325131816,False,-1.2094188357137599
AUDUSD,2023-11-14 16:00:00+00:00,0.5624998489425939,0.5624998489425939,False,0.5624998489425939,False,0.5624998489425939,False,1.835314009910704
AUDUSD,2023-11-20 04:00:00+00:00,0.32280997920997484,0.32280997920997484,False,0.32280997920997484,False,0.32280997920997484,False,0.32280997920997484
AUDUSD,2023-12-13 20:00:00+00:00,0.7439694949494945,0.7439694949494945,False,0.7439694949494945,False,0.7439694949494945,False,0.7439694949494945
AUDUSD,2023-12-14 04:00:00+00:00,0.5146982857142796,0.5146982857142796,False,0.5146982857142796,False,0.5146982857142796,False,0.5146982857142796
AUDUSD,2024-01-11 16:00:00+00:00,-1.1293053140096632,-1.1293053140096632,False,-1.1293053140096632,True,-1.1293053140096632,True,-1.2838254537735165
AUDUSD,2024-01-16 04:00:00+00:00,1.790709814323604,1.790709814323604,False,1.0767538461538688,True,1.0767538461538688,True,1.790709814323604
AUDUSD,2024-02-13 16:00:00+00:00,-1.1011447470817122,-1.1011447470817122,False,-1.1011447470817122,False,-1.1011447470817122,False,-1.1011447470817122
AUDUSD,2024-02-20 12:00:00+00:00,-1.3140927999999927,-1.3140927999999927,False,0.8805895999999546,True,0.8805895999999546,True,-0.342909301106009
AUDUSD,2024-02-22 08:00:00+00:00,-1.1908508474576285,-1.1908508474576285,False,-1.1908508474576285,True,-1.1908508474576285,True,-1.3152737339535097
AUDUSD,2024-03-06 16:00:00+00:00,1.8267729257641934,1.8267729257641934,False,1.8267729257641934,False,1.8267729257641934,False,1.8241152707627994
AUDUSD,2024-03-14 16:00:00+00:00,-1.1723486956521763,1.4835917391304563,True,-1.1723486956521763,True,-1.1723486956521763,True,-1.1723486956521763
AUDUSD,2024-03-20 20:00:00+00:00,-1.1351835051546406,-1.1351835051546406,False,-1.1351835051546406,False,-1.1351835051546406,False,-1.2102695581573608
AUDUSD,2024-04-01 16:00:00+00:00,-1.2149107438016515,-1.2149107438016515,False,-1.2149107438016515,False,-1.2149107438016515,False,-1.1841823727517187
AUDUSD,2024-04-03 16:00:00+00:00,-1.1697116883116898,-1.1697116883116898,False,-1.1697116883116898,False,-1.1697116883116898,False,1.7297188340719045
AUDUSD,2024-04-10 16:00:00+00:00,0.7080411006018867,0.7080411006018867,False,0.7080411006018867,False,0.7080411006018867,False,-1.2093713666355654
AUDUSD,2024-05-15 16:00:00+00:00,-1.0400957303370635,-1.0400957303370635,False,-1.0400957303370635,False,-1.0400957303370635,False,-1.0400957303370635
AUDUSD,2024-06-07 16:00:00+00:00,-1.0965359223300968,-1.0965359223300968,False,-1.0965359223300968,False,-1.0965359223300968,False,-1.3129252654376424
AUDUSD,2024-06-12 16:00:00+00:00,-1.0880359426681365,-1.0880359426681365,False,-1.0880359426681365,False,-1.0880359426681365,False,-1.2078791180275315
AUDUSD,2024-07-03 16:00:00+00:00,0.4117269311064761,0.4117269311064761,False,0.4117269311064761,False,0.4117269311064761,False,0.4094241817809817
AUDUSD,2024-08-23 16:00:00+00:00,-1.151959849906193,-1.151959849906193,False,-1.151959849906193,False,-1.151959849906193,False,-1.2505005900696708
AUDUSD,2024-09-06 16:00:00+00:00,-0.48126782988004324,-0.48126782988004324,False,-0.48126782988004324,True,-0.48126782988004324,True,-1.2419461772552198
AUDUSD,2024-10-04 16:00:00+00:00,1.8273049040511715,1.8273049040511715,False,1.791035820895544,True,0.7072302771854984,True,1.7830628109906685
AUDUSD,2024-10-07 16:00:00+00:00,0.7171061224490108,0.7171061224490108,False,1.196985714285753,True,1.196985714285753,True,0.7171061224490108
AUDUSD,2024-11-06 04:00:00+00:00,-1.0634697749196147,-1.0634697749196147,False,-1.0634697749196147,False,-1.0634697749196147,False,-1.1788512385869045
AUDUSD,2024-11-07 16:00:00+00:00,-1.1416489361702133,-1.1416489361702133,False,-1.1416489361702133,True,-1.1416489361702133,True,-1.1360737993043835
AUDUSD,2024-11-26 00:00:00+00:00,-1.1801444444444449,-1.1801444444444449,False,-1.1801444444444449,False,-1.1801444444444449,False,-1.1727931818261639
AUDUSD,2024-12-02 16:00:00+00:00,-1.1627911949685554,-1.1627911949685554,False,-1.1627911949685554,False,-1.1627911949685554,False,-1.1627911949685554
AUDUSD,2024-12-04 04:00:00+00:00,0.32954258503401856,0.32954258503401856,False,0.32954258503401856,False,0.32954258503401856,False,-1.1424759238306477
AUDUSD,2025-02-03 04:00:00+00:00,-1.133405807622504,-1.133405807622504,False,-1.133405807622504,False,-1.133405807622504,False,-1.133405807622504
AUDUSD,2025-02-27 16:00:00+00:00,-1.155692561983469,-1.155692561983469,False,-1.155692561983469,False,-1.155692561983469,False,-1.155692561983469
AUDUSD,2025-04-03 12:00:00+00:00,-1.1420407476635523,-1.1420407476635523,False,-1.1420407476635523,False,-1.1420407476635523,False,-1.1420407476635523
AUDUSD,2025-04-04 16:00:00+00:00,-1.0757386528497406,-1.0757386528497406,False,-1.0757386528497406,False,-1.0757386528497406,False,-1.0757386528497406
AUDUSD,2025-04-09 20:00:00+00:00,1.4927270103092714,1.4927270103092714,False,1.0634314776632188,True,1.0634314776632188,True,1.9383037670840433
AUDUSD,2025-05-13 16:00:00+00:00,-1.1170545454545446,-1.1170545454545446,False,-1.1170545454545446,False,-1.1170545454545446,False,-1.140155534350944
AUDUSD,2025-06-23 04:00:00+00:00,-1.1776470046082945,-1.1776470046082945,False,-1.1776470046082945,False,-1.1776470046082945,False,-1.1776470046082945
AUDUSD,2025-06-30 16:00:00+00:00,-1.1719820568927803,-1.1719820568927803,False,-1.1719820568927803,False,-1.1719820568927803,False,-1.1719820568927803
AUDUSD,2025-07-07 04:00:00+00:00,-1.2085382978723411,-1.2085382978723411,False,-1.2085382978723411,True,-1.2085382978723411,True,-1.2986513586920445
AUDUSD,2025-07-30 16:00:00+00:00,-1.2048437994722976,-1.2048437994722976,False,-1.2048437994722976,True,-1.2048437994722976,True,-1.1463455829042766
AUDUSD,2025-08-19 16:00:00+00:00,-1.213507692307687,-1.213507692307687,False,-1.213507692307687,False,-1.213507692307687,False,-1.1703563217346804
AUDUSD,2025-09-02 08:00:00+00:00,-1.1992045801526667,-1.1992045801526667,False,-1.1992045801526667,True,-1.1992045801526667,True,-1.3047540144645924
AUDUSD,2025-09-11 16:00:00+00:00,-0.7600845814977903,-0.7600845814977903,False,-0.7600845814977903,False,-0.7600845814977903,False,-0.7600845814977903
AUDUSD,2025-09-18 16:00:00+00:00,1.4010756345177962,1.4010756345177962,True,0.9210923857868382,True,1.4010756345177962,True,1.7142117857053851
AUDUSD,2025-09-25 16:00:00+00:00,-1.2271060518732004,-1.2271060518732004,False,-1.2271060518732004,True,-1.2271060518732004,True,-1.1667464713573117
AUDUSD,2025-10-09 16:00:00+00:00,0.9616055172413803,0.9616055172413803,False,0.9616055172413803,True,0.9616055172413803,True,1.7836354291775098
AUDUSD,2025-10-10 16:00:00+00:00,0.0001960665658098292,0.0001960665658098292,False,0.0001960665658098292,False,0.0001960665658098292,False,0.0001960665658098292
AUDUSD,2025-10-14 08:00:00+00:00,-1.174656629213485,-1.174656629213485,False,-1.174656629213485,False,-1.174656629213485,False,-1.174656629213485
AUDUSD,2025-10-28 16:00:00+00:00,-1.2380948640483358,-1.2380948640483358,False,-1.2380948640483358,False,-1.2380948640483358,False,-1.2380948640483358
AUDUSD,2025-11-26 04:00:00+00:00,1.7587483076923143,1.7587483076923143,False,2.1492830769230027,True,1.7587483076923143,False,1.2612322894585193
AUDUSD,2025-11-28 16:00:00+00:00,1.7832010958904134,1.7832010958904134,False,1.7832010958904134,False,1.7832010958904134,False,1.7312081730427886
AUDUSD,2025-12-10 20:00:00+00:00,-1.2299590778098,-1.2299590778098,False,-1.2299590778098,False,-1.2299590778098,False,-1.279566627001922
AUDUSD,2026-01-22 04:00:00+00:00,1.8402299029126208,1.8402299029126208,False,1.8402299029126208,False,1.8402299029126208,False,1.8402299029126208
AUDUSD,2026-01-27 16:00:00+00:00,1.754407017543858,1.754407017543858,False,1.754407017543858,False,1.754407017543858,False,1.754407017543858
AUDUSD,2026-02-09 16:00:00+00:00,-0.5377700757575686,-0.5377700757575686,False,-0.5377700757575686,False,-0.5377700757575686,False,-0.45490709733199136
AUDUSD,2026-02-11 04:00:00+00:00,-1.1604395480225977,-1.1604395480225977,False,-1.1604395480225977,False,-1.1604395480225977,False,-1.158483528612173
AUDUSD,2026-04-08 00:00:00+00:00,0.3914094558430013,0.3914094558430013,False,0.3914094558430013,False,0.3914094558430013,False,0.3914094558430013
AUDUSD,2026-09-10 12:00:00+00:00,1.6416500000000105,1.6416500000000105,False,1.545759166666607,True,1.545759166666607,True,1.6828654085782802
AUDUSD,2026-09-16 20:00:00+00:00,-1.1753121149897316,-1.1753121149897316,False,-1.1753121149897316,False,-1.1753121149897316,False,-1.1753121149897316
NZDUSD,2017-01-17 08:00:00+00:00,0.6552724637680934,0.6552724637680934,False,0.6552724637680934,False,0.6552724637680934,False,0.6681978199815308
NZDUSD,2017-02-07 04:00:00+00:00,-1.1437882352941173,-1.1437882352941173,False,-1.1437882352941173,False,-1.1437882352941173,False,-1.1275511421022952
NZDUSD,2017-02-09 00:00:00+00:00,0.04259923175417295,0.04259923175417295,False,0.04259923175417295,True,0.04259923175417295,True,1.78155856104752
NZDUSD,2017-02-14 16:00:00+00:00,-1.1592777777777756,-1.1592777777777756,False,-1.1592777777777756,True,-1.1592777777777756,True,-1.1527209127276365
NZDUSD,2017-03-01 00:00:00+00:00,1.788714074074074,1.788714074074074,False,1.788714074074074,False,1.788714074074074,False,1.788714074074074
NZDUSD,2017-03-15 20:00:00+00:00,0.06245652173912802,0.06245652173912802,True,0.06245652173912802,True,0.06245652173912802,True,-1.18230000568678
NZDUSD,2017-04-13 00:00:00+00:00,0.9140859857482521,0.9140859857482521,False,0.9140859857482521,True,0.9140859857482521,True,0.9140859857482521
NZDUSD,2017-04-25 08:00:00+00:00,1.7827497382198916,1.7827497382198916,False,1.7827497382198916,False,1.7827497382198916,False,1.7994770099743504
NZDUSD,2017-05-11 00:00:00+00:00,-1.0750457765667578,-1.0750457765667578,False,-1.0750457765667578,False,-1.0750457765667578,False,-1.2235696658069872
NZDUSD,2017-06-02 16:00:00+00:00,1.1004387096774197,1.1004387096774197,False,1.1004387096774197,False,1.1004387096774197,False,1.1004387096774197
NZDUSD,2017-06-14 16:00:00+00:00,-1.1502096385542173,-1.1502096385542173,False,-1.1502096385542173,False,-1.1502096385542173,False,-1.1502096385542173
NZDUSD,2017-07-06 12:00:00+00:00,-1.213732352941178,-1.213732352941178,False,-1.213732352941178,True,-1.213732352941178,True,-1.2262500367741591
NZDUSD,2017-07-20 16:00:00+00:00,1.8139725000000013,1.8139725000000013,False,1.8139725000000013,False,1.8139725000000013,False,1.8774731916608334
NZDUSD,2017-08-02 00:00:00+00:00,1.8167180124223603,1.8167180124223603,False,0.9942786749482343,True,0.9942786749482343,True,1.3547476169104444
NZDUSD,2017-08-08 16:00:00+00:00,1.7938122641509446,1.7938122641509446,False,1.9377665094339622,True,1.9377665094339622,True,1.7938122641509446
NZDUSD,2017-08-10 04:00:00+00:00,-0.6205677419354841,-0.6205677419354841,False,1.2152104838709799,True,1.2152104838709799,True,-0.6205677419354841
NZDUSD,2017-08-10 08:00:00+00:00,-1.1616728280961175,-1.1616728280961175,False,-1.1616728280961175,False,-1.1616728280961175,False,-1.1616728280961175
NZDUSD,2017-08-15 16:00:00+00:00,-1.1902812227074224,-1.1902812227074224,False,-1.1902812227074224,False,-1.1902812227074224,False,-1.260457900106385
NZDUSD,2017-08-23 04:00:00+00:00,-1.2130205378973085,-1.2130205378973085,False,-1.2130205378973085,False,-1.2130205378973085,False,-1.2706422171729692
NZDUSD,2017-08-29 12:00:00+00:00,-1.1851273885350322,-1.1851273885350322,False,-1.1851273885350322,False,-1.1851273885350322,False,-1.3853119454292366
NZDUSD,2017-09-05 16:00:00+00:00,-1.1336925925925916,-1.1336925925925916,False,-1.1336925925925916,True,-1.1336925925925916,True,-1.2198593595847544
NZDUSD,2017-09-08 04:00:00+00:00,-1.1273294460641383,-1.1273294460641383,False,-1.1273294460641383,False,-1.1273294460641383,False,-1.1280390459169956
NZDUSD,2017-10-13 16:00:00+00:00,-1.1555978260869575,-1.1555978260869575,False,-1.1555978260869575,True,-1.1555978260869575,True,-1.1970098854981739
NZDUSD,2017-10-19 08:00:00+00:00,1.9102964554242756,1.9102964554242756,False,1.9102964554242756,False,1.9102964554242756,False,1.6860247560038562
NZDUSD,2017-10-20 16:00:00+00:00,-1.1865492204899781,-1.1865492204899781,False,-1.1865492204899781,False,-1.1865492204899781,False,-1.1865492204899781
NZDUSD,2017-11-01 00:00:00+00:00,-0.02126094946401697,-0.02126094946401697,True,-0.02126094946401697,True,-0.02126094946401697,True,-0.04486685259086242
NZDUSD,2017-11-17 12:00:00+00:00,-1.176053448275863,-1.176053448275863,False,-1.176053448275863,False,-1.176053448275863,False,-1.176053448275863
NZDUSD,2017-12-13 16:00:00+00:00,-0.6125862962963036,-0.6125862962963036,False,-0.6125862962963036,False,-0.6125862962963036,False,-0.6125862962963036
NZDUSD,2018-01-23 16:00:00+00:00,-1.1947769911504438,-1.1947769911504438,False,-1.1947769911504438,False,-1.1947769911504438,False,-1.1277828907462109
NZDUSD,2018-01-24 12:00:00+00:00,-1.212965384615382,-1.212965384615382,False,-1.212965384615382,False,-1.212965384615382,False,-1.212965384615382
NZDUSD,2018-01-30 08:00:00+00:00,-1.1621541589648792,-1.1621541589648792,False,-1.1621541589648792,True,-1.1621541589648792,True,-1.1448710352945055
NZDUSD,2018-02-14 04:00:00+00:00,-1.1445960396039616,-1.1445960396039616,False,-1.1445960396039616,False,-1.1445960396039616,False,-1.1445960396039616
NZDUSD,2018-03-06 12:00:00+00:00,0.76359957264956,0.76359957264956,True,0.76359957264956,True,0.76359957264956,True,0.76359957264956
NZDUSD,2018-04-03 08:00:00+00:00,1.7995588100686544,1.7995588100686544,False,1.6463327231120715,True,1.6463327231120715,True,1.7995588100686544
NZDUSD,2018-04-18 08:00:00+00:00,-1.3317366037735936,-1.3317366037735936,False,-1.3317366037735936,True,-1.3317366037735936,True,1.741486667171932
NZDUSD,2018-05-08 12:00:00+00:00,1.7749545945945902,1.7749545945945902,False,1.7749545945945902,False,1.7749545945945902,False,1.70657929007402
NZDUSD,2018-05-10 00:00:00+00:00,-1.153198165137616,-1.153198165137616,False,-1.153198165137616,False,-1.153198165137616,False,-1.153198165137616
NZDUSD,2018-05-30 12:00:00+00:00,1.4778833333333374,1.4778833333333374,False,1.4778833333333374,True,1.4778833333333374,True,1.193966255530154
NZDUSD,2018-06-04 12:00:00+00:00,-1.2487876106194689,-1.2487876106194689,False,-1.2487876106194689,True,-1.2487876106194689,True,-1.2487876106194689
NZDUSD,2018-07-11 12:00:00+00:00,-1.2401976470588265,-1.2401976470588265,False,-1.2401976470588265,False,-1.2401976470588265,False,-1.2401976470588265
NZDUSD,2018-07-13 08:00:00+00:00,-1.238609411764701,-1.238609411764701,False,-1.238609411764701,False,-1.238609411764701,False,-1.1823693131800148
NZDUSD,2018-07-17 04:00:00+00:00,-1.1229421686746992,-1.1229421686746992,False,-1.1229421686746992,True,-1.1229421686746992,False,-1.1229421686746992
NZDUSD,2018-08-09 00:00:00+00:00,1.8664375838926166,1.8664375838926166,False,1.8664375838926166,False,1.8664375838926166,False,1.8094692750620904
NZDUSD,2018-08-30 04:00:00+00:00,1.8498727272727291,1.8498727272727291,False,1.8498727272727291,False,1.8498727272727291,False,1.7686533888842195
NZDUSD,2018-09-04 08:00:00+00:00,-1.1695399141630902,-1.1695399141630902,False,-1.1695399141630902,False,-1.1695399141630902,False,-1.1511784485725498
NZDUSD,2018-10-04 00:00:00+00:00,1.760496296296298,1.760496296296298,False,1.760496296296298,False,1.760496296296298,False,1.760496296296298
NZDUSD,2018-10-05 16:00:00+00:00,-1.169255021834064,-1.169255021834064,False,-1.169255021834064,False,-1.169255021834064,False,-1.169255021834064
NZDUSD,2018-10-26 04:00:00+00:00,-1.1619103734439817,-1.1619103734439817,False,-1.1619103734439817,False,-1.1619103734439817,False,-1.2205918878954736
NZDUSD,2018-11-01 04:00:00+00:00,1.8578557142857128,1.8578557142857128,False,1.6283993787573727,True,1.6283993787573727,True,1.628971894582658
NZDUSD,2018-11-07 00:00:00+00:00,0.2890602122015835,0.2890602122015835,False,0.2890602122015835,False,0.2890602122015835,False,0.2890602122015835
NZDUSD,2018-11-16 16:00:00+00:00,-1.146075935828877,-1.146075935828877,False,-1.146075935828877,False,-1.146075935828877,False,-1.146075935828877
NZDUSD,2018-11-23 12:00:00+00:00,-1.215787301587301,-1.215787301587301,False,-1.215787301587301,True,-1.215787301587301,True,-1.202209575437134
NZDUSD,2018-11-28 20:00:00+00:00,0.02140000000000242,0.02140000000000242,False,0.02140000000000242,False,0.02140000000000242,False,0.02140000000000242
NZDUSD,2018-12-14 04:00:00+00:00,-1.1223032835820888,-1.1223032835820888,False,-1.1223032835820888,True,-1.1223032835820888,True,-1.1223032835820888
NZDUSD,2019-01-16 12:00:00+00:00,-0.6249406491499246,-0.6249406491499246,True,-0.6249406491499246,False,-0.6249406491499246,False,-0.7029277330911715
NZDUSD,2019-01-25 16:00:00+00:00,1.8438253308128547,1.8438253308128547,False,1.8438253308128547,False,1.8438253308128547,False,1.8134988582320786
NZDUSD,2019-01-30 20:00:00+00:00,-1.1020297029702972,-1.1020297029702972,False,-1.1020297029702972,False,-1.1020297029702972,False,-1.1020297029702972
NZDUSD,2019-02-07 00:00:00+00:00,-1.1322927066450588,-1.1322927066450588,False,-1.1322927066450588,False,-1.1322927066450588,False,-1.1322927066450588
NZDUSD,2019-02-13 04:00:00+00:00,0.1568855462184846,0.1568855462184846,False,0.1568855462184846,False,0.1568855462184846,False,0.1568855462184846
NZDUSD,2019-03-06 04:00:00+00:00,-1.1994470588235306,-1.1994470588235306,False,-1.1994470588235306,False,-1.1994470588235306,False,-1.1994470588235306
NZDUSD,2019-03-27 04:00:00+00:00,0.18584677846424635,0.18584677846424635,False,0.18584677846424635,False,0.18584677846424635,False,0.18584677846424635
NZDUSD,2019-04-24 04:00:00+00:00,-1.192783050847454,-1.192783050847454,False,-1.192783050847454,False,-1.192783050847454,False,-1.192783050847454
NZDUSD,2019-05-01 20:00:00+00:00,1.8296492440604721,1.8296492440604721,False,1.8296492440604721,False,1.8296492440604721,False,1.8296492440604721
NZDUSD,2019-06-03 20:00:00+00:00,1.7228710801393765,1.7228710801393765,False,2.011896167247347,True,2.011896167247347,True,1.7228710801393765
NZDUSD,2019-06-14 16:00:00+00:00,-1.2293741935483855,-1.2293741935483855,False,-1.2293741935483855,False,-1.2293741935483855,False,-1.2293741935483855
NZDUSD,2019-07-05 16:00:00+00:00,-1.1762433628318596,-1.1762433628318596,False,-1.1762433628318596,True,-1.1762433628318596,False,-1.1762433628318596
NZDUSD,2019-07-15 04:00:00+00:00,1.696795505617972,1.696795505617972,False,1.696795505617972,False,1.696795505617972,False,1.696795505617972
NZDUSD,2019-07-18 20:00:00+00:00,-1.2995859778597796,-1.2995859778597796,False,-1.2995859778597796,False,-1.2995859778597796,False,-1.2995859778597796
NZDUSD,2019-07-25 16:00:00+00:00,1.7602277108433728,1.7602277108433728,False,1.7632415662650793,True,1.7602277108433728,False,1.788686072302703
NZDUSD,2019-08-07 04:00:00+00:00,-0.4687725142495274,-0.4687725142495274,False,-0.4687725142495274,False,-0.4687725142495274,False,-0.4687725142495274
NZDUSD,2019-09-06 16:00:00+00:00,-1.198513402061856,-1.198513402061856,False,-1.198513402061856,True,-1.198513402061856,False,-1.1555725709188311
NZDUSD,2019-10-31 00:00:00+00:00,-1.235273619631907,-1.235273619631907,False,-1.235273619631907,False,-1.235273619631907,False,-1.235273619631907
NZDUSD,2019-11-05 16:00:00+00:00,0.8092927350427628,0.8092927350427628,False,0.8092927350427628,True,0.8092927350427628,False,1.6159284415955646
NZDUSD,2019-11-08 12:00:00+00:00,-1.2000015748031507,-1.2000015748031507,False,-1.2000015748031507,False,-1.2000015748031507,False,-1.2000015748031507
NZDUSD,2019-12-02 16:00:00+00:00,1.7463145631067991,1.7463145631067991,False,1.7463145631067991,False,1.7463145631067991,False,1.7463145631067991
NZDUSD,2019-12-11 20:00:00+00:00,-1.1969810473815483,-1.1969810473815483,False,-1.1969810473815483,False,-1.1969810473815483,False,-1.1824562596993968
NZDUSD,2020-01-09 12:00:00+00:00,-1.2326245614035103,-1.2326245614035103,False,-1.2326245614035103,True,-1.2326245614035103,True,-1.3043326559700437
NZDUSD,2020-02-18 04:00:00+00:00,1.679193305439331,1.679193305439331,False,1.679193305439331,False,1.679193305439331,False,1.679193305439331
NZDUSD,2020-02-20 04:00:00+00:00,1.3659666666666532,1.3659666666666532,False,1.3659666666666532,False,1.3659666666666532,False,1.4818173012515692
NZDUSD,2020-02-28 04:00:00+00:00,-1.1276091370558359,-1.1276091370558359,False,-1.1276091370558359,False,-1.1276091370558359,False,-1.1276091370558359
NZDUSD,2020-03-12 16:00:00+00:00,1.9399004191114837,1.9399004191114837,False,1.9399004191114837,False,1.9399004191114837,False,1.9399004191114837
NZDUSD,2020-03-13 16:00:00+00:00,1.9335280521901215,1.9335280521901215,False,1.9335280521901215,False,1.9335280521901215,False,1.9335280521901215
NZDUSD,2020-03-19 04:00:00+00:00,-1.0337977988994496,-1.0337977988994496,False,-1.0337977988994496,False,-1.0337977988994496,False,-1.0337977988994496
NZDUSD,2020-04-09 16:00:00+00:00,-1.101878309859155,-1.101878309859155,False,-1.101878309859155,True,-1.101878309859155,True,-1.1019302753678608
NZDUSD,2020-04-15 08:00:00+00:00,-1.1266314136125652,-1.1266314136125652,False,-1.1266314136125652,False,-1.1266314136125652,False,-1.1071148505815631
NZDUSD,2020-05-13 04:00:00+00:00,-1.085292957746478,-1.085292957746478,False,-1.085292957746478,False,-1.085292957746478,False,-1.1022512064767043
NZDUSD,2020-05-20 12:00:00+00:00,-1.1358022222222233,-1.1358022222222233,False,-1.1358022222222233,False,-1.1358022222222233,False,-1.1719161273217413
NZDUSD,2020-05-26 12:00:00+00:00,1.8389212903225822,1.8389212903225822,False,1.8389212903225822,False,1.8389212903225822,False,1.8389212903225822
NZDUSD,2020-06-01 16:00:00+00:00,1.8731080000000002,1.8731080000000002,False,1.8731080000000002,False,1.8731080000000002,False,1.9158234363955646
NZDUSD,2020-06-02 12:00:00+00:00,1.8596528440366962,1.8596528440366962,False,1.8596528440366962,False,1.8596528440366962,False,1.8596528440366962
NZDUSD,2020-06-03 16:00:00+00:00,1.8647312500000022,1.8647312500000022,False,1.8647312500000022,False,1.8647312500000022,False,1.8647312500000022
NZDUSD,2020-07-21 12:00:00+00:00,1.7485829652996852,1.7485829652996852,False,1.7485829652996852,False,1.7485829652996852,False,1.8066352935270151
NZDUSD,2020-07-22 12:00:00+00:00,-1.1713888412017168,-1.1713888412017168,False,-1.1713888412017168,False,-1.1713888412017168,False,-1.1713888412017168
NZDUSD,2020-08-26 16:00:00+00:00,1.8543094890510932,1.8543094890510932,False,1.3929076642336033,True,1.3929076642336033,True,1.842554928064141
NZDUSD,2020-09-08 12:00:00+00:00,-1.2336483965014549,-1.2336483965014549,False,1.1642909620990989,True,-1.2336483965014549,True,-1.1758116066369513
NZDUSD,2020-09-21 16:00:00+00:00,1.8403348088531197,1.8403348088531197,False,1.7316177062374067,True,1.7316177062374067,True,1.849342316018528
NZDUSD,2020-10-09 16:00:00+00:00,-1.1629705521472409,-1.1629705521472409,False,-1.1629705521472409,True,-1.1629705521472409,False,-1.3083092370830105
NZDUSD,2020-10-15 12:00:00+00:00,-1.1974089552238794,-1.1974089552238794,False,-1.1974089552238794,False,-1.1974089552238794,False,-1.1974089552238794
NZDUSD,2020-10-21 16:00:00+00:00,-1.226578409090904,-1.226578409090904,False,-1.226578409090904,True,-1.226578409090904,True,-0.3108847555789271
NZDUSD,2020-11-03 16:00:00+00:00,-1.1768625550660796,-1.1768625550660796,False,-1.1768625550660796,True,-1.1768625550660796,True,-1.2783731127529416
NZDUSD,2020-11-04 00:00:00+00:00,-1.1337341098169726,-1.1337341098169726,False,-1.1337341098169726,False,-1.1337341098169726,False,-1.1854488510807202
NZDUSD,2020-11-11 04:00:00+00:00,-0.12171013431013426,-0.12171013431013426,False,-0.12171013431013426,False,-0.12171013431013426,False,-0.12171013431013426
NZDUSD,2020-12-21 08:00:00+00:00,-1.1697807999999998,-1.1697807999999998,False,-1.1697807999999998,True,-1.1697807999999998,True,-1.2333714875355888
NZDUSD,2021-01-06 08:00:00+00:00,-1.1697112840466914,-1.1697112840466914,False,-1.1697112840466914,False,-1.1697112840466914,False,-1.1697112840466914
NZDUSD,2021-02-08 16:00:00+00:00,-1.1782024742268034,-1.1782024742268034,False,-1.1782024742268034,False,-1.1782024742268034,False,-1.1782024742268034
NZDUSD,2021-02-16 04:00:00+00:00,-1.2651634146341502,-1.2651634146341502,False,-1.2651634146341502,False,-1.2651634146341502,False,-1.2418289027435179
NZDUSD,2021-02-26 12:00:00+00:00,1.429659405940603,1.429659405940603,False,1.429659405940603,False,1.429659405940603,False,1.6448325444643697
NZDUSD,2021-03-04 20:00:00+00:00,-0.5311387297633972,-0.5311387297633972,False,-0.5311387297633972,False,-0.5311387297633972,False,-1.1830163292024023
NZDUSD,2021-03-17 20:00:00+00:00,-1.1018259433962272,-1.1018259433962272,False,-1.1018259433962272,False,-1.1018259433962272,False,-1.1018259433962272
NZDUSD,2021-03-23 00:00:00+00:00,1.7834473282442742,1.7834473282442742,False,1.7834473282442742,False,1.7834473282442742,False,1.767079014441314
NZDUSD,2021-04-14 16:00:00+00:00,1.3282269503546336,1.3282269503546336,False,1.5432278959811054,True,1.3282269503546336,False,1.3282269503546336
NZDUSD,2021-04-30 16:00:00+00:00,-1.1553158273381292,-1.1553158273381292,False,-1.1553158273381292,True,-1.1553158273381292,False,-1.2426212616617751
NZDUSD,2021-05-07 16:00:00+00:00,-1.0966693333333344,-1.0966693333333344,False,-1.0966693333333344,False,-1.0966693333333344,False,-1.142149526746396
NZDUSD,2021-05-12 16:00:00+00:00,-1.1086105527638197,-1.1086105527638197,False,-1.1086105527638197,True,-1.1086105527638197,False,-1.1595709221193917
NZDUSD,2021-05-26 04:00:00+00:00,-1.1026890459363958,-1.1026890459363958,False,-1.1026890459363958,False,-1.1026890459363958,False,-1.1327709807224617
NZDUSD,2021-06-03 16:00:00+00:00,-1.1262780058651016,-1.1262780058651016,False,-1.1262780058651016,True,-1.1262780058651016,False,-1.1262780058651016
NZDUSD,2021-06-11 16:00:00+00:00,1.80908943820225,1.80908943820225,False,1.80908943820225,False,1.80908943820225,False,1.80908943820225
NZDUSD,2021-06-16 20:00:00+00:00,0.06254814814814585,0.06254814814814585,False,0.06254814814814585,False,0.06254814814814585,False,0.06254814814814585
NZDUSD,2021-06-17 12:00:00+00:00,-0.9443976331360947,-0.9443976331360947,False,-0.9443976331360947,False,-0.9443976331360947,False,-0.9443976331360947
NZDUSD,2021-07-14 04:00:00+00:00,-1.1073476923076935,-1.1073476923076935,False,-1.1073476923076935,True,-1.1073476923076935,True,-1.1073476923076935
NZDUSD,2021-08-17 04:00:00+00:00,1.8827591489361701,1.8827591489361701,False,1.8827591489361701,False,1.8827591489361701,False,1.8341096566287658
NZDUSD,2021-08-24 08:00:00+00:00,1.7860225063938662,1.274820460358014,True,2.4556971867007182,True,1.7860225063938662,False,1.7860225063938662
NZDUSD,2021-08-27 16:00:00+00:00,1.8883937007874025,1.8883937007874025,False,1.8883937007874025,False,1.8883937007874025,False,1.8154541071984371
NZDUSD,2021-09-16 16:00:00+00:00,1.8015595294117634,1.8015595294117634,False,-0.2608536470588078,True,-0.2608536470588078,True,-0.23887072359736258
NZDUSD,2021-09-29 16:00:00+00:00,-1.138223372287144,-1.138223372287144,False,-1.138223372287144,False,-1.138223372287144,False,-1.138223372287144
NZDUSD,2021-10-20 16:00:00+00:00,-1.2448443181818203,-1.2448443181818203,False,-1.2448443181818203,False,-1.2448443181818203,False,-1.2448443181818203
NZDUSD,2021-11-02 16:00:00+00:00,-1.1875342105263156,-1.1875342105263156,False,-1.1875342105263156,True,-1.1875342105263156,True,-1.1378695276171074
NZDUSD,2021-11-24 04:00:00+00:00,1.8398910505836588,1.8398910505836588,False,1.8398910505836588,False,1.8398910505836588,False,1.8398910505836588
NZDUSD,2021-12-29 16:00:00+00:00,-1.2086499999999982,-1.2086499999999982,False,-1.2086499999999982,False,-1.2086499999999982,False,-1.2086499999999982
NZDUSD,2022-01-03 16:00:00+00:00,-1.143507557117751,-1.143507557117751,False,-1.143507557117751,False,-1.143507557117751,False,-1.2310133743458513
NZDUSD,2022-01-12 16:00:00+00:00,-1.1204725663716812,-1.1204725663716812,False,-1.1204725663716812,False,-1.1204725663716812,False,-1.1204725663716812
NZDUSD,2022-01-27 04:00:00+00:00,-1.1602144869215318,-1.1602144869215318,False,-1.1602144869215318,False,-1.1602144869215318,False,-0.414457909286955
NZDUSD,2022-02-03 16:00:00+00:00,-1.1900057142857101,-1.1900057142857101,False,-1.1900057142857101,True,-1.1900057142857101,False,-1.1900057142857101
NZDUSD,2022-02-22 12:00:00+00:00,-1.2134761904761902,-1.2134761904761902,False,0.9809735449735353,True,0.9809735449735353,True,-1.1928447428610032
NZDUSD,2022-02-24 16:00:00+00:00,-1.1134902127659574,-1.1134902127659574,False,-1.1134902127659574,False,-1.1134902127659574,False,-1.114652535351073
NZDUSD,2022-03-17 16:00:00+00:00,1.155717738791428,1.155717738791428,False,1.155717738791428,False,1.155717738791428,False,1.155717738791428
NZDUSD,2022-03-22 12:00:00+00:00,-0.5846985221674855,-0.5846985221674855,False,-0.5846985221674855,False,-0.5846985221674855,False,-1.160377981410397
NZDUSD,2022-04-05 08:00:00+00:00,-1.1630350877192956,-1.1630350877192956,False,-1.1630350877192956,False,-1.1630350877192956,False,-1.1630350877192956
NZDUSD,2022-04-13 08:00:00+00:00,0.5196086393088528,0.5196086393088528,False,0.5196086393088528,False,0.5196086393088528,False,-1.2578851954478756
NZDUSD,2022-04-22 16:00:00+00:00,1.8447284872298637,1.8447284872298637,False,1.8447284872298637,False,1.8447284872298637,False,1.8447284872298637
NZDUSD,2022-04-26 16:00:00+00:00,1.8499310344827586,1.8499310344827586,False,1.8499310344827586,False,1.8499310344827586,False,1.8499310344827586
NZDUSD,2022-04-28 12:00:00+00:00,-1.1127323699421978,-1.1127323699421978,False,-1.1127323699421978,False,-1.1127323699421978,False,-1.1127323699421978
NZDUSD,2022-05-04 20:00:00+00:00,-1.064108072487644,-1.064108072487644,True,-1.064108072487644,True,-1.064108072487644,True,-1.064108072487644
NZDUSD,2022-05-05 16:00:00+00:00,1.7353623250807289,1.7353623250807289,False,1.7353623250807289,False,1.7353623250807289,False,-1.151658062935893
NZDUSD,2022-05-25 04:00:00+00:00,-0.11697321225879388,-0.11697321225879388,False,-0.11697321225879388,True,-0.11697321225879388,True,-0.11697321225879388
NZDUSD,2022-06-01 16:00:00+00:00,-1.109779746835442,-1.109779746835442,False,-1.109779746835442,False,-1.109779746835442,False,-1.1528654693442604
NZDUSD,2022-06-09 16:00:00+00:00,1.824103225806452,1.824103225806452,False,1.824103225806452,False,1.824103225806452,False,1.9015906666118991
NZDUSD,2022-06-10 16:00:00+00:00,1.8760340983606558,1.8760340983606558,False,1.8760340983606558,False,1.8760340983606558,False,1.8760340983606558
NZDUSD,2022-07-01 04:00:00+00:00,-1.118954066985646,-1.118954066985646,False,-1.118954066985646,False,-1.118954066985646,False,-1.1824193238916223
NZDUSD,2022-07-19 08:00:00+00:00,0.6996921843687504,0.6996921843687504,False,0.6996921843687504,True,0.6996921843687504,True,0.7847173400938913
NZDUSD,2022-08-10 16:00:00+00:00,-1.069169411764706,-1.069169411764706,False,-1.069169411764706,True,-1.069169411764706,True,-1.069169411764706
NZDUSD,2022-08-26 16:00:00+00:00,0.25067918367347414,0.25067918367347414,False,0.25067918367347414,False,0.25067918367347414,False,0.25067918367347414
NZDUSD,2022-09-01 16:00:00+00:00,-1.163448322147652,-1.163448322147652,False,-1.163448322147652,False,-1.163448322147652,False,-1.163448322147652
NZDUSD,2022-09-13 16:00:00+00:00,0.6935396415770663,0.6935396415770663,False,0.6935396415770663,False,0.6935396415770663,False,1.2694009294423152
NZDUSD,2022-10-21 16:00:00+00:00,0.21439527559054836,0.21439527559054836,False,0.21439527559054836,True,0.21439527559054836,False,0.32497999089305635
NZDUSD,2022-11-10 16:00:00+00:00,0.3659005740528128,0.3659005740528128,False,0.3659005740528128,False,0.3659005740528128,False,0.3659005740528128
NZDUSD,2022-11-23 16:00:00+00:00,-1.1079869375907119,-1.1079869375907119,False,-1.1079869375907119,False,-1.1079869375907119,False,-0.38893072453047434
NZDUSD,2022-11-28 20:00:00+00:00,-1.154294802494803,-1.154294802494803,True,-1.154294802494803,True,-1.154294802494803,False,-1.1323613405393547
NZDUSD,2022-11-30 20:00:00+00:00,0.5109340932642608,0.5109340932642608,False,0.5109340932642608,False,0.5109340932642608,False,1.8250543710837341
NZDUSD,2022-12-13 16:00:00+00:00,-1.0789468845760974,-1.0789468845760974,False,-1.0789468845760974,False,-1.0789468845760974,False,-1.0789468845760974
NZDUSD,2023-01-03 12:00:00+00:00,-1.085195232690125,-1.085195232690125,False,-1.085195232690125,True,-1.085195232690125,False,-1.1109863009100653
NZDUSD,2023-02-03 16:00:00+00:00,0.5526249003984075,0.5526249003984075,False,0.5526249003984075,False,0.5526249003984075,False,0.784511641765507
NZDUSD,2023-02-24 16:00:00+00:00,-1.17320934579439,-1.17320934579439,False,-1.17320934579439,False,-1.17320934579439,False,-1.1068022798596495
NZDUSD,2023-03-06 12:00:00+00:00,-1.1808861313868635,-1.1808861313868635,False,-1.1808861313868635,False,-1.1808861313868635,False,-0.3601003926333794
NZDUSD,2023-03-07 16:00:00+00:00,-1.1340847826086935,-1.1340847826086935,False,-1.1340847826086935,False,-1.1340847826086935,False,-1.1620263794164407
NZDUSD,2023-04-13 16:00:00+00:00,-1.1210495176848874,-1.1210495176848874,False,-1.1210495176848874,False,-1.1210495176848874,False,-1.2029928871416595
NZDUSD,2023-04-28 16:00:00+00:00,1.861620702402958,1.861620702402958,False,1.861620702402958,False,1.861620702402958,False,1.8166233167680341
NZDUSD,2023-05-11 16:00:00+00:00,1.0594068452380758,1.0594068452380758,False,1.2827550595237966,True,1.2827550595237966,True,1.8096874960288607
NZDUSD,2023-05-24 04:00:00+00:00,1.913652482269503,1.913652482269503,False,1.913652482269503,False,1.913652482269503,False,1.913652482269503
NZDUSD,2023-05-26 16:00:00+00:00,-1.147113939393939,-1.147113939393939,False,-1.147113939393939,False,-1.147113939393939,False,-1.147113939393939
NZDUSD,2023-05-31 04:00:00+00:00,-1.1639496598639445,-1.1639496598639445,False,-1.1639496598639445,False,-1.1639496598639445,False,-1.1407494975884827
NZDUSD,2023-06-01 16:00:00+00:00,0.16593807407407596,0.16593807407407596,True,0.16593807407407596,True,0.16593807407407596,True,-1.310390802459755
NZDUSD,2023-06-02 04:00:00+00:00,-1.1607339207048464,-1.1607339207048464,True,-1.1607339207048464,True,-1.1607339207048464,True,-1.134726452537689
NZDUSD,2023-06-14 16:00:00+00:00,-1.1244809364548498,-1.1244809364548498,False,-1.1244809364548498,False,-1.1244809364548498,False,-1.1244809364548498
NZDUSD,2023-07-12 16:00:00+00:00,-0.5263526170798852,-0.5263526170798852,False,-0.5263526170798852,False,-0.5263526170798852,False,-0.5263526170798852
NZDUSD,2023-07-20 16:00:00+00:00,0.16489420849421857,0.16489420849421857,False,0.16489420849421857,True,0.16489420849421857,True,0.16489420849421857
NZDUSD,2023-07-27 04:00:00+00:00,-1.154542148760332,-1.154542148760332,False,-1.154542148760332,True,-1.154542148760332,True,-1.154542148760332
NZDUSD,2023-08-23 16:00:00+00:00,-1.1528997858672392,-1.1528997858672392,False,-1.1528997858672392,True,-1.1528997858672392,True,-1.147582983500154
NZDUSD,2023-09-05 08:00:00+00:00,-1.173602941176472,-1.173602941176472,False,-1.173602941176472,False,-1.173602941176472,False,-1.3099638205293958
NZDUSD,2023-09-29 04:00:00+00:00,-1.1919101604278035,-1.1919101604278035,False,-1.1919101604278035,True,-1.1919101604278035,True,-1.2229296230646254
NZDUSD,2023-10-12 16:00:00+00:00,1.88035593220339,1.88035593220339,False,1.88035593220339,False,1.88035593220339,False,1.8092522075539528
NZDUSD,2023-10-18 16:00:00+00:00,0.7008278350515419,0.7008278350515419,False,0.7008278350515419,False,0.7008278350515419,False,0.57713706846152
NZDUSD,2023-11-03 16:00:00+00:00,-1.1037059506531195,-1.1037059506531195,False,-1.1037059506531195,False,-1.1037059506531195,False,-1.1037059506531195
NZDUSD,2023-11-14 16:00:00+00:00,0.6415056666666648,0.6415056666666648,False,0.6415056666666648,False,0.6415056666666648,False,0.6415056666666648
NZDUSD,2023-11-14 20:00:00+00:00,-1.184816966580974,-1.184816966580974,False,-1.184816966580974,False,-1.184816966580974,False,-1.2480451104953023
NZDUSD,2023-11-28 16:00:00+00:00,0.06309892473117693,0.06309892473117693,False,0.06309892473117693,False,0.06309892473117693,False,0.06309892473117693
NZDUSD,2023-12-13 20:00:00+00:00,0.615061487964985,0.615061487964985,False,0.615061487964985,False,0.615061487964985,False,1.1556738993131987
NZDUSD,2023-12-14 04:00:00+00:00,-1.1506387878787876,-1.1506387878787876,False,-1.1506387878787876,False,-1.1506387878787876,False,0.06393985731227586
NZDUSD,2024-02-02 16:00:00+00:00,-0.8905287861271666,-0.8905287861271666,False,-0.8905287861271666,False,-0.8905287861271666,False,-1.3337257393350468
NZDUSD,2024-02-13 16:00:00+00:00,-1.1192551386623149,-1.1192551386623149,False,-1.1192551386623149,False,-1.1192551386623149,False,-1.2236184910291519
NZDUSD,2024-02-20 12:00:00+00:00,-0.35033537414965765,-0.35033537414965765,False,-0.35033537414965765,False,-0.35033537414965765,False,-0.3659759462173393
NZDUSD,2024-02-22 08:00:00+00:00,-1.252185084745762,-1.252185084745762,False,-1.252185084745762,False,-1.252185084745762,False,-1.2015272801840355
NZDUSD,2024-02-28 04:00:00+00:00,0.1726074285714201,0.1726074285714201,False,0.1726074285714201,False,0.1726074285714201,False,0.1726074285714201
NZDUSD,2024-03-14 16:00:00+00:00,1.8268559241706162,0.8713066350710956,True,1.8268559241706162,False,1.8268559241706162,False,1.8268559241706162
NZDUSD,2024-03-22 04:00:00+00:00,0.8841060686015971,0.8841060686015971,False,0.8841060686015971,False,0.8841060686015971,False,0.8841060686015971
NZDUSD,2024-04-01 16:00:00+00:00,-1.2084623906705512,-1.2084623906705512,False,-1.2084623906705512,False,-1.2084623906705512,False,-1.2084623906705512
NZDUSD,2024-04-03 16:00:00+00:00,1.7931542857142826,-0.7881531428571665,True,1.0932917839636942,True,1.0932917839636942,True,1.5442769736294835
NZDUSD,2024-04-10 16:00:00+00:00,0.6594370722433345,0.6594370722433345,False,0.6594370722433345,False,0.6594370722433345,False,-1.373293652826636
NZDUSD,2024-04-30 16:00:00+00:00,-1.1887135278514618,-1.1887135278514618,False,-1.1887135278514618,False,-1.1887135278514618,False,-1.204447270696838
NZDUSD,2024-05-15 16:00:00+00:00,-0.09062857142857322,-0.09062857142857322,False,-0.09062857142857322,False,-0.09062857142857322,False,-0.09062857142857322
NZDUSD,2024-06-07 16:00:00+00:00,-1.08383314415437,-1.08383314415437,False,-1.08383314415437,True,-1.08383314415437,True,-1.08383314415437
NZDUSD,2024-06-12 16:00:00+00:00,-1.0970460732984295,-1.0970460732984295,False,-1.0970460732984295,False,-1.0970460732984295,False,-1.3773410984138934
NZDUSD,2024-07-16 16:00:00+00:00,-1.236804560260585,-1.236804560260585,False,-1.236804560260585,False,-1.236804560260585,False,-1.2057638258751018
NZDUSD,2024-07-22 04:00:00+00:00,1.708560975609745,1.708560975609745,False,1.708560975609745,False,1.708560975609745,False,1.708560975609745
NZDUSD,2024-07-24 04:00:00+00:00,1.695828326180265,1.695828326180265,False,1.695828326180265,False,1.695828326180265,False,1.695828326180265
NZDUSD,2024-07-31 16:00:00+00:00,-1.2429467576791817,-1.2429467576791817,True,-1.2429467576791817,True,-1.2429467576791817,True,-1.2429467576791817
NZDUSD,2024-08-23 16:00:00+00:00,-0.7090325423728924,-0.7090325423728924,False,-0.7090325423728924,False,-0.7090325423728924,False,-0.7090325423728924
NZDUSD,2024-09-12 20:00:00+00:00,1.760312540192922,1.1153545253647696,True,1.1368926045016472,True,1.760312540192922,False,1.760312540192922
NZDUSD,2024-09-24 16:00:00+00:00,-1.2172896551724113,-1.2172896551724113,False,-1.2172896551724113,False,-1.2172896551724113,False,-1.2172896551724113
NZDUSD,2024-10-04 16:00:00+00:00,0.7137035647279452,0.7137035647279452,False,1.1436048780487689,True,1.1436048780487689,True,0.7137035647279452
NZDUSD,2024-10-09 04:00:00+00:00,0.28447921568628876,0.28447921568628876,False,0.28447921568628876,False,0.28447921568628876,False,0.28447921568628876
NZDUSD,2024-10-16 00:00:00+00:00,0.032936023054773465,0.032936023054773465,False,0.032936023054773465,False,0.032936023054773465,False,-1.2839665355094911
NZDUSD,2024-11-06 04:00:00+00:00,-1.0704418879056055,-1.0704418879056055,False,-1.0704418879056055,False,-1.0704418879056055,False,-1.0704418879056055
NZDUSD,2024-11-07 16:00:00+00:00,-1.1508661087866108,-1.1508661087866108,False,-1.1508661087866108,True,-1.1508661087866108,False,-1.2044978515119238
NZDUSD,2024-11-13 16:00:00+00:00,0.4975392624728853,0.4975392624728853,False,0.4975392624728853,False,0.4975392624728853,False,1.7245320063589464
NZDUSD,2024-11-26 00:00:00+00:00,-1.1740447761194022,-1.1740447761194022,False,-1.1740447761194022,False,-1.1740447761194022,False,-1.1594386917597408
NZDUSD,2024-12-02 16:00:00+00:00,-0.6051090425531832,0.9357085106383018,True,-0.6051090425531832,False,-0.6051090425531832,False,-1.3387544634195718
NZDUSD,2024-12-04 04:00:00+00:00,-1.1651605633802802,-1.1651605633802802,False,-1.1651605633802802,False,-1.1651605633802802,False,-1.205013708416533
NZDUSD,2024-12-11 08:00:00+00:00,-1.1983497142857173,-1.1983497142857173,False,-1.1983497142857173,False,-1.1983497142857173,False,1.866975657259716
NZDUSD,2025-02-03 04:00:00+00:00,-1.121598540145987,-1.121598540145987,False,-1.121598540145987,False,-1.121598540145987,False,-1.121598540145987
NZDUSD,2025-02-20 16:00:00+00:00,-1.2138757763975154,-1.2138757763975154,False,-1.2138757763975154,True,-1.2138757763975154,True,-1.2138757763975154
NZDUSD,2025-02-27 16:00:00+00:00,-1.1642579710144916,-1.1642579710144916,False,-1.1642579710144916,True,-1.1642579710144916,False,-1.1642579710144916
NZDUSD,2025-03-20 12:00:00+00:00,-0.44240586666667,-0.44240586666667,False,-0.44240586666667,True,-0.44240586666667,False,-0.44240586666667
NZDUSD,2025-04-03 12:00:00+00:00,-1.1222449912126544,-1.1222449912126544,False,-1.1222449912126544,False,-1.1222449912126544,False,-1.1222449912126544
NZDUSD,2025-04-21 04:00:00+00:00,-1.1661166666666627,-1.1661166666666627,False,-1.1661166666666627,False,-1.1661166666666627,False,-1.1661166666666627
NZDUSD,2025-05-08 08:00:00+00:00,0.6557757828810117,0.6557757828810117,False,1.3764584551148513,True,1.3764584551148513,True,-1.174927231058791
NZDUSD,2025-06-23 04:00:00+00:00,-1.1698314285714293,-1.1698314285714293,False,-1.1698314285714293,False,-1.1698314285714293,False,-1.1698314285714293
NZDUSD,2025-07-07 04:00:00+00:00,-0.06405498489425814,-0.06405498489425814,False,-0.06405498489425814,True,-0.06405498489425814,True,-0.04402757746365194
NZDUSD,2025-07-28 08:00:00+00:00,1.8309396674584297,1.8309396674584297,False,1.8309396674584297,False,1.8309396674584297,False,1.8443019280123274
NZDUSD,2025-07-30 16:00:00+00:00,-0.9260626373626422,-0.9260626373626422,False,-0.9260626373626422,False,-0.9260626373626422,False,-0.9260626373626422
NZDUSD,2025-08-19 16:00:00+00:00,1.7579010309278418,1.7579010309278418,False,1.7579010309278418,False,1.7579010309278418,False,1.749675880347008
NZDUSD,2025-08-20 04:00:00+00:00,-0.38021446808510373,-0.38021446808510373,False,-0.38021446808510373,False,-0.38021446808510373,False,-0.38021446808510373
NZDUSD,2025-09-02 08:00:00+00:00,-1.1930010958904087,-1.1930010958904087,False,-1.1930010958904087,False,-1.1930010958904087,False,-1.2202227893351902
NZDUSD,2025-09-05 16:00:00+00:00,1.800769832402236,1.800769832402236,False,1.4992748603351767,True,0.8739519553072431,True,1.7713179890953439
NZDUSD,2025-09-08 08:00:00+00:00,0.9473116129032062,0.9473116129032062,False,1.1407438709677373,True,0.9473116129032062,True,0.9405231519490548
NZDUSD,2025-09-11 16:00:00+00:00,-1.1223063464837049,-1.1223063464837049,False,-1.1223063464837049,True,-1.1223063464837049,True,-1.275644443745299
NZDUSD,2025-09-18 00:00:00+00:00,1.8006174647887354,1.0395977464788464,True,1.9725515492957437,True,1.9725515492957437,True,1.8115670447844008
NZDUSD,2025-09-25 16:00:00+00:00,-1.1854159999999985,-1.1854159999999985,False,-1.1854159999999985,False,-1.1854159999999985,False,-1.1854159999999985
NZDUSD,2025-10-08 04:00:00+00:00,-1.1380239043824694,-1.1380239043824694,False,-1.1380239043824694,False,-1.1380239043824694,False,-1.1380239043824694
NZDUSD,2025-11-14 04:00:00+00:00,-1.167877037037037,-1.167877037037037,False,-1.167877037037037,True,-1.167877037037037,True,-1.1897209489968554
NZDUSD,2025-11-19 04:00:00+00:00,-1.244572563176891,-1.244572563176891,False,-1.244572563176891,False,-1.244572563176891,False,-1.2374830156718617
NZDUSD,2025-11-26 04:00:00+00:00,0.7523816838995644,0.7523816838995644,False,0.7523816838995644,True,0.7523816838995644,True,0.7523816838995644
NZDUSD,2025-11-28 16:00:00+00:00,0.944092777777745,0.944092777777745,False,0.944092777777745,True,0.944092777777745,True,0.944092777777745
NZDUSD,2025-12-10 20:00:00+00:00,-1.229297029702972,-1.229297029702972,False,-1.229297029702972,False,-1.229297029702972,False,-1.194477635369912
NZDUSD,2026-01-20 04:00:00+00:00,1.79328941176471,1.79328941176471,False,1.79328941176471,False,1.79328941176471,False,1.79328941176471
NZDUSD,2026-02-18 04:00:00+00:00,0.34078093385216146,0.34078093385216146,False,0.34078093385216146,True,0.34078093385216146,True,0.3122206459809539
NZDUSD,2026-03-02 08:00:00+00:00,1.8391045454545438,1.8391045454545438,False,1.0454468181818362,True,1.0454468181818362,True,1.8391045454545438
NZDUSD,2026-03-13 08:00:00+00:00,-1.1879677419354866,-1.1879677419354866,False,-1.1879677419354866,True,-1.1879677419354866,True,-1.1153300942431705
NZDUSD,2026-04-08 00:00:00+00:00,0.931047639484973,0.931047639484973,False,0.931047639484973,True,0.931047639484973,True,0.931047639484973
NZDUSD,2026-08-13 04:00:00+00:00,-1.2179155279503104,-1.2179155279503104,False,-1.2179155279503104,True,-1.2179155279503104,False,-1.2179155279503104
NZDUSD,2026-08-19 16:00:00+00:00,0.03093581213308007,0.03093581213308007,False,0.03093581213308007,False,0.03093581213308007,False,1.5013789666629092
NZDUSD,2026-08-28 16:00:00+00:00,1.8536748440748434,1.8536748440748434,False,1.8536748440748434,False,1.8536748440748434,False,1.7826890706601008
NZDUSD,2026-09-02 04:00:00+00:00,-1.1269048648648663,-1.1269048648648663,False,-1.1269048648648663,False,-1.1269048648648663,False,-1.1269048648648663
NZDUSD,2026-09-14 04:00:00+00:00,1.7560141342756181,1.7560141342756181,False,1.7560141342756181,False,1.7560141342756181,False,1.7560141342756181
NZDUSD,2026-09-16 20:00:00+00:00,0.639206896551707,0.639206896551707,False,0.639206896551707,False,0.639206896551707,False,0.639206896551707
USDCAD,2017-01-18 20:00:00+00:00,-1.104497286565189,-1.104497286565189,False,-1.104497286565189,True,-1.104497286565189,False,-1.2002010374340935
USDCAD,2017-01-24 16:00:00+00:00,0.8419592290585698,0.8419592290585698,False,0.8419592290585698,False,0.8419592290585698,False,0.8419592290585698
USDCAD,2017-02-06 16:00:00+00:00,-0.5102941649899424,-0.5102941649899424,False,-0.5102941649899424,True,-0.5102941649899424,True,-1.3014981534895325
USDCAD,2017-02-10 16:00:00+00:00,-0.6756203166226907,-0.6756203166226907,False,-0.6756203166226907,False,-0.6756203166226907,False,-1.4483318845554363
USDCAD,2017-02-21 04:00:00+00:00,-1.3776532374100712,-1.3776532374100712,False,-1.3776532374100712,False,-1.3776532374100712,False,-1.267254149706495
USDCAD,2017-02-28 16:00:00+00:00,1.7926599221789852,1.7926599221789852,False,1.7926599221789852,False,1.7926599221789852,False,1.7926599221789852
USDCAD,2017-03-15 20:00:00+00:00,-0.22336730523627146,-0.22336730523627146,False,-0.22336730523627146,True,-0.22336730523627146,True,-0.22336730523627146
USDCAD,2017-03-30 16:00:00+00:00,-1.2584330097087348,-1.2584330097087348,False,-1.2584330097087348,True,-1.2584330097087348,True,-1.2587558433495036
USDCAD,2017-04-04 08:00:00+00:00,-1.2629098039215634,-1.2629098039215634,False,-1.2629098039215634,False,-1.2629098039215634,False,-1.2147592719150684
USDCAD,2017-04-19 16:00:00+00:00,-1.3965115479115462,-1.3965115479115462,False,-1.3965115479115462,False,-1.3965115479115462,False,1.4212620593988505
USDCAD,2017-04-27 16:00:00+00:00,0.6736416666666774,0.6736416666666774,False,0.6736416666666774,False,0.6736416666666774,False,0.6736416666666774
USDCAD,2017-05-02 16:00:00+00:00,-1.2397988338192467,-1.2397988338192467,False,-1.2397988338192467,False,-1.2397988338192467,False,-1.1942903456894616
USDCAD,2017-05-24 16:00:00+00:00,-0.753455329949241,-0.753455329949241,False,-0.753455329949241,True,-0.753455329949241,False,-0.753455329949241
USDCAD,2017-06-12 20:00:00+00:00,0.7118148308135483,0.7118148308135483,False,0.7118148308135483,False,0.7118148308135483,False,0.7118148308135483
USDCAD,2017-06-28 12:00:00+00:00,1.7806410112359554,1.7806410112359554,False,1.7806410112359554,False,1.7806410112359554,False,1.7806410112359554
USDCAD,2017-07-04 16:00:00+00:00,-1.2857500000000057,-1.2857500000000057,False,-1.2857500000000057,False,-1.2857500000000057,False,-1.2492646222064936
USDCAD,2017-07-07 16:00:00+00:00,1.7503022927689358,1.7503022927689358,False,1.7503022927689358,False,1.7503022927689358,False,-1.2205782098843017
USDCAD,2017-07-12 16:00:00+00:00,0.9741444639718659,0.9741444639718659,False,0.9741444639718659,False,0.9741444639718659,False,0.9741444639718659
USDCAD,2017-07-14 16:00:00+00:00,1.2226652229299093,1.2226652229299093,False,1.2226652229299093,False,1.2226652229299093,False,1.0566809341649277
USDCAD,2017-07-18 12:00:00+00:00,-1.2378891679748745,-1.2378891679748745,False,-1.2378891679748745,False,-1.2378891679748745,False,-1.2063577980784255
USDCAD,2017-08-04 16:00:00+00:00,0.41547928571428266,0.41547928571428266,False,0.41547928571428266,True,0.41547928571428266,True,0.41547928571428266
USDCAD,2017-08-16 20:00:00+00:00,0.7838835891381019,0.7838835891381019,False,0.7838835891381019,False,0.7838835891381019,False,-1.3300498243039731
USDCAD,2017-08-18 16:00:00+00:00,0.947487021013593,0.947487021013593,False,0.947487021013593,False,0.947487021013593,False,0.947487021013593
USDCAD,2017-09-27 20:00:00+00:00,-0.20906714801444162,-0.20906714801444162,False,-0.20906714801444162,True,-0.20906714801444162,False,-0.20906714801444162
USDCAD,2017-10-05 16:00:00+00:00,-1.1905243654822308,-1.1905243654822308,False,-1.1905243654822308,True,-1.1905243654822308,False,-1.274495045641138
USDCAD,2017-10-11 20:00:00+00:00,-1.2665857651245571,-1.2665857651245571,False,-1.2665857651245571,False,-1.2665857651245571,False,-1.3132801980263784
USDCAD,2017-10-16 12:00:00+00:00,-1.272978181818179,-1.272978181818179,False,-1.272978181818179,True,-1.272978181818179,False,-1.272978181818179
USDCAD,2017-10-20 16:00:00+00:00,1.89515318275154,1.89515318275154,False,1.89515318275154,False,1.89515318275154,False,1.89515318275154
USDCAD,2017-10-25 16:00:00+00:00,0.4542964818127656,0.4542964818127656,False,0.4542964818127656,False,0.4542964818127656,False,0.4542964818127656
USDCAD,2017-11-02 16:00:00+00:00,1.7084411428571413,1.7084411428571413,False,1.805642285714287,True,1.7084411428571413,False,1.7084411428571413
USDCAD,2017-11-14 16:00:00+00:00,-0.26796276923077794,-0.26796276923077794,True,-0.26796276923077794,True,-0.26796276923077794,False,-0.26796276923077794
USDCAD,2017-11-17 16:00:00+00:00,-1.2162428772919591,-1.2162428772919591,False,-1.2162428772919591,False,-1.2162428772919591,False,-1.2892016855710022
USDCAD,2017-12-01 16:00:00+00:00,-0.9010954094292889,-0.9010954094292889,False,-0.9010954094292889,True,-0.9010954094292889,False,-0.9010954094292889
USDCAD,2017-12-13 20:00:00+00:00,-1.1933001254705138,-1.1933001254705138,True,-1.1933001254705138,True,-1.1933001254705138,False,-1.2859819302590885
USDCAD,2017-12-14 20:00:00+00:00,-1.142107863089732,-1.142107863089732,False,-1.142107863089732,True,-1.142107863089732,False,-1.142107863089732
USDCAD,2017-12-21 16:00:00+00:00,1.8576364661654163,1.8576364661654163,False,1.2670567669172597,True,1.8576364661654163,False,1.8576364661654163
USDCAD,2018-01-02 16:00:00+00:00,-1.3205010660980905,-1.3205010660980905,False,-1.3205010660980905,False,-1.3205010660980905,False,-1.3205010660980905
USDCAD,2018-01-10 20:00:00+00:00,-1.1488380198019803,-1.1488380198019803,False,-1.1488380198019803,True,-1.1488380198019803,False,-1.1743948282471264
USDCAD,2018-01-24 12:00:00+00:00,0.24289954022988494,0.24289954022988494,False,0.24289954022988494,False,0.24289954022988494,False,0.24289954022988494
USDCAD,2018-02-02 16:00:00+00:00,1.8292784492588359,1.8292784492588359,False,2.4127366020524557,True,2.4127366020524557,True,1.8292784492588359
USDCAD,2018-02-28 16:00:00+00:00,1.6856659877800386,1.6856659877800386,False,1.6856659877800386,False,1.6856659877800386,False,1.6856659877800386
USDCAD,2018-03-05 16:00:00+00:00,-1.2549783251231463,-1.2549783251231463,False,-1.2549783251231463,False,-1.2549783251231463,False,-1.2549783251231463
USDCAD,2018-03-15 16:00:00+00:00,-1.1591247706422039,-1.1591247706422039,False,-1.1591247706422039,False,-1.1591247706422039,False,-1.1591247706422039
USDCAD,2018-03-21 04:00:00+00:00,1.7035154285714273,2.050390095238125,True,2.5745139047619,True,1.7035154285714273,False,1.7035154285714273
USDCAD,2018-03-21 16:00:00+00:00,1.7372061120543272,1.7372061120543272,False,0.9200777589134445,True,1.7372061120543272,False,1.7372061120543272
USDCAD,2018-03-21 20:00:00+00:00,-0.5688896952104423,-0.5688896952104423,False,-0.5688896952104423,True,-0.5688896952104423,False,-0.38677880303857987
USDCAD,2018-04-03 16:00:00+00:00,1.7927679782903694,1.7927679782903694,False,1.3203001356851691,True,1.7927679782903694,False,1.7927679782903694
USDCAD,2018-04-09 16:00:00+00:00,1.1455157096424542,1.1455157096424542,False,1.1455157096424542,False,1.1455157096424542,False,1.7835224280774187
USDCAD,2018-04-10 16:00:00+00:00,0.767412541254122,0.767412541254122,False,0.767412541254122,False,0.767412541254122,False,0.767412541254122
USDCAD,2018-04-18 16:00:00+00:00,1.8255062857142865,0.9174799999999902,True,1.5079826285714046,True,1.5079826285714046,True,1.7203734505086485
USDCAD,2018-04-20 16:00:00+00:00,0.9273722419928869,0.9273722419928869,False,0.9273722419928869,False,0.9273722419928869,False,0.9273722419928869
USDCAD,2018-04-23 16:00:00+00:00,-0.5963438547486156,-0.5963438547486156,False,-0.5963438547486156,False,-0.5963438547486156,False,-0.5963438547486156
USDCAD,2018-04-30 16:00:00+00:00,-1.2792565217391318,-1.2792565217391318,True,-1.2792565217391318,True,-1.2792565217391318,False,-1.2792565217391318
USDCAD,2018-05-10 08:00:00+00:00,-1.23218187311178,-1.23218187311178,False,-1.23218187311178,True,-1.23218187311178,False,-1.1843452269719297
USDCAD,2018-05-30 16:00:00+00:00,-1.090885413005273,-1.090885413005273,False,-1.090885413005273,True,-1.090885413005273,False,-1.1813995606329115
USDCAD,2018-06-14 16:00:00+00:00,1.8472614492753634,1.8472614492753634,False,1.8472614492753634,False,1.8472614492753634,False,1.8105349905598747
USDCAD,2018-06-29 16:00:00+00:00,0.27170770440250397,0.27170770440250397,False,0.27170770440250397,True,0.27170770440250397,True,0.27170770440250397
USDCAD,2018-07-06 16:00:00+00:00,-1.2752258741258766,-1.2752258741258766,False,-1.2752258741258766,True,-1.2752258741258766,True,-1.260254969812542
USDCAD,2018-07-11 20:00:00+00:00,-1.186047349823324,-1.186047349823324,True,-1.186047349823324,True,-1.186047349823324,False,-1.2356805187656492
USDCAD,2018-07-25 20:00:00+00:00,0.2617845569619995,0.2617845569619995,False,0.2617845569619995,False,0.2617845569619995,False,0.2617845569619995
USDCAD,2018-08-27 16:00:00+00:00,-1.1782205479452033,-1.1782205479452033,False,-1.1782205479452033,False,-1.1782205479452033,False,-1.1782205479452033
USDCAD,2018-09-12 16:00:00+00:00,0.7278689847009808,0.7278689847009808,True,0.7278689847009808,False,0.7278689847009808,False,0.7278689847009808
USDCAD,2018-09-26 20:00:00+00:00,-1.2968239999999887,-1.2968239999999887,False,-1.2968239999999887,True,-1.2968239999999887,False,-1.3330426390640282
USDCAD,2018-09-28 16:00:00+00:00,-0.4500342794759864,-0.4500342794759864,False,-0.4500342794759864,False,-0.4500342794759864,False,-0.4500342794759864
USDCAD,2018-10-10 20:00:00+00:00,-1.2606854757929908,-1.2606854757929908,False,-1.2606854757929908,True,-1.2606854757929908,True,-1.2702496589679673
USDCAD,2018-10-19 16:00:00+00:00,-1.2101785522788198,-1.2101785522788198,False,-1.2101785522788198,False,-1.2101785522788198,False,-1.2101785522788198
USDCAD,2018-10-24 16:00:00+00:00,-1.1522856031128395,-1.1522856031128395,False,-1.1522856031128395,False,-1.1522856031128395,False,-1.247645047543877
USDCAD,2018-11-02 08:00:00+00:00,-1.3771836538461593,-1.3771836538461593,False,-1.3771836538461593,True,-1.3771836538461593,True,-1.2507178215247943
USDCAD,2018-11-08 20:00:00+00:00,-0.3422921373200543,-0.3422921373200543,False,-0.3422921373200543,False,-0.3422921373200543,False,-0.45043735570890153
USDCAD,2018-11-15 20:00:00+00:00,-1.2418201526717536,-1.2418201526717536,True,-1.2418201526717536,True,-1.2418201526717536,True,-1.2156035253483628
USDCAD,2018-11-20 20:00:00+00:00,-1.1781261744966454,-1.1781261744966454,False,-1.1781261744966454,False,-1.1781261744966454,False,-1.1784002966484526
USDCAD,2018-11-28 16:00:00+00:00,-1.3212795180722758,-1.3212795180722758,False,-1.3212795180722758,False,-1.3212795180722758,False,-1.2428481122540993
USDCAD,2018-12-05 16:00:00+00:00,-1.1509875354107635,-1.1509875354107635,False,-1.1509875354107635,False,-1.1509875354107635,False,-1.176133574602649
USDCAD,2018-12-18 16:00:00+00:00,1.693243181818179,1.693243181818179,False,1.693243181818179,False,1.693243181818179,False,1.575085811211068
USDCAD,2018-12-18 20:00:00+00:00,-1.2911556756756786,-1.2911556756756786,False,-1.2911556756756786,False,-1.2911556756756786,False,-1.2911556756756786
USDCAD,2019-01-25 16:00:00+00:00,1.7777033707865173,1.7777033707865173,False,1.8086207865168384,True,1.8086207865168384,True,1.755094109194774
USDCAD,2019-01-30 20:00:00+00:00,-1.102599999999993,-1.102599999999993,False,-1.102599999999993,False,-1.102599999999993,False,-1.102599999999993
USDCAD,2019-02-06 08:00:00+00:00,1.730341694915255,1.730341694915255,False,1.13070169491524,True,1.13070169491524,True,1.730341694915255
USDCAD,2019-02-07 20:00:00+00:00,-1.3565355704698006,-1.3565355704698006,False,-1.3565355704698006,True,-1.3565355704698006,False,-1.3565355704698006
USDCAD,2019-02-19 20:00:00+00:00,1.6742853608247437,0.7371191164993356,True,1.666032989690715,True,1.666032989690715,True,1.6742853608247437
USDCAD,2019-02-22 20:00:00+00:00,-1.2841647482014382,-1.2841647482014382,False,-1.2841647482014382,False,-1.2841647482014382,False,-1.2841647482014382
USDCAD,2019-03-01 16:00:00+00:00,1.5586875438596786,1.5586875438596786,False,1.5586875438596786,False,1.5586875438596786,False,1.51612107925703
USDCAD,2019-03-01 20:00:00+00:00,1.7401153970826584,1.7401153970826584,False,1.7401153970826584,False,1.7401153970826584,False,1.039159502712381
USDCAD,2019-03-22 12:00:00+00:00,-0.02614655870446874,-0.02614655870446874,False,-0.02614655870446874,False,-0.02614655870446874,False,-0.036866634250297535
USDCAD,2019-03-29 16:00:00+00:00,-0.713924797406792,-0.713924797406792,True,-0.713924797406792,True,-0.713924797406792,True,-0.9667174501873477
USDCAD,2019-04-23 16:00:00+00:00,1.6524722580645195,1.6524722580645195,False,1.6524722580645195,False,1.6524722580645195,False,1.6427487373375942
USDCAD,2019-04-30 12:00:00+00:00,-1.5398816053511617,-1.5398816053511617,True,-1.5398816053511617,True,-1.5398816053511617,False,-1.5398816053511617
USDCAD,2019-05-29 16:00:00+00:00,-1.324218400000007,-1.324218400000007,False,-1.324218400000007,False,-1.324218400000007,False,-1.324218400000007
USDCAD,2019-06-07 16:00:00+00:00,-1.2071383419689132,-1.2071383419689132,False,-1.2071383419689132,False,-1.2071383419689132,False,-1.2071383419689132
USDCAD,2019-06-14 16:00:00+00:00,-1.2979055762081817,-1.2979055762081817,False,-1.2979055762081817,True,-1.2979055762081817,True,-1.2979055762081817
USDCAD,2019-06-19 20:00:00+00:00,1.794136103896105,1.794136103896105,False,1.794136103896105,False,1.794136103896105,False,1.4238016946953953
USDCAD,2019-06-20 12:00:00+00:00,-1.3073875728155346,-1.3073875728155346,False,-1.3073875728155346,False,-1.3073875728155346,False,-1.3073875728155346
USDCAD,2019-06-26 16:00:00+00:00,0.42789682242994603,0.42789682242994603,False,0.42789682242994603,False,0.42789682242994603,False,0.35894828341589596
USDCAD,2019-07-22 16:00:00+00:00,0.43070000000003134,0.43070000000003134,False,0.43070000000003134,True,0.43070000000003134,True,0.4096813539267875
USDCAD,2019-09-06 16:00:00+00:00,-1.214174054054052,-1.214174054054052,False,-1.214174054054052,False,-1.214174054054052,False,-1.214174054054052
USDCAD,2019-09-13 16:00:00+00:00,-1.2920742647058883,-1.2920742647058883,False,-1.2920742647058883,False,-1.2920742647058883,False,-1.4499605883739817
USDCAD,2019-10-02 16:00:00+00:00,-0.029011952191243324,-0.029011952191243324,False,-0.029011952191243324,False,-0.029011952191243324,False,-0.029011952191243324
USDCAD,2019-10-10 16:00:00+00:00,1.6471866666666628,1.6471866666666628,False,0.9200840000000134,True,0.9200840000000134,True,1.6252933672327599
USDCAD,2019-10-11 16:00:00+00:00,0.2818707555555589,0.2818707555555589,False,0.2818707555555589,False,0.2818707555555589,False,0.2818707555555589
USDCAD,2019-10-17 16:00:00+00:00,0.9613982142857299,0.9613982142857299,False,0.9613982142857299,False,0.9613982142857299,False,0.7204650448324288
USDCAD,2019-10-30 16:00:00+00:00,-0.17207995930822292,-0.17207995930822292,False,-0.17207995930822292,True,-0.17207995930822292,True,-0.17207995930822292
USDCAD,2019-12-04 16:00:00+00:00,0.015152697095434473,0.015152697095434473,False,0.015152697095434473,False,0.015152697095434473,False,0.015152697095434473
USDCAD,2019-12-04 20:00:00+00:00,-1.379326315789467,-1.379326315789467,False,-1.379326315789467,False,-1.379326315789467,False,-1.379326315789467
USDCAD,2019-12-11 20:00:00+00:00,0.6916069097888687,0.6916069097888687,False,0.6916069097888687,False,0.6916069097888687,False,0.6916069097888687
USDCAD,2019-12-13 00:00:00+00:00,-1.4181968253968371,-1.4181968253968371,False,-1.4181968253968371,False,-1.4181968253968371,False,-1.541312225401913
USDCAD,2019-12-26 16:00:00+00:00,1.5836000000000057,1.5836000000000057,False,1.5836000000000057,False,1.5836000000000057,False,1.5836000000000057
USDCAD,2020-01-09 16:00:00+00:00,-1.2862000000000036,-1.2862000000000036,True,-1.2862000000000036,True,-1.2862000000000036,True,-1.2862000000000036
USDCAD,2020-01-22 16:00:00+00:00,0.850490470446347,0.850490470446347,False,0.850490470446347,True,0.850490470446347,True,0.850490470446347
USDCAD,2020-02-03 20:00:00+00:00,0.1985775811209421,0.1985775811209421,False,0.1985775811209421,False,0.1985775811209421,False,0.1985775811209421
USDCAD,2020-02-28 04:00:00+00:00,-1.3025398496240608,-1.3025398496240608,False,-1.3025398496240608,False,-1.3025398496240608,False,-1.3025398496240608
USDCAD,2020-03-09 00:00:00+00:00,-1.1958999999999975,-1.1958999999999975,False,-1.1958999999999975,False,-1.1958999999999975,False,-1.1958999999999975
USDCAD,2020-03-10 16:00:00+00:00,1.877599120234605,1.877599120234605,False,1.877599120234605,False,1.877599120234605,False,1.8901253150491666
USDCAD,2020-03-13 16:00:00+00:00,-1.095284865790977,-1.095284865790977,False,-1.095284865790977,False,-1.095284865790977,False,-1.095284865790977
USDCAD,2020-03-17 12:00:00+00:00,1.8827480164158674,1.8827480164158674,False,1.8827480164158674,False,1.8827480164158674,False,1.91945955205326
USDCAD,2020-03-18 16:00:00+00:00,-1.0845829995114802,-1.0845829995114802,False,-1.0845829995114802,False,-1.0845829995114802,False,-1.0845829995114802
USDCAD,2020-03-19 04:00:00+00:00,-1.0888815267175576,-1.0888815267175576,False,-1.0888815267175576,False,-1.0888815267175576,False,-1.0888815267175576
USDCAD,2020-04-13 20:00:00+00:00,-1.1753184873949585,-1.1753184873949585,False,-1.1753184873949585,True,-1.1753184873949585,True,-1.1264520852085225
USDCAD,2020-04-23 16:00:00+00:00,0.8336284552845541,0.8336284552845541,False,0.8336284552845541,True,0.8336284552845541,True,0.8336284552845541
USDCAD,2020-05-01 16:00:00+00:00,-1.179814498933903,-1.179814498933903,True,-1.179814498933903,False,-1.179814498933903,False,-1.1606931788759594
USDCAD,2020-05-07 16:00:00+00:00,-1.149260638297873,-1.149260638297873,False,-1.149260638297873,True,-1.149260638297873,True,-1.1986258478891476
USDCAD,2020-05-13 16:00:00+00:00,-1.2014071684587817,-1.2014071684587817,False,-1.2014071684587817,False,-1.2014071684587817,False,-1.3034298554295185
USDCAD,2020-05-18 16:00:00+00:00,-1.2277284552845544,-1.2277284552845544,False,-1.2277284552845544,False,-1.2277284552845544,False,-1.2472837421553293
USDCAD,2020-05-26 12:00:00+00:00,1.7823620553359678,1.7823620553359678,False,1.7823620553359678,False,1.7823620553359678,False,1.671307292453287
USDCAD,2020-06-01 16:00:00+00:00,1.5290825892857278,1.5290825892857278,False,1.5290825892857278,False,1.5290825892857278,False,1.5290825892857278
USDCAD,2020-07-15 16:00:00+00:00,-1.2537644305772222,-1.2537644305772222,False,-1.2537644305772222,False,-1.2537644305772222,False,-1.2138016335308364
USDCAD,2020-07-21 12:00:00+00:00,1.6749066666666672,1.6749066666666672,False,1.6749066666666672,False,1.6749066666666672,False,1.712372267349204
USDCAD,2020-09-08 12:00:00+00:00,-0.5577619205297902,-0.5577619205297902,False,-0.5577619205297902,False,-0.5577619205297902,False,1.6177027002852076
USDCAD,2020-09-17 04:00:00+00:00,-1.3107317647058896,-1.3107317647058896,False,-1.3107317647058896,False,-1.3107317647058896,False,-1.2316948430166452
USDCAD,2020-09-30 16:00:00+00:00,0.3372486880466222,0.3372486880466222,False,0.3372486880466222,True,0.3372486880466222,True,1.581811662250931
USDCAD,2020-10-09 16:00:00+00:00,-1.2621362126245885,-1.2621362126245885,False,-1.2621362126245885,False,-1.2621362126245885,False,-1.2621362126245885
USDCAD,2020-10-15 12:00:00+00:00,-1.3749260663507206,-1.3749260663507206,True,-1.3749260663507206,True,-1.3749260663507206,True,-1.3749260663507206
USDCAD,2020-10-20 16:00:00+00:00,-1.205073766233771,-1.205073766233771,False,-1.205073766233771,False,-1.205073766233771,False,-1.3652184497473414
USDCAD,2020-10-28 12:00:00+00:00,1.714174597495527,1.714174597495527,False,1.9591080500894622,True,1.9591080500894622,True,1.714174597495527
USDCAD,2020-10-28 16:00:00+00:00,-1.2519516587677746,-1.2519516587677746,False,-1.2519516587677746,False,-1.2519516587677746,False,-1.2519516587677746
USDCAD,2020-10-29 12:00:00+00:00,-1.2224514603616192,-1.2224514603616192,False,-1.2224514603616192,False,-1.2224514603616192,False,-1.2224514603616192
USDCAD,2020-11-04 00:00:00+00:00,-1.2255493562231743,-1.2255493562231743,False,-1.2255493562231743,False,-1.2255493562231743,False,-1.389555791027227
USDCAD,2020-11-05 16:00:00+00:00,-1.1638263048016715,-1.1638263048016715,False,-1.1638263048016715,False,-1.1638263048016715,False,-1.1416921708228525
USDCAD,2020-11-30 12:00:00+00:00,-1.3951167512690523,-1.3951167512690523,False,-1.3951167512690523,False,-1.3951167512690523,False,-1.3208714364082093
USDCAD,2020-12-03 16:00:00+00:00,1.7306640980735495,1.7306640980735495,False,1.7306640980735495,False,1.7306640980735495,False,1.7306640980735495
USDCAD,2020-12-04 16:00:00+00:00,0.23410302013420028,0.23410302013420028,False,0.23410302013420028,False,0.23410302013420028,False,0.23410302013420028
USDCAD,2020-12-10 16:00:00+00:00,-1.222732751091698,-1.222732751091698,False,-1.222732751091698,False,-1.222732751091698,False,-1.222732751091698
USDCAD,2020-12-15 20:00:00+00:00,-1.3282412903225775,-1.3282412903225775,False,-1.3282412903225775,False,-1.3282412903225775,False,-1.3282412903225775
USDCAD,2020-12-21 04:00:00+00:00,1.6553380846325247,1.6553380846325247,False,-1.0401483296213738,True,-1.0401483296213738,True,1.6520077830937099
USDCAD,2021-01-20 16:00:00+00:00,-1.1683926910298987,-1.1683926910298987,False,-1.1683926910298987,False,-1.1683926910298987,False,-1.2243192020887308
USDCAD,2021-03-12 16:00:00+00:00,1.7712067484662606,1.7712067484662606,False,1.7712067484662606,False,1.7712067484662606,False,1.7712067484662606
USDCAD,2021-03-17 20:00:00+00:00,-1.180460869565216,-1.180460869565216,False,-1.180460869565216,False,-1.180460869565216,False,-1.180460869565216
USDCAD,2021-03-18 20:00:00+00:00,0.891481159420303,0.891481159420303,True,0.891481159420303,True,0.891481159420303,False,-1.2956235904555629
USDCAD,2021-04-05 16:00:00+00:00,-1.3895678756476708,-1.3895678756476708,False,-1.3895678756476708,False,-1.3895678756476708,False,-1.2109064622656236
USDCAD,2021-04-14 16:00:00+00:00,-1.2484336633663384,-1.2484336633663384,False,-1.2484336633663384,False,-1.2484336633663384,False,-1.6775525417617294
USDCAD,2021-04-20 16:00:00+00:00,-1.2577863013698698,-1.2577863013698698,False,-1.2577863013698698,True,-1.2577863013698698,False,-1.2564560601486618
USDCAD,2021-04-28 20:00:00+00:00,0.6006687089715832,0.6006687089715832,False,0.6006687089715832,False,0.6006687089715832,False,0.6006687089715832
USDCAD,2021-05-06 16:00:00+00:00,1.7307408502772714,1.7307408502772714,False,1.7307408502772714,False,1.7307408502772714,False,1.7307408502772714
USDCAD,2021-05-07 16:00:00+00:00,-1.2635212996389844,-1.2635212996389844,False,-1.2635212996389844,False,-1.2635212996389844,False,-1.2635212996389844
USDCAD,2021-06-03 16:00:00+00:00,-1.2686777777777742,-1.2686777777777742,False,-1.2686777777777742,True,-1.2686777777777742,True,-0.5788632211307981
USDCAD,2021-06-11 16:00:00+00:00,1.755165943238729,1.755165943238729,False,4.7350130217029,True,4.7350130217029,True,1.7110604802348968
USDCAD,2021-06-15 12:00:00+00:00,1.7237902255639095,1.7237902255639095,False,4.753925939849666,True,4.753925939849666,True,1.5920090919210954
USDCAD,2021-06-16 20:00:00+00:00,1.8537325443786958,1.8537325443786958,False,1.8419053254438378,True,1.8419053254438378,True,1.8537325443786958
USDCAD,2021-07-06 16:00:00+00:00,0.2768911439114354,0.2768911439114354,False,0.2768911439114354,False,0.2768911439114354,False,0.2768911439114354
USDCAD,2021-07-07 16:00:00+00:00,0.005700591715969247,0.005700591715969247,False,0.005700591715969247,False,0.005700591715969247,False,0.005700591715969247
USDCAD,2021-07-19 08:00:00+00:00,-1.2563274873524455,-1.2563274873524455,False,-1.2563274873524455,False,-1.2563274873524455,False,-1.2563274873524455
USDCAD,2021-07-21 16:00:00+00:00,-0.23896343143392962,-0.23896343143392962,False,-0.23896343143392962,True,-0.23896343143392962,False,-0.23896343143392962
USDCAD,2021-08-19 08:00:00+00:00,1.6810769230769218,1.6810769230769218,False,1.6810769230769218,False,1.6810769230769218,False,1.6810769230769218
USDCAD,2021-08-20 08:00:00+00:00,-1.253377049180328,-1.253377049180328,False,-1.253377049180328,False,-1.253377049180328,False,-1.253377049180328
USDCAD,2021-09-08 08:00:00+00:00,-1.3198151578947346,-1.3198151578947346,False,-1.3198151578947346,False,-1.3198151578947346,False,-1.2405282109842428
USDCAD,2021-09-17 16:00:00+00:00,-1.169090122086571,-1.169090122086571,False,-1.169090122086571,False,-1.169090122086571,False,1.7847463681735987
USDCAD,2021-09-20 12:00:00+00:00,-1.2269911504424778,-1.2269911504424778,False,-1.2269911504424778,False,-1.2269911504424778,False,-1.2269911504424778
USDCAD,2021-09-23 08:00:00+00:00,-1.1830417266187045,-1.1830417266187045,False,-1.1830417266187045,True,-1.1830417266187045,True,-1.1830417266187045
USDCAD,2021-10-22 16:00:00+00:00,-1.2323373040752332,-1.2323373040752332,False,-1.2323373040752332,True,-1.2323373040752332,True,-1.2689601788595275
USDCAD,2021-11-04 16:00:00+00:00,-1.3033292682926807,-1.3033292682926807,False,-1.3033292682926807,True,-1.3033292682926807,True,-1.2902712085204737
USDCAD,2021-11-10 20:00:00+00:00,1.3764547683923334,1.3764547683923334,False,0.8822010899182244,True,0.8822010899182244,True,1.722264448496559
USDCAD,2021-11-19 12:00:00+00:00,1.7352229166666662,1.7352229166666662,False,1.7352229166666662,False,1.7352229166666662,False,1.4937085712952431
USDCAD,2021-11-22 16:00:00+00:00,1.688901832993888,1.688901832993888,False,1.688901832993888,False,1.688901832993888,False,1.6717654949880452
USDCAD,2021-12-13 16:00:00+00:00,1.7373959183673517,1.7373959183673517,False,1.7373959183673517,False,1.7373959183673517,False,1.7373959183673517
USDCAD,2021-12-27 16:00:00+00:00,1.758847393364927,1.758847393364927,False,1.9374695102685737,True,1.9374695102685737,True,1.743537793531293
USDCAD,2021-12-30 20:00:00+00:00,1.677194915254226,1.677194915254226,False,1.7535118644068475,True,1.7535118644068475,True,1.6967221008276618
USDCAD,2021-12-31 16:00:00+00:00,-1.13376942003515,-1.13376942003515,False,-1.13376942003515,True,-1.13376942003515,True,-1.13376942003515
USDCAD,2022-01-24 16:00:00+00:00,-1.273179459459462,-1.273179459459462,False,-1.273179459459462,False,-1.273179459459462,False,-1.273179459459462
USDCAD,2022-02-24 16:00:00+00:00,-1.2155141258741262,-1.2155141258741262,False,-1.2155141258741262,False,-1.2155141258741262,False,-1.2155141258741262
USDCAD,2022-03-11 16:00:00+00:00,-1.1987919375812752,-1.1987919375812752,False,-1.1987919375812752,False,-1.1987919375812752,False,-1.230253554433805
USDCAD,2022-03-25 20:00:00+00:00,-1.3096669421487632,-1.3096669421487632,False,-1.3096669421487632,False,-1.3096669421487632,False,-1.3096669421487632
USDCAD,2022-04-28 12:00:00+00:00,-1.2139916666666706,-1.2139916666666706,False,-1.2139916666666706,False,-1.2139916666666706,False,-1.1404556625564306
USDCAD,2022-06-02 16:00:00+00:00,-1.2270491754122954,-1.2270491754122954,False,-1.2270491754122954,True,-1.2270491754122954,True,-1.2398341700786595
USDCAD,2022-06-09 16:00:00+00:00,1.8272745762711828,1.8272745762711828,False,1.7866210169492074,True,1.7866210169492074,True,1.720235521403599
USDCAD,2022-07-05 16:00:00+00:00,-1.1404032374100717,-1.1404032374100717,False,-1.1404032374100717,False,-1.1404032374100717,False,-1.1646808743556318
USDCAD,2022-07-14 12:00:00+00:00,-1.1295856317093305,-1.1295856317093305,False,-1.1295856317093305,False,-1.1295856317093305,False,-1.1295856317093305
USDCAD,2022-07-18 16:00:00+00:00,0.8587512056737661,0.8587512056737661,False,0.8587512056737661,False,0.8587512056737661,False,-1.3118565535094255
USDCAD,2022-08-10 16:00:00+00:00,-1.1319706940874028,-1.1319706940874028,False,-1.1319706940874028,False,-1.1319706940874028,False,-1.1319706940874028
USDCAD,2022-08-15 12:00:00+00:00,-1.2249039301310065,-1.2249039301310065,False,-1.2249039301310065,True,-1.2249039301310065,True,-1.471600587739829
USDCAD,2022-08-22 16:00:00+00:00,-1.2734287215411615,-1.2734287215411615,False,-1.2734287215411615,False,-1.2734287215411615,False,-1.2734287215411615
USDCAD,2022-08-30 16:00:00+00:00,0.23568247663551467,0.23568247663551467,False,0.23568247663551467,False,0.23568247663551467,False,0.23568247663551467
USDCAD,2022-11-02 20:00:00+00:00,-1.1047470852017944,-1.1047470852017944,False,-1.1047470852017944,False,-1.1047470852017944,False,-1.1259826913687159
USDCAD,2022-11-10 16:00:00+00:00,-0.12677724137930652,-0.12677724137930652,False,-0.12677724137930652,True,-0.12677724137930652,True,-0.26403458153672665
USDCAD,2022-11-21 16:00:00+00:00,-1.2102406249999964,-1.2102406249999964,False,-1.2102406249999964,True,-1.2102406249999964,False,-1.2102406249999964
USDCAD,2022-11-28 20:00:00+00:00,-1.2450558421851337,-1.2450558421851337,False,-1.2450558421851337,True,-1.2450558421851337,False,-1.2450558421851337
USDCAD,2022-11-29 16:00:00+00:00,-1.121872180451129,-1.121872180451129,False,-1.121872180451129,True,-1.121872180451129,False,-1.1738862605081535
USDCAD,2022-12-13 16:00:00+00:00,-1.2094940874036018,-1.2094940874036018,True,-1.2094940874036018,True,-1.2094940874036018,False,-1.2094940874036018
USDCAD,2023-01-03 12:00:00+00:00,-1.1685243019648386,-1.1685243019648386,False,-1.1685243019648386,False,-1.1685243019648386,False,-1.2835194868585766
USDCAD,2023-01-18 20:00:00+00:00,-1.1744002162162166,-1.1744002162162166,False,-1.1744002162162166,True,-1.1744002162162166,False,-1.1586671407550635
USDCAD,2023-02-10 16:00:00+00:00,-1.1614855421686752,-1.1614855421686752,False,-1.1614855421686752,False,-1.1614855421686752,False,-1.2099864708086536
USDCAD,2023-03-07 16:00:00+00:00,-0.7209036363636346,-0.7209036363636346,False,-0.7209036363636346,False,-0.7209036363636346,False,-0.7209036363636346
USDCAD,2023-03-09 20:00:00+00:00,-1.2635547770700701,-1.2635547770700701,False,-1.2635547770700701,False,-1.2635547770700701,False,-1.2635547770700701
USDCAD,2023-03-13 16:00:00+00:00,-1.1436696864111506,-1.1436696864111506,False,-1.1436696864111506,True,-1.1436696864111506,True,-1.1642831582149578
USDCAD,2023-03-24 12:00:00+00:00,-1.246714798206283,-1.246714798206283,False,-1.246714798206283,False,-1.246714798206283,False,-1.3760873712815695
USDCAD,2023-04-03 12:00:00+00:00,-1.306800379506635,-1.306800379506635,False,-1.306800379506635,True,-1.306800379506635,True,-1.306800379506635
USDCAD,2023-04-13 16:00:00+00:00,-1.2584743961352638,-1.2584743961352638,False,-1.2584743961352638,False,-1.2584743961352638,False,-1.2584743961352638
USDCAD,2023-04-19 12:00:00+00:00,1.5913999999999964,1.2279818181818398,True,3.7971952604587784,True,1.5913999999999964,False,1.6424361591381393
USDCAD,2023-04-25 08:00:00+00:00,1.5744218749999828,1.5744218749999828,False,1.5744218749999828,False,1.5744218749999828,False,-1.321980184659986
USDCAD,2023-05-05 16:00:00+00:00,-1.1713868504772036,-1.1713868504772036,False,-1.1713868504772036,False,-1.1713868504772036,False,-1.1713868504772036
USDCAD,2023-05-11 16:00:00+00:00,-1.2077150579150564,-1.2077150579150564,True,-1.2077150579150564,True,-1.2077150579150564,False,-1.2077150579150564
USDCAD,2023-05-12 16:00:00+00:00,-1.286477738515901,-1.286477738515901,True,-1.286477738515901,False,-1.286477738515901,False,-1.286477738515901
USDCAD,2023-05-24 16:00:00+00:00,-0.2957493243243108,-0.2957493243243108,False,-0.2957493243243108,False,-0.2957493243243108,False,-0.2532163048341444
USDCAD,2023-05-25 16:00:00+00:00,-1.3528634989200932,-1.3528634989200932,False,-1.3528634989200932,False,-1.3528634989200932,False,-1.3528634989200932
USDCAD,2023-06-01 16:00:00+00:00,0.34864223602484423,0.34864223602484423,False,0.34864223602484423,False,0.34864223602484423,False,1.7010047710992133
USDCAD,2023-06-13 16:00:00+00:00,-1.2972230483271407,-1.2972230483271407,False,-1.2972230483271407,False,-1.2972230483271407,False,-1.5091156674222448
USDCAD,2023-06-15 16:00:00+00:00,0.5790477788746271,0.5790477788746271,False,0.5790477788746271,False,0.5790477788746271,False,0.8821032753104405
USDCAD,2023-08-08 12:00:00+00:00,-1.2876737967914493,-1.2876737967914493,False,-1.2876737967914493,True,-1.2876737967914493,True,-1.2876737967914493
USDCAD,2023-08-15 08:00:00+00:00,0.4134140417457444,0.4134140417457444,False,0.4134140417457444,True,0.4134140417457444,True,0.37869088812570517
USDCAD,2023-08-25 16:00:00+00:00,-1.297275409836066,-1.297275409836066,False,-1.297275409836066,False,-1.297275409836066,False,-1.297275409836066
USDCAD,2023-08-30 16:00:00+00:00,-1.3224285714285755,-1.3224285714285755,False,-1.3224285714285755,True,-1.3224285714285755,True,-1.2607651167008724
USDCAD,2023-09-05 08:00:00+00:00,-1.367662471910107,-1.367662471910107,False,-1.367662471910107,False,-1.367662471910107,False,-1.4576894075906353
USDCAD,2023-10-02 16:00:00+00:00,-1.098839393939394,-1.098839393939394,False,-1.098839393939394,False,-1.098839393939394,False,-1.098839393939394
USDCAD,2023-10-06 16:00:00+00:00,-0.11605822784811061,-0.11605822784811061,True,-0.11605822784811061,True,-0.11605822784811061,False,-0.11605822784811061
USDCAD,2023-10-24 16:00:00+00:00,1.692766604823748,1.692766604823748,False,1.692766604823748,False,1.692766604823748,False,1.5324324827371092
USDCAD,2023-11-02 20:00:00+00:00,-1.2903462214411263,-1.2903462214411263,False,-1.2903462214411263,True,-1.2903462214411263,True,-1.2903462214411263
USDCAD,2023-11-03 16:00:00+00:00,-1.228791933240611,-1.228791933240611,False,-1.228791933240611,True,-1.228791933240611,True,-1.228791933240611
USDCAD,2023-11-14 16:00:00+00:00,0.1758631103074114,0.1758631103074114,False,0.1758631103074114,False,0.1758631103074114,False,0.1758631103074114
USDCAD,2023-11-24 16:00:00+00:00,0.8047212888377449,0.8047212888377449,False,0.8047212888377449,False,0.8047212888377449,False,1.0743645934770243
USDCAD,2023-12-13 20:00:00+00:00,1.8191438202247219,1.8191438202247219,False,1.8191438202247219,False,1.8191438202247219,False,1.8191438202247219
USDCAD,2023-12-14 04:00:00+00:00,1.6632267782426782,1.6632267782426782,False,1.6632267782426782,False,1.6632267782426782,False,1.6632267782426782
USDCAD,2023-12-19 16:00:00+00:00,1.6804056112224337,1.6804056112224337,False,1.6804056112224337,False,1.6804056112224337,False,1.5607362131271236
USDCAD,2023-12-21 16:00:00+00:00,1.6692091476091464,1.6692091476091464,False,1.6692091476091464,False,1.6692091476091464,False,1.6692091476091464
USDCAD,2023-12-26 16:00:00+00:00,-1.3797655502392279,-1.3797655502392279,False,-1.3797655502392279,False,-1.3797655502392279,False,-1.3797655502392279
USDCAD,2024-01-11 16:00:00+00:00,-1.2036479087452483,-1.2036479087452483,False,-1.2036479087452483,True,-1.2036479087452483,True,-1.3450866864405449
USDCAD,2024-01-31 16:00:00+00:00,-1.2077271317829497,-1.2077271317829497,False,-1.2077271317829497,False,-1.2077271317829497,False,-1.2077271317829497
USDCAD,2024-02-05 16:00:00+00:00,-1.3198189349112484,-1.3198189349112484,False,-1.3198189349112484,True,-1.3198189349112484,True,-1.3198189349112484
USDCAD,2024-02-13 16:00:00+00:00,-0.5232158450704103,-0.5232158450704103,False,-0.5232158450704103,False,-0.5232158450704103,False,-1.8198829356550696
USDCAD,2024-02-22 08:00:00+00:00,-1.4658714697406228,-1.4658714697406228,False,-1.4658714697406228,False,-1.4658714697406228,False,-1.4216328166849672
USDCAD,2024-03-06 16:00:00+00:00,0.34001391076116283,0.34001391076116283,False,0.34001391076116283,False,0.34001391076116283,False,0.4276473818873349
USDCAD,2024-03-20 20:00:00+00:00,-1.2026314606741555,-1.2026314606741555,False,-1.2026314606741555,False,-1.2026314606741555,False,-1.3351101763318791
USDCAD,2024-03-28 16:00:00+00:00,0.2913667157584817,0.2913667157584817,False,0.2913667157584817,False,0.2913667157584817,False,-1.3028198228381185
USDCAD,2024-04-10 16:00:00+00:00,0.7401962235649437,0.7401962235649437,False,0.7401962235649437,False,0.7401962235649437,False,0.7401962235649437
USDCAD,2024-04-30 16:00:00+00:00,-1.22173962264151,-1.22173962264151,False,-1.22173962264151,False,-1.22173962264151,False,-1.2647011377468347
USDCAD,2024-05-23 20:00:00+00:00,-1.3890624113475216,-1.3890624113475216,False,-1.3890624113475216,False,-1.3890624113475216,False,-1.3890624113475216
USDCAD,2024-06-07 16:00:00+00:00,-0.35891070496081967,-0.35891070496081967,False,-0.35891070496081967,False,-0.35891070496081967,False,-1.3956917936744242
USDCAD,2024-07-01 16:00:00+00:00,-1.2571037500000015,-1.2571037500000015,False,-1.2571037500000015,False,-1.2571037500000015,False,-1.3193163937169754
USDCAD,2024-07-03 16:00:00+00:00,-0.01375665236050004,-0.01375665236050004,False,-0.01375665236050004,False,-0.01375665236050004,False,-0.01375665236050004
USDCAD,2024-07-24 20:00:00+00:00,-0.6836201342282077,-0.6836201342282077,False,-0.6836201342282077,False,-0.6836201342282077,False,-0.6836201342282077
USDCAD,2024-08-06 16:00:00+00:00,0.9478871985157462,0.9478871985157462,False,0.9813024118738295,True,0.9813024118738295,True,0.6287253535158039
USDCAD,2024-08-23 16:00:00+00:00,-0.816564720812169,-0.816564720812169,False,-0.816564720812169,False,-0.816564720812169,False,-0.816564720812169
USDCAD,2024-09-10 16:00:00+00:00,-1.4279700787401473,-1.4279700787401473,False,-1.4279700787401473,True,-1.4279700787401473,True,-0.49452769823309933
USDCAD,2024-09-23 16:00:00+00:00,-0.553625190839694,-0.553625190839694,False,-0.553625190839694,False,-0.553625190839694,False,-0.4183988060520815
USDCAD,2024-10-21 16:00:00+00:00,-1.4824313953488528,-1.4824313953488528,False,-1.4824313953488528,False,-1.4824313953488528,False,-1.4824313953488528
USDCAD,2024-10-25 16:00:00+00:00,0.5864657718121123,0.5864657718121123,False,0.5864657718121123,False,0.5864657718121123,False,0.5864657718121123
USDCAD,2024-11-19 16:00:00+00:00,-1.3347019920318708,-1.3347019920318708,False,-1.3347019920318708,True,-1.3347019920318708,True,-1.3347019920318708
USDCAD,2024-11-26 00:00:00+00:00,-0.5534964799999896,-0.5534964799999896,False,-0.5534964799999896,False,-0.5534964799999896,False,-1.2063050568672138
USDCAD,2024-12-02 16:00:00+00:00,-1.319413636363626,-1.319413636363626,False,-1.319413636363626,False,-1.319413636363626,False,0.1962872521913609
USDCAD,2024-12-06 16:00:00+00:00,0.8676561844863508,0.8676561844863508,False,0.8676561844863508,False,0.8676561844863508,False,1.2749226286113133
USDCAD,2025-02-13 16:00:00+00:00,0.18629628712870283,0.18629628712870283,False,0.18629628712870283,False,0.18629628712870283,False,0.18629628712870283
USDCAD,2025-02-25 00:00:00+00:00,1.676128813559331,1.676128813559331,False,1.3602763148685784,True,1.676128813559331,False,1.68976567663064
USDCAD,2025-02-25 16:00:00+00:00,1.6465839835729064,1.6465839835729064,False,1.1564914233988082,True,1.6465839835729064,False,1.263979513849299
USDCAD,2025-02-27 16:00:00+00:00,-1.1853510204081648,-1.1853510204081648,False,-1.1853510204081648,False,-1.1853510204081648,False,-1.1853510204081648
USDCAD,2025-02-28 20:00:00+00:00,-1.300627083333334,-1.300627083333334,False,-1.300627083333334,False,-1.300627083333334,False,-1.300627083333334
USDCAD,2025-03-03 20:00:00+00:00,-1.1683297087378643,-1.1683297087378643,False,-1.1683297087378643,False,-1.1683297087378643,False,-1.1683297087378643
USDCAD,2025-03-06 16:00:00+00:00,-1.1606317757009323,-1.1606317757009323,False,-1.1606317757009323,False,-1.1606317757009323,False,-1.1544264629003596
USDCAD,2025-04-03 00:00:00+00:00,0.6542123324396631,0.6542123324396631,False,0.6542123324396631,False,0.6542123324396631,False,0.6542123324396631
USDCAD,2025-04-03 08:00:00+00:00,-1.1884285082872927,-1.1884285082872927,False,-1.1884285082872927,False,-1.1884285082872927,False,-1.1884285082872927
USDCAD,2025-04-03 12:00:00+00:00,-1.2322657534246546,-1.2322657534246546,False,-1.2322657534246546,False,-1.2322657534246546,False,-1.2322657534246546
USDCAD,2025-04-23 16:00:00+00:00,-1.2223064171122948,-1.2223064171122948,False,-1.2223064171122948,True,-1.2223064171122948,False,-1.2211044162666103
USDCAD,2025-05-12 08:00:00+00:00,-1.299830107526886,-1.299830107526886,False,-1.299830107526886,True,-1.299830107526886,False,-1.3143865558026882
USDCAD,2025-05-21 16:00:00+00:00,1.756183751846379,1.756183751846379,False,1.756183751846379,False,1.756183751846379,False,1.756183751846379
USDCAD,2025-05-23 16:00:00+00:00,-1.2161206266318538,-1.2161206266318538,False,-1.2161206266318538,False,-1.2161206266318538,False,-1.2161206266318538
USDCAD,2025-06-13 16:00:00+00:00,-1.2829514731369125,-1.2829514731369125,False,-1.2829514731369125,False,-1.2829514731369125,False,-1.2829514731369125
USDCAD,2025-06-26 16:00:00+00:00,-1.271857711442787,-1.271857711442787,False,-1.271857711442787,False,-1.271857711442787,False,-1.4692957253826602
USDCAD,2025-07-07 08:00:00+00:00,1.3371342995168891,0.9517583132252064,True,1.3371342995168891,True,1.3371342995168891,True,1.3371342995168891
USDCAD,2025-07-28 08:00:00+00:00,1.646541025641027,1.646541025641027,False,2.114208974358956,True,2.114208974358956,True,1.692195705776156
USDCAD,2025-08-19 16:00:00+00:00,-0.9502003703703712,-0.9502003703703712,False,-0.9502003703703712,False,-0.9502003703703712,False,-0.9998697085162608
USDCAD,2025-08-27 20:00:00+00:00,-0.7183153439153801,-0.7183153439153801,False,-0.7183153439153801,True,-0.7183153439153801,True,-0.562385245765333
USDCAD,2025-09-25 16:00:00+00:00,1.0625975683890216,1.0625975683890216,False,1.0625975683890216,False,1.0625975683890216,False,1.0625975683890216
USDCAD,2025-10-02 16:00:00+00:00,-1.4652766666666892,-1.4652766666666892,False,-1.4652766666666892,False,-1.4652766666666892,False,-1.4358824077596237
USDCAD,2025-10-09 16:00:00+00:00,0.26858807212204905,0.26858807212204905,False,0.26858807212204905,False,0.26858807212204905,False,0.26858807212204905
USDCAD,2025-10-17 20:00:00+00:00,-1.4908542274052416,-1.4908542274052416,True,-1.4908542274052416,True,-1.4908542274052416,True,-1.4699255792182369
USDCAD,2025-10-22 16:00:00+00:00,-1.3256930232558104,-1.3256930232558104,False,-1.3256930232558104,True,-1.3256930232558104,True,-1.3256930232558104
USDCAD,2025-10-28 16:00:00+00:00,-1.2571128834355885,-1.2571128834355885,False,-1.2571128834355885,True,-1.2571128834355885,True,-1.309644686905021
USDCAD,2025-10-29 16:00:00+00:00,-1.36307826086957,-1.36307826086957,False,-1.36307826086957,True,-1.36307826086957,True,-1.36307826086957
USDCAD,2025-11-07 20:00:00+00:00,-0.05937614213199115,0.9336050761421271,True,0.9412238578680089,True,0.9412238578680089,True,-0.05937614213199115
USDCAD,2025-11-18 20:00:00+00:00,-1.4057971014492723,-1.4057971014492723,False,-1.4057971014492723,True,-1.4057971014492723,True,-1.7619885920556622
USDCAD,2025-11-26 04:00:00+00:00,1.4941117117117202,1.7555297297297119,True,1.3619003003003123,True,1.3619003003003123,True,1.5811050333638124
USDCAD,2025-11-26 16:00:00+00:00,1.6187020408163286,0.9879383219954695,True,0.6907079365079605,True,0.6907079365079605,True,1.6956478080863417
USDCAD,2025-11-28 16:00:00+00:00,0.6973219658977134,0.6973219658977134,False,0.6973219658977134,False,0.6973219658977134,False,0.6973219658977134
USDCAD,2025-12-04 16:00:00+00:00,1.6304957871396908,1.6304957871396908,False,1.6304957871396908,False,1.6304957871396908,False,-1.9152324790381463
USDCAD,2025-12-05 16:00:00+00:00,0.6290960000000064,0.6290960000000064,False,0.6290960000000064,False,0.6290960000000064,False,0.6290960000000064
USDCAD,2025-12-11 16:00:00+00:00,-0.5280064516128959,-0.5280064516128959,False,-0.5280064516128959,False,-0.5280064516128959,False,-0.3721184955937617
USDCAD,2026-01-23 16:00:00+00:00,1.6389529670329537,1.6389529670329537,False,1.6389529670329537,False,1.6389529670329537,False,1.6389529670329537
USDCAD,2026-01-27 16:00:00+00:00,-0.5997669064748172,-0.5997669064748172,False,-0.5997669064748172,False,-0.5997669064748172,False,-0.5997669064748172
USDCAD,2026-02-09 16:00:00+00:00,-1.262864734299524,-1.262864734299524,False,-1.262864734299524,False,-1.262864734299524,False,-1.029582802708858
USDCAD,2026-02-17 16:00:00+00:00,-1.3922478468899453,-1.3922478468899453,False,-1.3922478468899453,True,-1.3922478468899453,True,0.22124694400218115
USDCAD,2026-02-27 16:00:00+00:00,-1.3517905579399228,-1.3517905579399228,False,-1.3517905579399228,False,-1.3517905579399228,False,-1.3517905579399228
USDCAD,2026-03-13 16:00:00+00:00,-0.24593301775149531,-0.24593301775149531,False,-0.24593301775149531,True,-0.24593301775149531,True,-1.3171964695994827
USDCAD,2026-04-08 00:00:00+00:00,1.049641681260915,1.049641681260915,True,1.2642250058316749,True,1.2642250058316749,True,1.049641681260915
USDCAD,2026-08-14 08:00:00+00:00,1.48993742331289,1.48993742331289,False,3.488068098159496,True,3.488068098159496,True,1.6239804414976255
USDCAD,2026-08-28 16:00:00+00:00,-1.3037138686131426,-1.3037138686131426,False,-1.3037138686131426,False,-1.3037138686131426,False,-1.684444221302869
USDCAD,2026-09-16 20:00:00+00:00,1.7137928692699576,1.7137928692699576,False,1.7137928692699576,False,1.7137928692699576,False,1.7137928692699576
USDCHF,2017-01-17 12:00:00+00:00,-1.1970779050736478,-1.1970779050736478,False,-1.1970779050736478,False,-1.1970779050736478,False,-1.1427167513389316
USDCHF,2017-01-31 16:00:00+00:00,-1.1823880184331792,-1.1823880184331792,False,-1.1823880184331792,False,-1.1823880184331792,False,-1.1823880184331792
USDCHF,2017-02-14 16:00:00+00:00,-1.2472590163934427,-1.2472590163934427,False,-1.2472590163934427,True,-1.2472590163934427,False,-1.319171108860552
USDCHF,2017-02-21 12:00:00+00:00,-1.3099969230769395,-1.3099969230769395,False,-1.3099969230769395,True,-1.3099969230769395,False,-1.230699932173576
USDCHF,2017-02-22 08:00:00+00:00,-1.3545157894736635,-1.3545157894736635,False,-1.3545157894736635,True,-1.3545157894736635,False,-1.3365904182249466
USDCHF,2017-03-15 20:00:00+00:00,0.6774547692307697,0.6774547692307697,False,0.6774547692307697,False,0.6774547692307697,False,0.6774547692307697
USDCHF,2017-03-30 20:00:00+00:00,0.746730476190482,0.746730476190482,False,0.9870623809523772,True,0.746730476190482,False,0.7765295599392762
USDCHF,2017-05-04 16:00:00+00:00,-1.3057053984575788,-1.3057053984575788,False,-1.3057053984575788,False,-1.3057053984575788,False,-1.613434479420157
USDCHF,2017-05-08 16:00:00+00:00,1.69561924050633,1.69561924050633,False,2.3594444298018513,True,2.3594444298018513,True,1.7264594766057046
USDCHF,2017-05-09 12:00:00+00:00,-1.2366314960629883,-1.2366314960629883,False,-1.2366314960629883,False,-1.2366314960629883,False,-1.2366314960629883
USDCHF,2017-05-22 12:00:00+00:00,-1.249035820895524,-1.249035820895524,False,-1.249035820895524,False,-1.249035820895524,False,-1.249035820895524
USDCHF,2017-06-02 16:00:00+00:00,-1.1544776595744686,-1.1544776595744686,False,-1.1544776595744686,False,-1.1544776595744686,False,-1.1544776595744686
USDCHF,2017-06-27 12:00:00+00:00,-0.04113295292438861,-0.04113295292438861,False,-0.04113295292438861,False,-0.04113295292438861,False,-0.04113295292438861
USDCHF,2017-06-27 16:00:00+00:00,-1.104017715617692,-1.104017715617692,False,-1.104017715617692,False,-1.104017715617692,False,-1.104017715617692
USDCHF,2017-07-20 16:00:00+00:00,-1.1048760511883002,-1.1048760511883002,False,-1.1048760511883002,False,-1.1048760511883002,False,-1.314785856867536
USDCHF,2017-07-27 12:00:00+00:00,1.0383567346938616,1.0383567346938616,False,1.0383567346938616,True,1.0383567346938616,False,0.8400839163595502
USDCHF,2017-08-08 16:00:00+00:00,-1.2060941798941816,-1.2060941798941816,False,-1.2060941798941816,False,-1.2060941798941816,False,-1.2251426700788175
USDCHF,2017-08-09 04:00:00+00:00,-1.1561924832214774,-1.1561924832214774,False,-1.1561924832214774,False,-1.1561924832214774,False,1.701769233878366
USDCHF,2017-08-25 16:00:00+00:00,-1.134670945157525,-1.134670945157525,False,-1.134670945157525,False,-1.134670945157525,False,1.8116143042384616
USDCHF,2017-08-29 08:00:00+00:00,-1.2043806451612893,-1.2043806451612893,False,-1.2043806451612893,False,-1.2043806451612893,False,-1.2043806451612893
USDCHF,2017-09-20 20:00:00+00:00,0.11374586330934623,0.11374586330934623,False,0.11374586330934623,False,0.11374586330934623,False,0.11374586330934623
USDCHF,2017-10-18 12:00:00+00:00,-1.3121352785145939,-1.3121352785145939,False,-1.3121352785145939,False,-1.3121352785145939,False,-1.3582887036334894
USDCHF,2017-10-27 12:00:00+00:00,-1.2785127610208793,-1.2785127610208793,False,-1.2785127610208793,False,-1.2785127610208793,False,-1.2785127610208793
USDCHF,2017-11-09 20:00:00+00:00,-1.2351858267716496,-1.2351858267716496,False,-1.2351858267716496,True,-1.2351858267716496,True,-0.31095934431196814
USDCHF,2017-11-22 16:00:00+00:00,-0.3351041876046832,-0.3351041876046832,False,-0.3351041876046832,True,-0.3351041876046832,False,-0.3351041876046832
USDCHF,2017-12-01 20:00:00+00:00,-1.1401647199046483,-1.1401647199046483,False,-1.1401647199046483,False,-1.1401647199046483,False,-1.3846597126512994
USDCHF,2017-12-13 20:00:00+00:00,-1.2082927943760953,-1.2082927943760953,False,-1.2082927943760953,True,-1.2082927943760953,False,-1.2643189816755145
USDCHF,2017-12-28 08:00:00+00:00,1.749318201284794,1.749318201284794,False,1.749318201284794,False,1.749318201284794,False,1.749318201284794
USDCHF,2018-01-09 08:00:00+00:00,-1.3738955414012834,-1.3738955414012834,True,-1.3738955414012834,True,-1.3738955414012834,True,-1.315934350812003
USDCHF,2018-01-11 16:00:00+00:00,1.7758219653179204,1.7758219653179204,False,1.7758219653179204,False,1.7758219653179204,False,1.7824908143009275
USDCHF,2018-01-12 12:00:00+00:00,1.7946234042553182,1.7946234042553182,False,1.7946234042553182,False,1.7946234042553182,False,1.7573852681510411
USDCHF,2018-01-15 12:00:00+00:00,0.07264905660376146,0.07264905660376146,False,0.07264905660376146,False,0.07264905660376146,False,0.07264905660376146
USDCHF,2018-01-25 16:00:00+00:00,-1.1023270245677883,-1.1023270245677883,False,-1.1023270245677883,False,-1.1023270245677883,False,-1.1023270245677883
USDCHF,2018-02-05 16:00:00+00:00,-1.1925628865979365,-1.1925628865979365,False,-1.1925628865979365,True,-1.1925628865979365,True,0.14215951114709807
USDCHF,2018-02-07 12:00:00+00:00,-1.21305681818182,-1.21305681818182,False,-1.21305681818182,True,-1.21305681818182,True,-1.2759451329956009
USDCHF,2018-02-13 08:00:00+00:00,1.7600180645161312,1.7600180645161312,False,1.7600180645161312,False,1.7600180645161312,False,1.7025393971846239
USDCHF,2018-02-14 04:00:00+00:00,-1.2423584415584379,-1.2423584415584379,False,-1.2423584415584379,False,-1.2423584415584379,False,-1.221688410954735
USDCHF,2018-03-02 12:00:00+00:00,-1.2320268041237104,-1.2320268041237104,False,-1.2320268041237104,False,-1.2320268041237104,False,-1.1603649873914657
USDCHF,2018-03-21 20:00:00+00:00,-1.1790200626959233,-1.1790200626959233,False,-1.1790200626959233,True,-1.1790200626959233,False,-1.1790200626959233
USDCHF,2018-04-12 12:00:00+00:00,-1.2898904522613077,-1.2898904522613077,False,-1.2898904522613077,False,-1.2898904522613077,False,-1.246404013269901
USDCHF,2018-04-17 16:00:00+00:00,1.7172572815533989,1.7172572815533989,False,1.7172572815533989,False,1.7172572815533989,False,1.7367918883287614
USDCHF,2018-04-19 16:00:00+00:00,1.748659227467811,1.748659227467811,False,1.748659227467811,False,1.748659227467811,False,1.748659227467811
USDCHF,2018-04-26 16:00:00+00:00,1.3382998439937863,1.3382998439937863,False,1.3382998439937863,False,1.3382998439937863,False,1.3382998439937863
USDCHF,2018-05-29 12:00:00+00:00,-1.248101871101872,-1.248101871101872,False,-1.248101871101872,False,-1.248101871101872,False,-1.248101871101872
USDCHF,2018-06-14 16:00:00+00:00,-0.4308612565445025,-0.4308612565445025,False,-0.4308612565445025,False,-0.4308612565445025,False,-0.4308612565445025
USDCHF,2018-06-27 16:00:00+00:00,-1.3075247422680416,-1.3075247422680416,False,-1.3075247422680416,True,-1.3075247422680416,True,-1.375184040400902
USDCHF,2018-07-30 16:00:00+00:00,-1.2683516930022611,-1.2683516930022611,False,-1.2683516930022611,False,-1.2683516930022611,False,-1.3215237656203114
USDCHF,2018-08-22 12:00:00+00:00,-1.305738860103629,-1.305738860103629,False,-1.305738860103629,False,-1.305738860103629,False,-1.305738860103629
USDCHF,2018-08-28 12:00:00+00:00,1.600247945205484,1.600247945205484,False,1.600247945205484,False,1.600247945205484,False,1.600247945205484
USDCHF,2018-09-04 08:00:00+00:00,-1.300368041237105,-1.300368041237105,True,-1.300368041237105,True,-1.300368041237105,True,-1.3118990745524723
USDCHF,2018-09-19 12:00:00+00:00,-1.2456415254237259,-1.2456415254237259,True,-1.2456415254237259,True,-1.2456415254237259,True,-1.2375562015313064
USDCHF,2018-09-26 12:00:00+00:00,-1.2775559808612391,-1.2775559808612391,False,-1.2775559808612391,True,-1.2775559808612391,True,-1.194191034333321
USDCHF,2018-09-27 16:00:00+00:00,1.8297331412103761,1.8297331412103761,False,1.5158005763688538,True,1.9650985590777856,True,1.8297331412103761
USDCHF,2018-09-28 20:00:00+00:00,1.811567567567568,1.811567567567568,False,1.0933977742448229,True,1.8401672496025376,True,1.811567567567568
USDCHF,2018-10-11 00:00:00+00:00,-1.3794894568690137,-1.3794894568690137,True,-1.3794894568690137,True,-1.3794894568690137,True,-1.246036847684899
USDCHF,2018-11-02 12:00:00+00:00,-1.3035346835443116,-1.3035346835443116,False,-1.3035346835443116,True,-1.3035346835443116,True,-1.1847302424165334
USDCHF,2018-11-07 12:00:00+00:00,-1.2549131914893537,-1.2549131914893537,False,-1.2549131914893537,True,-1.2549131914893537,True,-1.2549131914893537
USDCHF,2018-11-16 16:00:00+00:00,0.6666646153845802,0.6666646153845802,False,0.6666646153845802,True,0.6666646153845802,True,0.6519183966597684
USDCHF,2018-11-23 12:00:00+00:00,-1.3441631123919224,-1.3441631123919224,True,-1.3441631123919224,False,-1.3441631123919224,False,-1.4484712616728272
USDCHF,2018-11-28 20:00:00+00:00,-1.1629629427792936,-1.1629629427792936,False,-1.1629629427792936,True,-1.1629629427792936,True,-1.3152778629446835
USDCHF,2018-12-14 12:00:00+00:00,-1.317798936170214,-1.317798936170214,False,-1.317798936170214,False,-1.317798936170214,False,-1.222113530404036
USDCHF,2018-12-20 12:00:00+00:00,-1.2381639278557144,-1.2381639278557144,False,-1.2381639278557144,False,-1.2381639278557144,False,-1.2381639278557144
USDCHF,2019-01-15 12:00:00+00:00,1.7522600000000013,1.4378654166666445,True,1.324259794083583,True,1.324259794083583,True,1.6719652732370018
USDCHF,2019-01-21 12:00:00+00:00,-1.4165777003484263,-1.4165777003484263,False,-1.4165777003484263,True,-1.4165777003484263,True,-1.3220126042728184
USDCHF,2019-01-25 16:00:00+00:00,-1.2830322274881516,-1.2830322274881516,False,-1.2830322274881516,False,-1.2830322274881516,False,-1.3514429385732032
USDCHF,2019-02-19 16:00:00+00:00,0.0115028436018897,0.0115028436018897,False,0.0115028436018897,True,0.0115028436018897,False,1.2290539375820255
USDCHF,2019-02-27 12:00:00+00:00,-1.4115402061855715,-1.4115402061855715,False,-1.4115402061855715,False,-1.4115402061855715,False,-1.3212730072790322
USDCHF,2019-02-28 12:00:00+00:00,-1.2837002375296953,-1.2837002375296953,False,-1.2837002375296953,False,-1.2837002375296953,False,-1.2837002375296953
USDCHF,2019-03-05 16:00:00+00:00,1.6923480916030524,1.6923480916030524,False,1.6923480916030524,False,1.6923480916030524,False,1.6813178883399618
USDCHF,2019-03-07 16:00:00+00:00,-1.3194825396825485,-1.3194825396825485,False,-1.3194825396825485,False,-1.3194825396825485,False,-1.3194825396825485
USDCHF,2019-03-07 20:00:00+00:00,-1.2878959619952461,-1.2878959619952461,False,-1.2878959619952461,False,-1.2878959619952461,False,-1.2878959619952461
USDCHF,2019-03-20 20:00:00+00:00,-0.7923046676096193,-0.7923046676096193,False,-0.7923046676096193,False,-0.7923046676096193,False,-0.7923046676096193
USDCHF,2019-04-01 16:00:00+00:00,-0.09104280701754079,-0.09104280701754079,False,-0.09104280701754079,False,-0.09104280701754079,False,-0.11011228582322707
USDCHF,2019-04-16 12:00:00+00:00,1.5001256198347293,1.5001256198347293,False,1.5001256198347293,False,1.5001256198347293,False,1.70411815741991
USDCHF,2019-04-18 16:00:00+00:00,0.8649730569947978,0.8649730569947978,False,0.8649730569947978,False,0.8649730569947978,False,0.8649730569947978
USDCHF,2019-04-23 08:00:00+00:00,1.3851055276381714,1.3851055276381714,False,1.3851055276381714,False,1.3851055276381714,False,1.3851055276381714
USDCHF,2019-04-23 12:00:00+00:00,-1.4890000000000103,-1.4890000000000103,False,-1.4890000000000103,False,-1.4890000000000103,False,-1.4890000000000103
USDCHF,2019-05-09 16:00:00+00:00,0.3587906367040845,0.3587906367040845,False,0.9089608636071589,True,0.9089608636071589,True,0.3587906367040845
USDCHF,2019-05-22 12:00:00+00:00,0.19063581267211752,0.19063581267211752,False,0.19063581267211752,True,0.19063581267211752,False,0.19063581267211752
USDCHF,2019-05-23 16:00:00+00:00,-1.2204671532846654,-1.2204671532846654,False,-1.2204671532846654,True,-1.2204671532846654,False,-1.4192616994004212
USDCHF,2019-06-03 20:00:00+00:00,0.24050274725273726,0.24050274725273726,False,0.24050274725273726,False,0.24050274725273726,False,0.24050274725273726
USDCHF,2019-06-14 16:00:00+00:00,-1.2808338028168986,-1.2808338028168986,False,-1.2808338028168986,True,-1.2808338028168986,True,-1.1939840881653598
USDCHF,2019-07-01 16:00:00+00:00,1.268680894308921,1.268680894308921,True,1.268680894308921,True,1.268680894308921,True,1.268680894308921
USDCHF,2019-07-05 16:00:00+00:00,-1.2380557114228432,-1.2380557114228432,False,-1.2380557114228432,True,-1.2380557114228432,True,-1.2264071903723255
USDCHF,2019-07-18 20:00:00+00:00,-1.201255536626915,-1.201255536626915,False,-1.201255536626915,False,-1.201255536626915,False,-1.252849745810013
USDCHF,2019-08-02 08:00:00+00:00,1.6924271540469975,1.6924271540469975,False,1.6924271540469975,False,1.6924271540469975,False,1.723399973877707
USDCHF,2019-08-23 16:00:00+00:00,-1.0984808368200836,-1.0984808368200836,False,-1.0984808368200836,False,-1.0984808368200836,False,-1.2882275524727624
USDCHF,2019-09-04 12:00:00+00:00,-1.3410853025936516,-1.3410853025936516,True,-1.3410853025936516,True,-1.3410853025936516,True,-1.3410853025936516
USDCHF,2019-10-17 12:00:00+00:00,-0.4806982367758287,-0.4806982367758287,False,-0.4806982367758287,False,-0.4806982367758287,False,-0.6264837151298144
USDCHF,2019-10-25 16:00:00+00:00,-1.43653846153846,-1.43653846153846,False,-1.43653846153846,False,-1.43653846153846,False,-1.43653846153846
USDCHF,2019-11-07 16:00:00+00:00,-1.383237942122193,-1.383237942122193,False,-1.383237942122193,False,-1.383237942122193,False,-1.2654850906666848
USDCHF,2019-12-02 16:00:00+00:00,0.6518225988700391,0.6518225988700391,False,1.0569619585687153,True,1.0569619585687153,True,0.6518225988700391
USDCHF,2019-12-03 12:00:00+00:00,-1.4533893129770876,-1.4533893129770876,False,-1.4533893129770876,False,-1.4533893129770876,False,-1.4533893129770876
USDCHF,2019-12-10 20:00:00+00:00,-1.4393628252788153,-1.4393628252788153,False,-1.4393628252788153,False,-1.4393628252788153,False,-1.365506727171843
USDCHF,2019-12-11 20:00:00+00:00,-1.2584030634573324,-1.2584030634573324,False,-1.2584030634573324,False,-1.2584030634573324,False,-1.2584030634573324
USDCHF,2019-12-27 12:00:00+00:00,1.6536415430267046,1.6536415430267046,False,1.6536415430267046,False,1.6536415430267046,False,1.6536415430267046
USDCHF,2020-01-14 12:00:00+00:00,-1.3622261682243064,-1.3622261682243064,False,-1.3622261682243064,False,-1.3622261682243064,False,-1.3622261682243064
USDCHF,2020-01-28 16:00:00+00:00,-1.3503081081081023,-1.3503081081081023,False,-1.3503081081081023,True,-1.3503081081081023,True,-1.3128314571917643
USDCHF,2020-01-31 16:00:00+00:00,-1.2494825806451648,-1.2494825806451648,False,-1.2494825806451648,False,-1.2494825806451648,False,-1.2494825806451648
USDCHF,2020-02-21 16:00:00+00:00,1.729430555555555,1.729430555555555,False,3.1191527777777814,True,3.1191527777777814,True,1.729430555555555
USDCHF,2020-03-02 12:00:00+00:00,1.871044897959183,1.871044897959183,False,1.871044897959183,False,1.871044897959183,False,1.871044897959183
USDCHF,2020-03-06 12:00:00+00:00,-1.1212709677419357,-1.1212709677419357,False,-1.1212709677419357,False,-1.1212709677419357,False,-1.1212709677419357
USDCHF,2020-03-12 16:00:00+00:00,1.509313261648742,1.315369278033793,True,1.509313261648742,False,1.509313261648742,False,1.509313261648742
USDCHF,2020-03-18 16:00:00+00:00,0.33462903225806173,0.33462903225806173,False,0.33462903225806173,True,0.33462903225806173,False,0.33462903225806173
USDCHF,2020-04-02 16:00:00+00:00,-1.190754754098361,-1.190754754098361,True,-1.190754754098361,True,-1.190754754098361,True,-1.1602809340147164
USDCHF,2020-04-09 16:00:00+00:00,-0.758549,-0.758549,False,-0.758549,False,-0.758549,False,-1.3113473791080819
USDCHF,2020-05-28 16:00:00+00:00,1.0329415873015737,1.0329415873015737,False,1.0329415873015737,False,1.0329415873015737,False,1.0329415873015737
USDCHF,2020-06-09 16:00:00+00:00,-1.2010507042253515,-1.2010507042253515,False,-1.2010507042253515,False,-1.2010507042253515,False,-1.2010507042253515
USDCHF,2020-07-08 16:00:00+00:00,-1.2792732673267375,-1.2792732673267375,False,-1.2792732673267375,False,-1.2792732673267375,False,-1.2792732673267375
USDCHF,2020-07-15 08:00:00+00:00,-1.341512727272719,-1.341512727272719,False,-1.341512727272719,False,-1.341512727272719,False,-1.3573358159187292
USDCHF,2020-07-21 16:00:00+00:00,1.7860706333973149,1.7860706333973149,False,1.7860706333973149,False,1.7860706333973149,False,1.781951547538234
USDCHF,2020-07-27 04:00:00+00:00,-1.284276288659794,-1.284276288659794,False,-1.284276288659794,False,-1.284276288659794,False,-1.284276288659794
USDCHF,2020-09-21 16:00:00+00:00,1.722513567839195,1.722513567839195,False,1.722513567839195,False,1.722513567839195,False,1.722513567839195
USDCHF,2020-09-22 16:00:00+00:00,0.10211374045801003,0.10211374045801003,False,0.10211374045801003,False,0.10211374045801003,False,0.10211374045801003
USDCHF,2020-10-19 12:00:00+00:00,0.4100464435146432,0.4100464435146432,False,1.0652510460250955,True,0.4100464435146432,False,1.6747947410801143
USDCHF,2020-10-29 16:00:00+00:00,-1.2168822134387323,-1.2168822134387323,False,-1.2168822134387323,False,-1.2168822134387323,False,-1.442514751507775
USDCHF,2020-11-23 12:00:00+00:00,-1.336799999999998,-1.336799999999998,False,-1.336799999999998,False,-1.336799999999998,False,-1.2972563526569754
USDCHF,2020-12-01 16:00:00+00:00,1.7777644628099154,1.7777644628099154,False,1.7777644628099154,False,1.7777644628099154,False,1.7777644628099154
USDCHF,2021-02-01 12:00:00+00:00,1.7233538461538473,1.7233538461538473,False,1.7233538461538473,False,1.7233538461538473,False,1.7233538461538473
USDCHF,2021-02-17 16:00:00+00:00,-1.3660653061224561,-1.3660653061224561,False,-1.3660653061224561,False,-1.3660653061224561,False,-1.3660653061224561
USDCHF,2021-02-23 20:00:00+00:00,1.806833922261484,1.806833922261484,False,1.806833922261484,False,1.806833922261484,False,1.8156962826790035
USDCHF,2021-03-04 12:00:00+00:00,1.715860204081635,1.715860204081635,False,1.715860204081635,False,1.715860204081635,False,1.715860204081635
USDCHF,2021-03-04 20:00:00+00:00,-1.2233397590361452,-1.2233397590361452,False,-1.2233397590361452,False,-1.2233397590361452,False,-1.2233397590361452
USDCHF,2021-03-11 12:00:00+00:00,-1.2605728337236468,-1.2605728337236468,True,-1.2605728337236468,True,-1.2605728337236468,False,-1.2884600823310428
USDCHF,2021-03-17 20:00:00+00:00,-1.1938230366492142,-1.1938230366492142,False,-1.1938230366492142,True,-1.1938230366492142,False,-1.4070092508942
USDCHF,2021-03-25 16:00:00+00:00,0.1069886621315039,0.1069886621315039,False,0.1069886621315039,False,0.1069886621315039,False,0.1069886621315039
USDCHF,2021-04-05 16:00:00+00:00,1.8350532544378697,1.8350532544378697,False,1.478330473372793,True,1.478330473372793,True,-1.4772108055995747
USDCHF,2021-04-06 16:00:00+00:00,1.802439076376555,1.802439076376555,False,1.1644010657193673,True,1.1644010657193673,True,1.7194577327280032
USDCHF,2021-04-16 08:00:00+00:00,0.24241372997712918,0.24241372997712918,False,0.24241372997712918,True,0.24241372997712918,False,0.2076606282975816
USDCHF,2021-04-19 08:00:00+00:00,0.32398022471912646,0.32398022471912646,False,0.32398022471912646,True,0.32398022471912646,False,0.32398022471912646
USDCHF,2021-04-28 20:00:00+00:00,-1.2048494382022468,-1.2048494382022468,False,-1.2048494382022468,True,-1.2048494382022468,False,-1.2008923096756168
USDCHF,2021-05-07 16:00:00+00:00,-1.1288476868327395,-1.1288476868327395,False,-1.1288476868327395,False,-1.1288476868327395,False,-1.1288476868327395
USDCHF,2021-05-18 08:00:00+00:00,-1.2517916083916076,-1.2517916083916076,False,-1.2517916083916076,False,-1.2517916083916076,False,-1.2471790498510191
USDCHF,2021-05-28 12:00:00+00:00,-1.2430891891891893,-1.2430891891891893,False,-1.2430891891891893,True,-1.2430891891891893,True,-1.2612098988936558
USDCHF,2021-06-01 16:00:00+00:00,-1.2726324050632905,-1.2726324050632905,False,-1.2726324050632905,False,-1.2726324050632905,False,-1.2726324050632905
USDCHF,2021-06-03 16:00:00+00:00,-1.1810214046822747,-1.1810214046822747,False,-1.1810214046822747,True,-1.1810214046822747,True,-1.2611135686253676
USDCHF,2021-06-16 20:00:00+00:00,1.0056372774868976,1.0056372774868976,False,1.0056372774868976,False,1.0056372774868976,False,1.0056372774868976
USDCHF,2021-06-17 08:00:00+00:00,1.7418788732394392,1.7418788732394392,False,1.7418788732394392,False,1.7418788732394392,False,1.7418788732394392
USDCHF,2021-06-28 12:00:00+00:00,-0.24738469945352778,-0.24738469945352778,False,-0.24738469945352778,False,-0.24738469945352778,False,-0.24738469945352778
USDCHF,2021-07-28 20:00:00+00:00,0.490396847635709,0.490396847635709,False,1.0651723292468982,True,1.0651723292468982,True,0.546312280896895
USDCHF,2021-08-06 16:00:00+00:00,0.1347108196721367,0.1347108196721367,False,0.9669980327868871,True,0.9669980327868871,True,0.1347108196721367
USDCHF,2021-08-13 16:00:00+00:00,-0.5518651162790708,-0.5518651162790708,True,-0.5518651162790708,True,-0.5518651162790708,True,-0.5518651162790708
USDCHF,2021-08-17 08:00:00+00:00,-1.373582935153571,-1.373582935153571,True,-1.373582935153571,True,-1.373582935153571,True,-1.373582935153571
USDCHF,2021-09-07 16:00:00+00:00,0.10367911392402723,0.10367911392402723,False,0.7045841772151608,True,0.7045841772151608,True,1.5347398631671674
USDCHF,2021-09-13 12:00:00+00:00,-1.3107561797752803,-1.3107561797752803,False,-1.3107561797752803,False,-1.3107561797752803,False,-1.3107561797752803
USDCHF,2021-09-17 16:00:00+00:00,-1.314942372881357,-1.314942372881357,False,-1.314942372881357,False,-1.314942372881357,False,-1.314942372881357
USDCHF,2021-09-27 08:00:00+00:00,-1.3370836363636394,-1.3370836363636394,True,-1.3370836363636394,False,-1.3370836363636394,False,-1.3370836363636394
USDCHF,2021-09-29 16:00:00+00:00,-1.2347512605042024,-1.2347512605042024,False,-1.2347512605042024,False,-1.2347512605042024,False,-1.17575315826952
USDCHF,2021-10-04 12:00:00+00:00,-1.2639203791469193,-1.2639203791469193,False,-1.2639203791469193,True,-1.2639203791469193,True,-1.236746849731272
USDCHF,2021-10-28 16:00:00+00:00,-0.22231612903225764,-0.22231612903225764,False,-0.22231612903225764,False,-0.22231612903225764,False,-1.2318050532246747
USDCHF,2021-11-05 12:00:00+00:00,-1.279997959183671,-1.279997959183671,False,-1.279997959183671,True,-1.279997959183671,True,-1.4835581026531326
USDCHF,2021-11-26 08:00:00+00:00,1.706880211081791,3.3411055408971486,True,1.8890474934037136,True,1.706880211081791,False,1.729644721379417
USDCHF,2021-11-26 12:00:00+00:00,1.7118937499999964,2.3138171875000415,True,1.3314572916666831,True,1.7118937499999964,False,1.7118937499999964
USDCHF,2021-12-14 12:00:00+00:00,-1.2602150588235308,-1.2602150588235308,False,-1.2602150588235308,True,-1.2602150588235308,False,-1.2602150588235308
USDCHF,2021-12-29 16:00:00+00:00,-1.1953005328596795,-1.1953005328596795,False,-1.1953005328596795,False,-1.1953005328596795,False,-1.269385879938123
USDCHF,2022-01-10 16:00:00+00:00,-1.2709872860635671,-1.2709872860635671,False,-1.2709872860635671,False,-1.2709872860635671,False,-1.2689430644835153
USDCHF,2022-01-12 16:00:00+00:00,-0.2612242944785249,-0.2612242944785249,False,-0.2612242944785249,False,-0.2612242944785249,False,-0.6672800789534689
USDCHF,2022-01-25 12:00:00+00:00,1.7185756345177705,1.3507761421319446,True,1.7185756345177705,False,1.7185756345177705,False,-1.2906193381132705
USDCHF,2022-01-27 12:00:00+00:00,-1.2543150684931479,-1.2543150684931479,False,-1.2543150684931479,False,-1.2543150684931479,False,-1.2479440219834557
USDCHF,2022-02-24 16:00:00+00:00,-1.159468965517242,-1.159468965517242,False,-1.159468965517242,False,-1.159468965517242,False,-1.3961243896851019
USDCHF,2022-03-07 12:00:00+00:00,1.7885249999999981,1.7885249999999981,False,1.7885249999999981,False,1.7885249999999981,False,1.7600240949580728
USDCHF,2022-04-05 16:00:00+00:00,-0.04094990925590797,0.9239880217785706,True,-0.04094990925590797,False,-0.04094990925590797,False,-0.04098095753148519
USDCHF,2022-04-06 08:00:00+00:00,-1.3359477477477533,-1.3359477477477533,False,-1.3359477477477533,False,-1.3359477477477533,False,-1.3359477477477533
USDCHF,2022-04-14 16:00:00+00:00,1.4539588235293959,1.4539588235293959,False,1.4539588235293959,False,1.4539588235293959,False,1.4539588235293959
USDCHF,2022-04-22 16:00:00+00:00,1.737929251700682,1.737929251700682,False,1.737929251700682,False,1.737929251700682,False,1.8393250572447521
USDCHF,2022-04-28 12:00:00+00:00,-1.206201415929202,-1.206201415929202,False,-1.206201415929202,False,-1.206201415929202,False,-1.206201415929202
USDCHF,2022-05-05 16:00:00+00:00,1.4641616438356082,1.4641616438356082,False,1.4641616438356082,False,1.4641616438356082,False,1.4641616438356082
USDCHF,2022-05-17 12:00:00+00:00,1.805321710526315,2.769715789473702,True,4.3742963815789775,True,4.3742963815789775,True,-1.21018026940653
USDCHF,2022-05-19 12:00:00+00:00,1.820673035439137,1.820673035439137,False,2.253906625577826,True,2.253906625577826,True,1.820673035439137
USDCHF,2022-06-06 16:00:00+00:00,1.8370653685674554,1.8370653685674554,False,1.8370653685674554,False,1.8370653685674554,False,1.8168325248090433
USDCHF,2022-06-10 12:00:00+00:00,1.8023434276206345,1.8023434276206345,False,1.8023434276206345,False,1.8023434276206345,False,1.8023434276206345
USDCHF,2022-06-14 16:00:00+00:00,-1.1418303317535543,-1.1418303317535543,False,-1.1418303317535543,False,-1.1418303317535543,False,-1.1418303317535543
USDCHF,2022-06-16 08:00:00+00:00,0.6114122051282087,0.6114122051282087,False,0.6114122051282087,True,0.6114122051282087,True,0.9819060130657652
USDCHF,2022-06-16 16:00:00+00:00,0.3041486925795069,0.3041486925795069,False,0.3041486925795069,True,0.3041486925795069,True,0.3170136135090766
USDCHF,2022-06-29 12:00:00+00:00,-1.1953215017064853,-1.1953215017064853,False,-1.1953215017064853,True,-1.1953215017064853,True,-1.1765708991506407
USDCHF,2022-07-05 12:00:00+00:00,1.7497238709677385,1.7497238709677385,False,3.817299784946303,True,1.7497238709677385,False,1.804864149566937
USDCHF,2022-07-19 08:00:00+00:00,0.5995951807228905,0.5995951807228905,False,0.5995951807228905,True,0.5995951807228905,True,0.6656519547208744
USDCHF,2022-07-27 20:00:00+00:00,-0.4273971139971114,-0.4273971139971114,False,-0.4273971139971114,True,-0.4273971139971114,True,-0.4273971139971114
USDCHF,2022-07-28 16:00:00+00:00,-1.1828514285714293,-1.1828514285714293,False,-1.1828514285714293,True,-1.1828514285714293,True,-1.1828514285714293
USDCHF,2022-08-10 16:00:00+00:00,-1.141246575342466,-1.141246575342466,False,-1.141246575342466,False,-1.141246575342466,False,-1.141246575342466
USDCHF,2022-08-22 16:00:00+00:00,0.3197620733249167,0.3197620733249167,False,0.3197620733249167,True,0.3197620733249167,True,-1.4214140299576397
USDCHF,2022-09-09 08:00:00+00:00,-0.9257980033277974,-0.9257980033277974,False,-0.9257980033277974,False,-0.9257980033277974,False,-0.9257980033277974
USDCHF,2022-09-22 08:00:00+00:00,0.33036272670419253,0.33036272670419253,False,0.33036272670419253,False,0.33036272670419253,False,0.33036272670419253
USDCHF,2022-09-26 12:00:00+00:00,-1.1580194926568759,-1.1580194926568759,False,-1.1580194926568759,False,-1.1580194926568759,False,-1.1580194926568759
USDCHF,2022-10-21 12:00:00+00:00,-1.1697629733520318,-1.1697629733520318,False,-1.1697629733520318,False,-1.1697629733520318,False,-1.1461345129044622
USDCHF,2022-10-26 08:00:00+00:00,-1.1641028965517246,-1.1641028965517246,False,-1.1641028965517246,True,-1.1641028965517246,True,-1.1067151948481428
USDCHF,2022-11-03 12:00:00+00:00,-1.1764620087336262,-1.1764620087336262,False,-1.1764620087336262,False,-1.1764620087336262,False,-1.1764620087336262
USDCHF,2022-11-10 16:00:00+00:00,0.4925747461368684,0.4925747461368684,False,0.4925747461368684,False,0.4925747461368684,False,0.4925747461368684
USDCHF,2022-11-11 16:00:00+00:00,-0.5018959336099558,-0.5018959336099558,False,-0.5018959336099558,False,-0.5018959336099558,False,-0.5018959336099558
USDCHF,2022-11-23 16:00:00+00:00,-1.123262906724512,-1.123262906724512,False,-1.123262906724512,False,-1.123262906724512,False,-1.123262906724512
USDCHF,2022-12-13 16:00:00+00:00,-0.04601161048689559,-0.04601161048689559,False,-0.04601161048689559,False,-0.04601161048689559,False,-0.05571244966165217
USDCHF,2023-01-03 12:00:00+00:00,-1.0852817974105105,-1.0852817974105105,False,-1.0852817974105105,False,-1.0852817974105105,False,-1.1710814621323256
USDCHF,2023-01-09 16:00:00+00:00,-1.1889774358974388,-1.1889774358974388,False,-1.1889774358974388,False,-1.1889774358974388,False,-1.1741285529529544
USDCHF,2023-01-18 12:00:00+00:00,-1.2070203389830538,-1.2070203389830538,False,-1.2070203389830538,False,-1.2070203389830538,False,-1.2070203389830538
USDCHF,2023-02-01 20:00:00+00:00,-1.1222468227424744,-1.1222468227424744,False,-1.1222468227424744,False,-1.1222468227424744,False,-1.1222468227424744
USDCHF,2023-02-24 16:00:00+00:00,-1.2539625282167017,-1.2539625282167017,False,-1.2539625282167017,False,-1.2539625282167017,False,-1.2539625282167017
USDCHF,2023-03-10 16:00:00+00:00,-1.1056480000000004,-1.1056480000000004,False,-1.1056480000000004,False,-1.1056480000000004,False,-1.1056480000000004
USDCHF,2023-03-15 20:00:00+00:00,-1.1372594327990144,-1.1372594327990144,True,-1.1372594327990144,True,-1.1372594327990144,True,-1.2077357629314245
USDCHF,2023-04-04 16:00:00+00:00,0.2677083333333358,0.2677083333333358,False,0.2677083333333358,False,0.2677083333333358,False,0.2677083333333358
USDCHF,2023-04-10 16:00:00+00:00,-1.2424080000000026,-1.2424080000000026,True,-1.2424080000000026,True,-1.2424080000000026,True,-1.2424080000000026
USDCHF,2023-05-24 16:00:00+00:00,-1.2539826697892273,-1.2539826697892273,False,-1.2539826697892273,False,-1.2539826697892273,False,0.9231827104112481
USDCHF,2023-06-08 16:00:00+00:00,-1.1260885017421602,-1.1260885017421602,False,-1.1260885017421602,True,-1.1260885017421602,False,-1.170398937073103
USDCHF,2023-06-14 16:00:00+00:00,-1.2026165103189514,-1.2026165103189514,False,-1.2026165103189514,True,-1.2026165103189514,False,-1.2026165103189514
USDCHF,2023-06-15 16:00:00+00:00,-0.5250478488982129,-0.5250478488982129,False,-0.5250478488982129,False,-0.5250478488982129,False,-0.5250478488982129
USDCHF,2023-07-12 16:00:00+00:00,0.6271436131386854,0.6271436131386854,False,0.6271436131386854,False,0.6271436131386854,False,0.6271436131386854
USDCHF,2023-07-20 16:00:00+00:00,-1.126771848225214,-1.126771848225214,False,-1.126771848225214,True,-1.126771848225214,True,-1.126771848225214
USDCHF,2023-09-20 20:00:00+00:00,1.8159342372881326,1.8159342372881326,False,1.8159342372881326,False,1.8159342372881326,False,1.6128466497682241
USDCHF,2023-09-21 08:00:00+00:00,1.8359472263868082,1.8359472263868082,False,1.8359472263868082,False,1.8359472263868082,False,1.8359472263868082
USDCHF,2023-09-29 08:00:00+00:00,-1.254447441860467,-1.254447441860467,True,-1.254447441860467,True,-1.254447441860467,False,-1.254447441860467
USDCHF,2023-10-31 16:00:00+00:00,-1.144604787234041,-1.144604787234041,False,-1.144604787234041,True,-1.144604787234041,True,-1.144604787234041
USDCHF,2023-11-03 16:00:00+00:00,-0.8737784283513077,-0.8737784283513077,False,-0.8737784283513077,True,-0.8737784283513077,False,-1.2588813453725234
USDCHF,2023-11-09 20:00:00+00:00,-1.2480642201834908,-1.2480642201834908,True,-1.2480642201834908,True,-1.2480642201834908,True,-1.3573156306011853
USDCHF,2023-11-14 16:00:00+00:00,0.7920469483568182,0.7920469483568182,False,0.7920469483568182,False,0.7920469483568182,False,0.7920469483568182
USDCHF,2023-11-28 16:00:00+00:00,1.7116637362637346,1.7116637362637346,False,1.7116637362637346,False,1.7116637362637346,False,1.7116637362637346
USDCHF,2023-11-30 16:00:00+00:00,-1.1512718614718616,-1.1512718614718616,False,-1.1512718614718616,False,-1.1512718614718616,False,-1.1512718614718616
USDCHF,2023-12-08 16:00:00+00:00,-1.1985796226415104,-1.1985796226415104,False,-1.1985796226415104,True,-1.1985796226415104,True,-1.1674767846597995
USDCHF,2023-12-13 20:00:00+00:00,0.6965002380952353,0.6965002380952353,False,0.6965002380952353,False,0.6965002380952353,False,0.6965002380952353
USDCHF,2023-12-19 16:00:00+00:00,1.8389943396226425,1.8389943396226425,False,1.8389943396226425,False,1.8389943396226425,False,1.8389943396226425
USDCHF,2023-12-27 16:00:00+00:00,-0.8208442105263105,-0.8208442105263105,False,-0.8208442105263105,False,-0.8208442105263105,False,-0.8208442105263105
USDCHF,2024-01-11 16:00:00+00:00,-1.1835213644524247,-1.1835213644524247,True,-1.1835213644524247,True,-1.1835213644524247,True,-1.2633418614726841
USDCHF,2024-01-17 16:00:00+00:00,-1.2383293577981633,-1.2383293577981633,False,-1.2383293577981633,True,-1.2383293577981633,False,-1.2383293577981633
USDCHF,2024-01-18 16:00:00+00:00,-1.238530275229362,-1.238530275229362,False,-1.238530275229362,True,-1.238530275229362,False,-1.238530275229362
USDCHF,2024-02-02 16:00:00+00:00,0.8327426017874997,0.8327426017874997,False,0.8327426017874997,False,0.8327426017874997,False,1.5129281976616709
USDCHF,2024-02-13 08:00:00+00:00,1.7498141509433975,1.7498141509433975,False,1.7498141509433975,False,1.7498141509433975,False,1.7498141509433975
USDCHF,2024-02-13 16:00:00+00:00,-0.8200492911668498,-0.8200492911668498,False,-0.8200492911668498,False,-0.8200492911668498,False,-0.8200492911668498
USDCHF,2024-02-22 08:00:00+00:00,-1.3475346534653363,-1.3475346534653363,False,-1.3475346534653363,True,-1.3475346534653363,False,-1.2027266945979764
USDCHF,2024-02-29 20:00:00+00:00,-1.244535334872976,-1.244535334872976,False,-1.244535334872976,False,-1.244535334872976,False,-1.1991246782186569
USDCHF,2024-03-14 16:00:00+00:00,1.7953274472168925,1.7953274472168925,False,1.7953274472168925,False,1.7953274472168925,False,1.6877637861699053
USDCHF,2024-03-18 16:00:00+00:00,1.7189442105263177,1.7189442105263177,False,1.7189442105263177,False,1.7189442105263177,False,1.384970764818614
USDCHF,2024-03-21 16:00:00+00:00,0.048641337386011466,0.048641337386011466,False,0.048641337386011466,False,0.048641337386011466,False,0.048641337386011466
USDCHF,2024-04-10 16:00:00+00:00,-0.16536585838991197,-0.16536585838991197,False,-0.16536585838991197,False,-0.16536585838991197,False,-0.31629427171912927
USDCHF,2024-04-30 16:00:00+00:00,-1.219148502994014,-1.219148502994014,False,-1.219148502994014,False,-1.219148502994014,False,-1.2413287347640731
USDCHF,2024-05-30 16:00:00+00:00,1.702476033057853,1.702476033057853,False,1.702476033057853,False,1.702476033057853,False,1.702476033057853
USDCHF,2024-06-03 16:00:00+00:00,-0.3721920852359139,-0.3721920852359139,False,-0.3721920852359139,False,-0.3721920852359139,False,-0.3721920852359139
USDCHF,2024-07-01 16:00:00+00:00,-1.2570465558194812,-1.2570465558194812,False,-1.2570465558194812,True,-1.2570465558194812,True,-1.2570465558194812
USDCHF,2024-07-17 12:00:00+00:00,-1.2079894736842118,-1.2079894736842118,False,-1.2079894736842118,False,-1.2079894736842118,False,-1.2079894736842118
USDCHF,2024-07-24 12:00:00+00:00,1.74237664233577,1.74237664233577,False,1.74237664233577,False,1.74237664233577,False,1.7449538556083979
USDCHF,2024-08-02 16:00:00+00:00,-0.4114842696629233,-0.4114842696629233,False,-0.4114842696629233,False,-0.4114842696629233,False,-0.4114842696629233
USDCHF,2024-09-11 16:00:00+00:00,-1.2303158371040734,-1.2303158371040734,False,-1.2303158371040734,True,-1.2303158371040734,True,-1.2303158371040734
USDCHF,2024-10-03 16:00:00+00:00,0.4577261477045925,0.4577261477045925,False,0.4577261477045925,False,0.4577261477045925,False,0.47736504693017257
USDCHF,2024-10-04 16:00:00+00:00,-0.32712476821192243,-0.32712476821192243,False,-0.32712476821192243,False,-0.32712476821192243,False,-0.32712476821192243
USDCHF,2024-11-04 12:00:00+00:00,-1.2895519553072692,-1.2895519553072692,False,-1.2895519553072692,True,-1.2895519553072692,True,-1.2419137864915955
USDCHF,2024-11-06 04:00:00+00:00,0.6961938596491131,0.6961938596491131,False,0.6961938596491131,False,0.6961938596491131,False,1.2553975749666055
USDCHF,2024-12-05 16:00:00+00:00,-1.2490197647058838,-1.2490197647058838,False,-1.2490197647058838,True,-1.2490197647058838,True,-1.1644886462271982
USDCHF,2025-01-27 12:00:00+00:00,-1.1176508695652176,-1.1176508695652176,False,-1.1176508695652176,True,-1.1176508695652176,False,-1.1176508695652176
USDCHF,2025-03-04 12:00:00+00:00,1.8070967272727296,1.8070967272727296,False,1.8070967272727296,False,1.8070967272727296,False,1.7673840720767986
USDCHF,2025-04-03 00:00:00+00:00,1.8525796610169487,1.8525796610169487,False,1.8525796610169487,False,1.8525796610169487,False,1.8525796610169487
USDCHF,2025-04-03 08:00:00+00:00,1.8667411612903213,1.8667411612903213,False,1.8667411612903213,False,1.8667411612903213,False,1.8667411612903213
USDCHF,2025-04-03 12:00:00+00:00,1.8840167990919408,1.8840167990919408,False,1.8840167990919408,False,1.8840167990919408,False,1.8840167990919408
USDCHF,2025-04-04 04:00:00+00:00,-1.1581009230769244,-1.1581009230769244,False,-1.1581009230769244,False,-1.1581009230769244,False,-1.1581009230769244
USDCHF,2025-04-10 16:00:00+00:00,0.5849619694397276,0.5849619694397276,False,0.5849619694397276,False,0.5849619694397276,False,0.5849619694397276
USDCHF,2025-04-23 00:00:00+00:00,-0.4398206185567024,-0.4398206185567024,True,-0.4398206185567024,True,-0.4398206185567024,True,-1.145359485824982
USDCHF,2025-05-12 08:00:00+00:00,-1.0828236842105268,-1.0828236842105268,False,-1.0828236842105268,True,-1.0828236842105268,True,-1.0828236842105268
USDCHF,2025-05-29 00:00:00+00:00,-1.14358354978355,-1.14358354978355,False,-1.14358354978355,True,-1.14358354978355,True,-1.14358354978355
USDCHF,2025-06-02 08:00:00+00:00,-1.2038124223602484,-1.2038124223602484,False,-1.2038124223602484,False,-1.2038124223602484,False,-1.1661763283133428
USDCHF,2025-06-23 16:00:00+00:00,1.8388006655574032,1.8388006655574032,False,1.8388006655574032,False,1.8388006655574032,False,1.8388006655574032
USDCHF,2025-07-28 08:00:00+00:00,1.7603313432835834,1.7603313432835834,False,2.1158393034825695,True,2.1158393034825695,True,1.7701490517472618
USDCHF,2025-07-30 16:00:00+00:00,-1.1964477732793501,-1.1964477732793501,False,-1.1964477732793501,True,-1.1964477732793501,True,-1.1964477732793501
USDCHF,2025-08-22 16:00:00+00:00,0.1290186813186839,0.1290186813186839,False,0.1290186813186839,False,0.1290186813186839,False,-1.3252739351545855
USDCHF,2025-09-05 16:00:00+00:00,-0.34461758530184194,-0.34461758530184194,False,-0.34461758530184194,False,-0.34461758530184194,False,-0.34461758530184194
USDCHF,2025-09-25 16:00:00+00:00,-1.1877764705882354,-1.1877764705882354,False,-1.1877764705882354,False,-1.1877764705882354,False,-1.194267919977315
USDCHF,2025-10-02 16:00:00+00:00,-1.225098823529413,-1.225098823529413,False,-1.225098823529413,False,-1.225098823529413,False,-1.332279034788335
USDCHF,2025-10-09 16:00:00+00:00,-1.200466112266113,-1.200466112266113,False,-1.200466112266113,False,-1.200466112266113,False,-1.200466112266113
USDCHF,2025-10-29 20:00:00+00:00,1.8047321212121215,1.8047321212121215,False,1.8047321212121215,False,1.8047321212121215,False,-1.3381171116027513
USDCHF,2025-11-13 16:00:00+00:00,-1.279566568914963,-1.279566568914963,False,-1.279566568914963,False,-1.279566568914963,False,-1.279566568914963
USDCHF,2025-12-11 12:00:00+00:00,0.05377325581396223,0.05377325581396223,False,0.737322674418603,True,0.737322674418603,True,0.05377325581396223
USDCHF,2025-12-11 16:00:00+00:00,-1.2839535714285784,-1.2839535714285784,False,-1.2839535714285784,False,-1.2839535714285784,False,-1.2839535714285784
USDCHF,2025-12-23 12:00:00+00:00,-1.3276477508650577,-1.3276477508650577,False,-1.3276477508650577,False,-1.3276477508650577,False,-1.3276477508650577
USDCHF,2026-01-20 08:00:00+00:00,-1.2963329192546582,-1.2963329192546582,False,-1.2963329192546582,False,-1.2963329192546582,False,1.7602405297507355
USDCHF,2026-01-20 12:00:00+00:00,-1.2423938775510182,-1.2423938775510182,False,-1.2423938775510182,False,-1.2423938775510182,False,-1.2423938775510182
USDCHF,2026-01-23 20:00:00+00:00,1.876501992031873,1.876501992031873,False,1.876501992031873,False,1.876501992031873,False,1.876501992031873
USDCHF,2026-01-27 16:00:00+00:00,-1.1427981481481497,-1.1427981481481497,False,-1.1427981481481497,False,-1.1427981481481497,False,-1.1207839628239096
USDCHF,2026-02-02 16:00:00+00:00,-1.1395775784753368,-1.1395775784753368,False,-1.1395775784753368,True,-1.1395775784753368,True,-1.1872226760204938
USDCHF,2026-02-09 16:00:00+00:00,-1.1852843373493982,-1.1852843373493982,False,-1.1852843373493982,False,-1.1852843373493982,False,-1.1852843373493982
USDCHF,2026-02-17 16:00:00+00:00,-1.2463542553191498,-1.2463542553191498,True,-1.2463542553191498,True,-1.2463542553191498,True,-1.2103629630223305
USDCHF,2026-03-02 16:00:00+00:00,-0.4685786259542111,-0.4685786259542111,False,-0.4685786259542111,True,-0.4685786259542111,True,-0.4370977121239659
USDCHF,2026-03-18 20:00:00+00:00,-1.2112922048997776,-1.2112922048997776,False,-1.2112922048997776,False,-1.2112922048997776,False,-1.2112922048997776
USDCHF,2026-04-08 00:00:00+00:00,1.095001030927837,1.095001030927837,False,1.095001030927837,True,1.095001030927837,False,-1.3602304046133982
USDCHF,2026-04-13 20:00:00+00:00,1.1282377551020106,1.1282377551020106,False,1.245655102040789,True,1.1282377551020106,False,0.7715663824604309
USDCHF,2026-04-28 08:00:00+00:00,-1.291866666666665,-1.291866666666665,False,-1.291866666666665,False,-1.291866666666665,False,-1.291866666666665
USDCHF,2026-08-17 08:00:00+00:00,-1.290136716417904,-1.290136716417904,True,-1.290136716417904,True,-1.290136716417904,True,-1.2107684391101823
USDCHF,2026-08-19 16:00:00+00:00,-0.6293659655831753,-0.6293659655831753,False,-0.6293659655831753,True,-0.6293659655831753,True,-0.6293659655831753
USDCHF,2026-08-28 16:00:00+00:00,0.0215672787979952,0.0215672787979952,False,0.0215672787979952,False,0.0215672787979952,False,1.7125686765874752
USDCHF,2026-09-16 20:00:00+00:00,-0.1453364130434734,-0.1453364130434734,False,-0.1453364130434734,False,-0.1453364130434734,False,-0.1453364130434734
GBPJPY,2017-04-04 08:00:00+00:00,-1.2067867334167692,-1.2067867334167692,False,-1.2067867334167692,False,-1.2067867334167692,False,-1.220047275259565
GBPJPY,2017-04-18 12:00:00+00:00,1.9017239436619724,1.9017239436619724,False,1.9017239436619724,False,1.9017239436619724,False,1.8491223965059784
GBPJPY,2017-05-17 16:00:00+00:00,-0.5961881844380477,-0.5961881844380477,False,-0.5961881844380477,True,-0.5961881844380477,False,-1.1690430582345643
GBPJPY,2017-06-09 00:00:00+00:00,-0.7099689410092368,-0.7099689410092368,False,-0.7099689410092368,False,-0.7099689410092368,False,-1.121447584247599
GBPJPY,2017-06-27 12:00:00+00:00,1.7822219974715543,1.7822219974715543,False,1.7822219974715543,False,1.7822219974715543,False,1.7975001941077704
GBPJPY,2017-06-27 16:00:00+00:00,1.8422337568058083,1.8422337568058083,False,1.8422337568058083,False,1.8422337568058083,False,1.8422337568058083
GBPJPY,2017-06-28 16:00:00+00:00,0.7609797179314907,0.7609797179314907,False,0.7609797179314907,False,0.7609797179314907,False,0.7609797179314907
GBPJPY,2017-07-21 16:00:00+00:00,-1.1987759450171842,-1.1987759450171842,False,-1.1987759450171842,False,-1.1987759450171842,False,-1.1987759450171842
GBPJPY,2017-08-10 16:00:00+00:00,-1.2060547647768376,-1.2060547647768376,False,-1.2060547647768376,False,-1.2060547647768376,False,-1.2060547647768376
GBPJPY,2017-08-29 20:00:00+00:00,-0.274905250305253,-0.274905250305253,False,-0.274905250305253,True,-0.274905250305253,True,-0.274905250305253
GBPJPY,2017-09-12 12:00:00+00:00,1.8556346972176736,1.8556346972176736,False,1.8556346972176736,False,1.8556346972176736,False,1.8556346972176736
GBPJPY,2017-09-14 12:00:00+00:00,1.5202136562127855,1.5202136562127855,False,1.5202136562127855,False,1.5202136562127855,False,1.5202136562127855
GBPJPY,2017-09-15 12:00:00+00:00,0.3449238136700126,0.3449238136700126,False,0.3449238136700126,False,0.3449238136700126,False,0.3449238136700126
GBPJPY,2017-09-25 16:00:00+00:00,0.3548043812907207,0.3548043812907207,False,0.3548043812907207,True,0.3548043812907207,True,0.37564143473046996
GBPJPY,2017-10-05 08:00:00+00:00,1.7684203655352455,1.7684203655352455,False,-0.45615117493472107,True,-0.45615117493472107,True,1.7684203655352455
GBPJPY,2017-10-25 12:00:00+00:00,-1.0997387168141597,-1.0997387168141597,False,-1.0997387168141597,False,-1.0997387168141597,False,-1.0997387168141597
GBPJPY,2017-10-31 16:00:00+00:00,-1.1502790000000014,-1.1502790000000014,False,-1.1502790000000014,False,-1.1502790000000014,False,-1.162348714506814
GBPJPY,2017-11-02 16:00:00+00:00,-0.18622554585152654,-0.18622554585152654,False,-0.18622554585152654,True,-0.18622554585152654,False,-1.2004975394898267
GBPJPY,2017-11-28 16:00:00+00:00,-1.2196111524163524,-1.2196111524163524,False,-1.2196111524163524,False,-1.2196111524163524,False,-1.21622972573099
GBPJPY,2017-11-28 20:00:00+00:00,0.842150065703008,0.842150065703008,False,0.842150065703008,False,0.842150065703008,False,1.8066740896146853
GBPJPY,2018-01-10 08:00:00+00:00,-1.2133348182883916,-1.2133348182883916,False,0.9679793317748466,True,0.9679793317748466,True,-1.2973835501637845
GBPJPY,2018-01-17 20:00:00+00:00,0.5420287467134153,0.5420287467134153,False,0.5420287467134153,False,0.5420287467134153,False,-1.229061389955813
GBPJPY,2018-01-22 16:00:00+00:00,-1.2130925201380898,-1.2130925201380898,False,-1.2130925201380898,False,-1.2130925201380898,False,-1.1397560407661476
GBPJPY,2018-01-29 12:00:00+00:00,-1.1667478260869546,-1.1667478260869546,False,-1.1667478260869546,True,-1.1667478260869546,True,-1.3775591402516068
GBPJPY,2018-02-06 00:00:00+00:00,-1.1163098287888398,-1.1163098287888398,False,-1.1163098287888398,True,-1.1163098287888398,True,-1.1163098287888398
GBPJPY,2018-02-28 16:00:00+00:00,-0.306494318181813,-0.306494318181813,False,-0.306494318181813,False,-0.306494318181813,False,-0.306494318181813
GBPJPY,2018-03-06 12:00:00+00:00,-1.1415153846153825,-1.1415153846153825,True,-1.1415153846153825,True,-1.1415153846153825,False,-1.1415153846153825
GBPJPY,2018-03-19 12:00:00+00:00,0.12493662366798478,0.12493662366798478,False,0.12493662366798478,True,0.12493662366798478,False,0.12493662366798478
GBPJPY,2018-04-02 16:00:00+00:00,-1.187869254984265,-1.187869254984265,False,-1.187869254984265,False,-1.187869254984265,False,-1.34384122635751
GBPJPY,2018-04-13 08:00:00+00:00,-1.2105766323024076,-1.2105766323024076,False,-1.2105766323024076,False,-1.2105766323024076,False,-1.2105766323024076
GBPJPY,2018-04-19 20:00:00+00:00,-1.1469970967741925,-1.1469970967741925,False,-1.1469970967741925,False,-1.1469970967741925,False,-1.140486140287175
GBPJPY,2018-04-27 12:00:00+00:00,1.653988061703527,1.653988061703527,False,1.653988061703527,False,1.653988061703527,False,1.653988061703527
GBPJPY,2018-05-01 16:00:00+00:00,-1.2547242553191547,-1.2547242553191547,False,-1.2547242553191547,False,-1.2547242553191547,False,-1.2547242553191547
GBPJPY,2018-05-03 12:00:00+00:00,-0.028245788336946763,-0.028245788336946763,False,-0.028245788336946763,False,-0.028245788336946763,False,-0.028245788336946763
GBPJPY,2018-05-23 08:00:00+00:00,1.8356393626991532,1.8356393626991532,False,1.8356393626991532,False,1.8356393626991532,False,1.8356393626991532
GBPJPY,2018-05-23 12:00:00+00:00,-1.1495345794392533,-1.1495345794392533,False,-1.1495345794392533,False,-1.1495345794392533,False,-1.1495345794392533
GBPJPY,2018-05-29 08:00:00+00:00,-1.1342788863109041,-1.1342788863109041,False,-1.1342788863109041,False,-1.1342788863109041,False,-1.1342788863109041
GBPJPY,2018-06-19 08:00:00+00:00,-1.2157311881188062,-1.2157311881188062,False,-1.2157311881188062,False,-1.2157311881188062,False,-1.2157311881188062
GBPJPY,2018-07-18 12:00:00+00:00,0.8064654545454599,0.8064654545454599,False,0.8064654545454599,False,0.8064654545454599,False,0.7498190858134615
GBPJPY,2018-08-08 08:00:00+00:00,1.7991887323943672,1.7991887323943672,False,1.7991887323943672,False,1.7991887323943672,False,1.7991887323943672
GBPJPY,2018-08-08 12:00:00+00:00,-1.300890017513136,-1.300890017513136,False,-1.300890017513136,False,-1.300890017513136,False,-1.300890017513136
GBPJPY,2018-08-10 08:00:00+00:00,-1.1603334590009413,-1.1603334590009413,False,-1.1603334590009413,False,-1.1603334590009413,False,-1.1603334590009413
GBPJPY,2018-08-29 16:00:00+00:00,-1.0823106463878323,-1.0823106463878323,False,-1.0823106463878323,False,-1.0823106463878323,False,-1.0823106463878323
GBPJPY,2018-09-13 16:00:00+00:00,1.8448209973753282,1.8448209973753282,False,1.8448209973753282,False,1.8448209973753282,False,1.8448209973753282
GBPJPY,2018-09-20 12:00:00+00:00,-1.1617444141689375,-1.1617444141689375,False,-1.1617444141689375,False,-1.1617444141689375,False,-1.1617444141689375
GBPJPY,2018-10-18 16:00:00+00:00,-1.1643770736253483,-1.1643770736253483,False,-1.1643770736253483,True,-1.1643770736253483,True,-1.1643770736253483
GBPJPY,2018-11-22 12:00:00+00:00,-0.730223312883428,-0.730223312883428,True,-0.730223312883428,True,-0.730223312883428,True,-1.2341821642127393
GBPJPY,2018-12-03 12:00:00+00:00,1.8258543983822,1.8258543983822,False,1.8258543983822,False,1.8258543983822,False,1.6495278199409225
GBPJPY,2018-12-10 12:00:00+00:00,-1.1533717857142851,-1.1533717857142851,False,-1.1533717857142851,False,-1.1533717857142851,False,-1.1747853421145165
GBPJPY,2018-12-10 16:00:00+00:00,-1.1328624124513622,-1.1328624124513622,False,-1.1328624124513622,False,-1.1328624124513622,False,-1.1328624124513622
GBPJPY,2019-01-17 20:00:00+00:00,-1.1381511002444984,-1.1381511002444984,False,-1.1381511002444984,True,-1.1381511002444984,True,-1.1381511002444984
GBPJPY,2019-01-23 12:00:00+00:00,0.2340412199630433,0.2340412199630433,False,0.2340412199630433,True,0.2340412199630433,True,0.2340412199630433
GBPJPY,2019-02-14 16:00:00+00:00,-1.2000636897767334,-1.2000636897767334,False,-1.2000636897767334,False,-1.2000636897767334,False,-1.267697162865153
GBPJPY,2019-02-19 16:00:00+00:00,1.8306389105058352,1.8306389105058352,False,1.8306389105058352,False,1.8306389105058352,False,1.8306389105058352
GBPJPY,2019-02-25 20:00:00+00:00,1.770407843137251,1.770407843137251,False,1.770407843137251,False,1.770407843137251,False,1.8355854840989771
GBPJPY,2019-02-26 12:00:00+00:00,-1.2021764705882376,-1.2021764705882376,False,-1.2021764705882376,False,-1.2021764705882376,False,-1.2021764705882376
GBPJPY,2019-02-27 12:00:00+00:00,-0.35873451536644,-0.35873451536644,False,-0.35873451536644,False,-0.35873451536644,False,-0.35873451536644
GBPJPY,2019-03-05 16:00:00+00:00,1.7930893617021284,1.7682517730496286,True,1.7682517730496286,True,1.7682517730496286,True,1.7930893617021284
GBPJPY,2019-03-08 16:00:00+00:00,-1.1784855384615396,-1.1784855384615396,False,-1.1784855384615396,True,-1.1784855384615396,False,-1.1784855384615396
GBPJPY,2019-03-12 00:00:00+00:00,-1.1297042709867449,-1.1297042709867449,False,-1.1297042709867449,False,-1.1297042709867449,False,-1.1741633616845808
GBPJPY,2019-03-20 20:00:00+00:00,-0.48098527315915585,-0.48098527315915585,False,1.2762045922406702,True,1.2762045922406702,True,-0.5918524858040242
GBPJPY,2019-04-23 16:00:00+00:00,-0.7558332467532567,-0.7558332467532567,False,-0.7558332467532567,True,-0.7558332467532567,False,-0.882845751447406
GBPJPY,2019-04-30 12:00:00+00:00,1.6734651685393207,0.9304655430711608,True,2.079588389513134,True,2.079588389513134,True,1.649448239187916
GBPJPY,2019-05-03 16:00:00+00:00,-1.1421414157851897,-1.1421414157851897,False,-1.1421414157851897,True,-1.1421414157851897,True,-1.3203851766870305
GBPJPY,2019-05-13 16:00:00+00:00,1.3181473501303482,1.3181473501303482,False,1.3181473501303482,False,1.3181473501303482,False,1.3181473501303482
GBPJPY,2019-05-15 12:00:00+00:00,-1.2547618045112812,-1.2547618045112812,False,-1.2547618045112812,False,-1.2547618045112812,False,-1.2547618045112812
GBPJPY,2019-05-17 12:00:00+00:00,-1.234870209790218,-1.234870209790218,False,-1.234870209790218,False,-1.234870209790218,False,-1.234870209790218
GBPJPY,2019-05-31 12:00:00+00:00,-1.2003481120584658,-1.2003481120584658,False,-1.2003481120584658,False,-1.2003481120584658,False,-1.2003481120584658
GBPJPY,2019-06-18 04:00:00+00:00,-1.3203445972495176,-1.3203445972495176,False,-1.3203445972495176,False,-1.3203445972495176,False,-1.3203445972495176
GBPJPY,2019-07-02 16:00:00+00:00,0.4080751295336945,0.4080751295336945,False,0.4080751295336945,False,0.4080751295336945,False,0.5587590188907298
GBPJPY,2019-07-16 08:00:00+00:00,0.1601923224568267,0.1601923224568267,False,0.1601923224568267,False,0.1601923224568267,False,0.1601923224568267
GBPJPY,2019-07-30 04:00:00+00:00,1.8397890020366598,1.8397890020366598,False,1.8397890020366598,False,1.8397890020366598,False,1.8397890020366598
GBPJPY,2019-08-01 20:00:00+00:00,1.284987317909168,1.284987317909168,False,1.284987317909168,False,1.284987317909168,False,1.284987317909168
GBPJPY,2019-08-02 04:00:00+00:00,0.6464953252032617,0.6464953252032617,False,0.6464953252032617,False,0.6464953252032617,False,0.6464953252032617
GBPJPY,2019-08-09 12:00:00+00:00,-1.1859136638452272,-1.1859136638452272,False,-1.1859136638452272,False,-1.1859136638452272,False,-1.1374117202667837
GBPJPY,2019-08-22 16:00:00+00:00,-1.1585654120040685,-1.1585654120040685,False,-1.1585654120040685,True,-1.1585654120040685,False,-1.1261479505453111
GBPJPY,2019-09-03 08:00:00+00:00,-1.1437642857142867,-1.1437642857142867,False,-1.1437642857142867,False,-1.1437642857142867,False,-1.1437642857142867
GBPJPY,2019-09-05 12:00:00+00:00,0.9340366047745388,0.9340366047745388,False,0.9340366047745388,True,0.9340366047745388,False,0.9340366047745388
GBPJPY,2019-09-23 08:00:00+00:00,-1.1655086419753071,-1.1655086419753071,False,-1.1655086419753071,True,-1.1655086419753071,False,-1.2633334240104286
GBPJPY,2019-10-01 16:00:00+00:00,0.9610952202436606,0.9610952202436606,False,0.9610952202436606,True,0.9610952202436606,False,0.9402804629618622
GBPJPY,2019-10-08 12:00:00+00:00,-1.1406310991957105,-1.1406310991957105,False,-1.1406310991957105,True,-1.1406310991957105,False,-1.1406310991957105
GBPJPY,2019-10-10 16:00:00+00:00,1.9276881596452327,1.9276881596452327,False,1.9276881596452327,False,1.9276881596452327,False,1.7789503438595544
GBPJPY,2019-10-11 12:00:00+00:00,0.8586341682723184,0.8586341682723184,False,0.8586341682723184,False,0.8586341682723184,False,0.8586341682723184
GBPJPY,2019-11-27 20:00:00+00:00,1.3478276625173315,1.3478276625173315,False,1.3478276625173315,False,1.3478276625173315,False,1.3478276625173315
GBPJPY,2019-12-04 12:00:00+00:00,0.883220325203236,0.883220325203236,False,0.883220325203236,False,0.883220325203236,False,1.685146427634362
GBPJPY,2019-12-04 16:00:00+00:00,0.5690069705093812,0.5690069705093812,False,0.5690069705093812,False,0.5690069705093812,False,0.5690069705093812
GBPJPY,2019-12-13 00:00:00+00:00,-1.0459235139400316,-1.0459235139400316,False,-1.0459235139400316,False,-1.0459235139400316,False,-1.0459235139400316
GBPJPY,2020-02-13 16:00:00+00:00,-1.1837678456591654,-1.1837678456591654,False,-1.1837678456591654,False,-1.1837678456591654,False,-1.2272688153845828
GBPJPY,2020-02-21 12:00:00+00:00,-1.1525527753303977,-1.1525527753303977,False,-1.1525527753303977,False,-1.1525527753303977,False,-1.1525527753303977
GBPJPY,2020-02-27 12:00:00+00:00,1.8149986842105275,1.8149986842105275,False,1.8149986842105275,False,1.8149986842105275,False,1.8587480005215282
GBPJPY,2020-02-28 16:00:00+00:00,0.1747342833193585,0.1747342833193585,False,0.1747342833193585,False,0.1747342833193585,False,0.1747342833193585
GBPJPY,2020-04-06 08:00:00+00:00,-1.119426785714286,-1.119426785714286,False,-1.119426785714286,True,-1.119426785714286,True,-1.119426785714286
GBPJPY,2020-04-21 12:00:00+00:00,-1.1518812977099235,-1.1518812977099235,False,-1.1518812977099235,False,-1.1518812977099235,False,-1.1518812977099235
GBPJPY,2020-04-30 16:00:00+00:00,-1.0944340775558168,-1.0944340775558168,False,-1.0944340775558168,False,-1.0944340775558168,False,-1.1353557438227604
GBPJPY,2020-05-06 12:00:00+00:00,-1.2315428989751123,-1.2315428989751123,False,-1.2315428989751123,False,-1.2315428989751123,False,-1.2250925329074787
GBPJPY,2020-05-13 16:00:00+00:00,-1.137229616724739,-1.137229616724739,False,-1.137229616724739,False,-1.137229616724739,False,-1.1088154265803185
GBPJPY,2020-06-05 08:00:00+00:00,-1.1565648393194676,-1.1565648393194676,False,-1.1565648393194676,False,-1.1565648393194676,False,-1.1565648393194676
GBPJPY,2020-07-01 16:00:00+00:00,0.8157870017331124,0.8157870017331124,False,0.8157870017331124,False,0.8157870017331124,False,0.6356133915650886
GBPJPY,2020-07-20 12:00:00+00:00,1.7295482587064717,1.7295482587064717,False,1.7295482587064717,False,1.7295482587064717,False,1.7295482587064717
GBPJPY,2020-07-31 12:00:00+00:00,0.15670739726027777,0.15670739726027777,False,0.15670739726027777,False,0.15670739726027777,False,0.15670739726027777
GBPJPY,2020-07-31 16:00:00+00:00,-1.1601259402121493,-1.1601259402121493,False,-1.1601259402121493,False,-1.1601259402121493,False,-1.1601259402121493
GBPJPY,2020-08-13 12:00:00+00:00,-1.2862245733788333,-1.2862245733788333,False,-1.2862245733788333,False,-1.2862245733788333,False,-1.2058043513910184
GBPJPY,2020-08-27 16:00:00+00:00,1.7935445929526073,1.7935445929526073,False,1.7935445929526073,False,1.7935445929526073,False,1.817913752858131
GBPJPY,2020-08-28 04:00:00+00:00,-1.1875501661129586,-1.1875501661129586,False,-1.1875501661129586,False,-1.1875501661129586,False,-1.1875501661129586
GBPJPY,2020-09-01 12:00:00+00:00,-1.2022085308056885,-1.2022085308056885,False,-1.2022085308056885,False,-1.2022085308056885,False,-1.1441293079855757
GBPJPY,2020-09-08 12:00:00+00:00,1.8546010582010561,1.8546010582010561,False,1.864307054673741,True,1.8546010582010561,False,1.8546010582010561
GBPJPY,2020-09-10 16:00:00+00:00,0.39552807663965905,0.39552807663965905,False,0.39552807663965905,True,0.39552807663965905,False,0.39552807663965905
GBPJPY,2020-09-17 12:00:00+00:00,-1.1515951492537309,-1.1515951492537309,False,-1.1515951492537309,True,-1.1515951492537309,False,-1.1322059784549543
GBPJPY,2020-09-21 08:00:00+00:00,-0.6895718309858979,-0.6895718309858979,False,-0.6895718309858979,True,-0.6895718309858979,False,-0.6895718309858979
GBPJPY,2020-09-28 12:00:00+00:00,0.5014332545311113,0.5014332545311113,False,0.5014332545311113,True,0.5014332545311113,True,0.5014332545311113
GBPJPY,2020-09-30 16:00:00+00:00,-1.1750326180257533,-1.1750326180257533,False,-1.1750326180257533,True,-1.1750326180257533,True,-1.2502044131615961
GBPJPY,2020-10-28 12:00:00+00:00,-1.238368914956016,-1.238368914956016,False,-1.238368914956016,False,-1.238368914956016,False,-1.1858096109502136
GBPJPY,2020-11-03 12:00:00+00:00,-1.2020466501240736,-1.2020466501240736,False,-1.2020466501240736,True,-1.2020466501240736,True,1.7176297039627288
GBPJPY,2020-11-04 00:00:00+00:00,-1.1436471516213857,-1.1436471516213857,False,-1.1436471516213857,True,-1.1436471516213857,True,-1.1691354325517045
GBPJPY,2020-11-09 12:00:00+00:00,1.8603095037846922,1.8603095037846922,False,1.7443152228763847,True,1.7443152228763847,True,1.8603095037846922
GBPJPY,2020-11-09 16:00:00+00:00,-0.6061998715478477,-0.6061998715478477,False,-0.6061998715478477,False,-0.6061998715478477,False,-0.6061998715478477
GBPJPY,2020-11-10 12:00:00+00:00,-1.1402470984020159,-1.1402470984020159,False,-1.1402470984020159,False,-1.1402470984020159,False,-1.1402470984020159
GBPJPY,2020-12-07 12:00:00+00:00,-1.1510845735027218,-1.1510845735027218,False,-1.1510845735027218,True,-1.1510845735027218,True,-1.1298372637074403
GBPJPY,2020-12-11 12:00:00+00:00,-1.783113167938931,-1.783113167938931,False,-1.783113167938931,False,-1.783113167938931,False,-1.2608489626449932
GBPJPY,2021-01-28 16:00:00+00:00,0.8395063106796045,0.8395063106796045,False,0.8395063106796045,False,0.8395063106796045,False,0.8395063106796045
GBPJPY,2021-02-10 12:00:00+00:00,-1.3735522580645134,-1.3735522580645134,False,-1.3735522580645134,False,-1.3735522580645134,False,-1.564637558537612
GBPJPY,2021-02-12 16:00:00+00:00,1.7105004958677636,1.7105004958677636,False,1.7105004958677636,False,1.7105004958677636,False,1.7389225710427174
GBPJPY,2021-02-15 00:00:00+00:00,1.6322138364779686,1.6322138364779686,False,1.6322138364779686,False,1.6322138364779686,False,1.6322138364779686
GBPJPY,2021-02-16 04:00:00+00:00,-1.2548300578034655,-1.2548300578034655,False,-1.2548300578034655,False,-1.2548300578034655,False,-1.2548300578034655
GBPJPY,2021-02-19 16:00:00+00:00,1.715938216560516,1.715938216560516,False,1.715938216560516,False,1.715938216560516,False,1.715938216560516
GBPJPY,2021-03-04 16:00:00+00:00,-1.1932321888411983,-1.1932321888411983,False,-1.1932321888411983,False,-1.1932321888411983,False,-1.1932321888411983
GBPJPY,2021-03-18 08:00:00+00:00,-1.2869962264150963,-1.2869962264150963,False,-1.2869962264150963,False,-1.2869962264150963,False,-1.3358478893678882
GBPJPY,2021-03-26 12:00:00+00:00,1.7471578363384204,0.8475592233009754,True,1.7471578363384204,False,1.7471578363384204,False,1.3396230645674547
GBPJPY,2021-04-07 16:00:00+00:00,0.5279604049493498,0.5279604049493498,False,0.5279604049493498,True,0.5279604049493498,True,0.3969466841445505
GBPJPY,2021-04-29 08:00:00+00:00,-1.3228893617021316,-1.3228893617021316,False,-1.3228893617021316,False,-1.3228893617021316,False,-1.3228893617021316
GBPJPY,2021-05-10 08:00:00+00:00,0.6578005555555386,0.6578005555555386,False,0.6578005555555386,False,0.6578005555555386,False,0.6578005555555386
GBPJPY,2021-05-27 12:00:00+00:00,1.0234206896551443,1.0234206896551443,False,1.0234206896551443,False,1.0234206896551443,False,1.0269108693293747
GBPJPY,2021-05-27 16:00:00+00:00,-1.2233266187050351,-1.2233266187050351,False,-1.2233266187050351,False,-1.2233266187050351,False,-1.2233266187050351
GBPJPY,2021-06-17 16:00:00+00:00,1.8204898920510313,1.8204898920510313,False,-1.1813101079489685,True,1.8204898920510313,False,1.8204898920510313
GBPJPY,2021-06-18 16:00:00+00:00,-1.2568647966339432,-1.2568647966339432,False,-1.2568647966339432,True,-1.2568647966339432,False,-1.2568647966339432
GBPJPY,2021-06-21 04:00:00+00:00,-1.1891531120331953,-1.1891531120331953,False,-1.1891531120331953,True,-1.1891531120331953,False,-1.1891531120331953
GBPJPY,2021-07-06 16:00:00+00:00,1.7974736373748612,1.7974736373748612,False,1.7974736373748612,False,1.7974736373748612,False,1.7896449664925644
GBPJPY,2021-07-08 08:00:00+00:00,-1.1601135325131802,-1.1601135325131802,False,-1.1601135325131802,False,-1.1601135325131802,False,-1.1601135325131802
GBPJPY,2021-08-16 04:00:00+00:00,1.609330172413792,1.609330172413792,False,1.609330172413792,False,1.609330172413792,False,1.609330172413792
GBPJPY,2021-09-01 08:00:00+00:00,-0.5658674157303241,-0.5658674157303241,False,-0.5658674157303241,True,-0.5658674157303241,False,-0.5658674157303241
GBPJPY,2021-09-20 08:00:00+00:00,-1.2634508029197073,-1.2634508029197073,False,-1.2634508029197073,False,-1.2634508029197073,False,-1.2634508029197073
GBPJPY,2021-10-11 04:00:00+00:00,1.774454014598541,1.774454014598541,False,1.774454014598541,False,1.774454014598541,False,1.774454014598541
GBPJPY,2021-10-15 08:00:00+00:00,1.7024965299684478,1.7024965299684478,False,1.7024965299684478,False,1.7024965299684478,False,1.7024965299684478
GBPJPY,2021-10-15 12:00:00+00:00,-0.6340652173912994,-0.6340652173912994,False,-0.6340652173912994,False,-0.6340652173912994,False,-0.6340652173912994
GBPJPY,2021-10-19 12:00:00+00:00,-1.2279384800964996,-1.2279384800964996,False,-1.2279384800964996,False,-1.2279384800964996,False,-1.2279384800964996
GBPJPY,2021-10-22 16:00:00+00:00,-1.18957033299697,-1.18957033299697,True,-1.18957033299697,True,-1.18957033299697,True,-1.1281627233483336
GBPJPY,2021-11-04 16:00:00+00:00,0.2645661105318044,0.2645661105318044,False,0.2645661105318044,False,0.2645661105318044,False,0.2645661105318044
GBPJPY,2021-11-10 20:00:00+00:00,-1.1769237728585198,-1.1769237728585198,False,-1.1769237728585198,False,-1.1769237728585198,False,-1.3913311645514643
GBPJPY,2021-11-26 04:00:00+00:00,1.7366554913294825,1.7366554913294825,False,1.7366554913294825,False,1.7366554913294825,False,1.7366554913294825
GBPJPY,2021-11-26 08:00:00+00:00,1.7880575438596464,1.7880575438596464,False,1.7880575438596464,False,1.7880575438596464,False,1.7880575438596464
GBPJPY,2021-11-26 16:00:00+00:00,0.7428854395604455,0.7428854395604455,False,0.7428854395604455,False,0.7428854395604455,False,0.7428854395604455
GBPJPY,2021-12-23 12:00:00+00:00,1.7638081632653038,1.7638081632653038,False,2.195946683673506,True,1.7638081632653038,False,1.7638081632653038
GBPJPY,2021-12-29 16:00:00+00:00,1.7342110953058334,1.7342110953058334,False,1.7342110953058334,False,1.7342110953058334,False,1.7342110953058334
GBPJPY,2021-12-31 16:00:00+00:00,-1.193742679127727,-1.193742679127727,False,-1.193742679127727,False,-1.193742679127727,False,-1.193742679127727
GBPJPY,2022-01-04 12:00:00+00:00,-1.2865700763358774,-1.2865700763358774,False,-1.2865700763358774,False,-1.2865700763358774,False,-1.2865700763358774
GBPJPY,2022-01-04 16:00:00+00:00,-1.2391000000000052,-1.2391000000000052,False,-1.2391000000000052,False,-1.2391000000000052,False,-1.2391000000000052
GBPJPY,2022-02-03 16:00:00+00:00,-1.215561751152075,-1.215561751152075,False,-1.215561751152075,True,-1.215561751152075,True,-1.215561751152075
GBPJPY,2022-02-10 12:00:00+00:00,-1.3273610434782672,-1.3273610434782672,False,-1.3273610434782672,False,-1.3273610434782672,False,-1.3245524472101147
GBPJPY,2022-02-10 16:00:00+00:00,-1.224391448931113,-1.224391448931113,False,-1.224391448931113,False,-1.224391448931113,False,-1.224391448931113
GBPJPY,2022-03-04 16:00:00+00:00,-1.1181070967741926,-1.1181070967741926,False,-1.1181070967741926,False,-1.1181070967741926,False,-1.1181070967741926
GBPJPY,2022-03-16 20:00:00+00:00,1.7867832389580929,1.7867832389580929,False,1.7867832389580929,False,1.7867832389580929,False,1.8639249011088517
GBPJPY,2022-03-22 12:00:00+00:00,1.8696778975741246,1.8696778975741246,False,1.8696778975741246,False,1.8696778975741246,False,1.8696778975741246
GBPJPY,2022-03-28 08:00:00+00:00,-1.1479483282674803,-1.1479483282674803,False,-1.1479483282674803,False,-1.1479483282674803,False,-1.1479483282674803
GBPJPY,2022-03-30 04:00:00+00:00,-1.1101938144329893,-1.1101938144329893,True,-1.1101938144329893,True,-1.1101938144329893,True,-1.0847607792244018
GBPJPY,2022-04-19 04:00:00+00:00,-1.182877573529408,-1.182877573529408,False,-1.182877573529408,False,-1.182877573529408,False,-1.1724880776106665
GBPJPY,2022-04-25 16:00:00+00:00,-1.1534534171248987,-1.1534534171248987,False,-1.1534534171248987,True,-1.1534534171248987,True,-1.1534534171248987
GBPJPY,2022-05-05 12:00:00+00:00,1.9077478975350406,1.9077478975350406,False,1.6474236987592468,True,1.6474236987592468,True,1.8996957233605207
GBPJPY,2022-05-11 20:00:00+00:00,1.8622593886462906,1.8622593886462906,False,0.9969022072291255,True,0.9969022072291255,True,-1.1028820787341405
GBPJPY,2022-05-12 08:00:00+00:00,-1.1164619164619174,-1.1164619164619174,False,-1.1164619164619174,False,-1.1164619164619174,False,-1.1164619164619174
GBPJPY,2022-05-31 16:00:00+00:00,1.8150992452830192,1.8150992452830192,False,1.8150992452830192,False,1.8150992452830192,False,1.8150992452830192
GBPJPY,2022-06-07 16:00:00+00:00,-1.1592528332003174,-1.1592528332003174,False,-1.1592528332003174,False,-1.1592528332003174,False,-1.1592528332003174
GBPJPY,2022-06-13 08:00:00+00:00,1.859801716738197,0.8692220314735404,True,1.9192078683834237,True,-1.141998283261803,True,1.859801716738197
GBPJPY,2022-06-13 12:00:00+00:00,1.8413576547231283,1.908987785016286,True,1.2432791530944607,True,-1.160442345276872,True,1.8413576547231283
GBPJPY,2022-07-01 04:00:00+00:00,1.8707639017916369,1.8707639017916369,False,0.8781679978912602,True,1.8707639017916369,False,1.8724595990707469
GBPJPY,2022-07-14 08:00:00+00:00,-1.1594898949070302,-1.1594898949070302,False,-1.1594898949070302,True,-1.1594898949070302,True,0.16054554221876968
GBPJPY,2022-07-27 20:00:00+00:00,-1.2033803480040934,-1.2033803480040934,False,-1.2033803480040934,False,-1.2033803480040934,False,-1.118760853778358
GBPJPY,2022-07-28 16:00:00+00:00,1.8722344100197756,1.8722344100197756,False,1.8722344100197756,False,1.8722344100197756,False,1.8584547256181196
GBPJPY,2022-07-29 04:00:00+00:00,-1.1251544757033254,-1.1251544757033254,False,-1.1251544757033254,False,-1.1251544757033254,False,0.17377410449001185
GBPJPY,2022-08-22 08:00:00+00:00,-1.193698305084743,-1.193698305084743,False,-1.193698305084743,False,-1.193698305084743,False,-1.1831954705798666
GBPJPY,2022-09-06 08:00:00+00:00,1.8616931010452962,1.8616931010452962,False,0.966760000000004,True,0.966760000000004,True,1.8616931010452962
GBPJPY,2022-09-16 08:00:00+00:00,1.8503688751926044,1.300732665639451,True,1.8503688751926044,False,1.8503688751926044,False,1.8503688751926044
GBPJPY,2022-09-22 12:00:00+00:00,1.9596343302990897,1.9596343302990897,False,1.9596343302990897,False,1.9596343302990897,False,1.9596343302990897
GBPJPY,2022-10-11 20:00:00+00:00,-1.0812118238993713,-1.0812118238993713,False,-1.0812118238993713,False,-1.0812118238993713,False,-1.1409890313268665
GBPJPY,2022-10-13 12:00:00+00:00,1.205926211369698,1.205926211369698,False,1.205926211369698,False,1.205926211369698,False,1.205926211369698
GBPJPY,2022-10-13 16:00:00+00:00,0.7057320042719827,0.7057320042719827,False,0.7057320042719827,False,0.7057320042719827,False,0.7057320042719827
GBPJPY,2022-10-17 16:00:00+00:00,-1.1096080000000001,-1.1096080000000001,False,-1.1096080000000001,False,-1.1096080000000001,False,-1.1096080000000001
GBPJPY,2022-10-21 16:00:00+00:00,-1.0458493951152705,-1.0458493951152705,False,-1.0458493951152705,False,-1.0458493951152705,False,-1.0458493951152705
GBPJPY,2022-11-03 12:00:00+00:00,-1.188814863593605,-1.188814863593605,False,-1.188814863593605,True,-1.188814863593605,True,-1.1292309666706364
GBPJPY,2022-11-10 16:00:00+00:00,-0.2038153392330292,-0.2038153392330292,False,0.9615835791543893,True,-0.2038153392330292,False,-0.2038153392330292
GBPJPY,2022-11-21 12:00:00+00:00,-1.188528127939795,-1.188528127939795,False,0.9983057384760272,True,-1.188528127939795,False,-1.188091429563028
GBPJPY,2022-11-28 20:00:00+00:00,-1.1770095659876012,-1.1770095659876012,False,-1.1770095659876012,True,-1.1770095659876012,True,-0.3157143637706945
GBPJPY,2022-12-09 16:00:00+00:00,-1.1485677276091786,-1.1485677276091786,False,-1.1485677276091786,False,-1.1485677276091786,False,-1.1385995061180827
GBPJPY,2022-12-20 04:00:00+00:00,0.24476078900179232,0.24476078900179232,False,0.24476078900179232,False,0.24476078900179232,False,0.24476078900179232
GBPJPY,2023-01-03 04:00:00+00:00,-1.1567794019933544,-1.1567794019933544,False,-1.1567794019933544,False,-1.1567794019933544,False,-1.1567794019933544
GBPJPY,2023-01-12 16:00:00+00:00,-1.1366560344827563,-1.1366560344827563,False,-1.1366560344827563,False,-1.1366560344827563,False,-1.1366560344827563
GBPJPY,2023-01-18 04:00:00+00:00,-0.06267843483376927,-0.06267843483376927,False,-0.06267843483376927,True,-0.06267843483376927,True,-1.1206287999927935
GBPJPY,2023-02-02 16:00:00+00:00,-1.150596454366393,-1.150596454366393,False,-1.150596454366393,False,-1.150596454366393,False,-1.150596454366393
GBPJPY,2023-02-13 16:00:00+00:00,-0.10757269681742082,-0.10757269681742082,False,-0.10757269681742082,False,-0.10757269681742082,False,-0.11414340061760833
GBPJPY,2023-02-14 12:00:00+00:00,1.4150418514947327,1.4150418514947327,False,1.4150418514947327,False,1.4150418514947327,False,1.136388232906124
GBPJPY,2023-02-21 12:00:00+00:00,-1.1278299409061068,-1.1278299409061068,False,-1.1278299409061068,False,-1.1278299409061068,False,-1.1278299409061068
GBPJPY,2023-02-28 12:00:00+00:00,-1.2173139407244782,-1.2173139407244782,False,-1.2173139407244782,False,-1.2173139407244782,False,-1.2173139407244782
GBPJPY,2023-03-07 16:00:00+00:00,-1.204911949685533,-1.204911949685533,False,-1.204911949685533,True,-1.204911949685533,True,-1.182769245518283
GBPJPY,2023-03-10 12:00:00+00:00,-1.1284609836065593,-1.1284609836065593,False,-1.1284609836065593,False,-1.1284609836065593,False,-1.5029166694195708
GBPJPY,2023-03-13 12:00:00+00:00,-1.0892335323840137,-1.0892335323840137,False,-1.0892335323840137,True,-1.0892335323840137,True,-1.1219436341670617
GBPJPY,2023-04-19 08:00:00+00:00,-1.1807101710171033,-1.1807101710171033,False,-1.1807101710171033,False,-1.1807101710171033,False,-1.1585029401116722
GBPJPY,2023-04-28 08:00:00+00:00,-0.19931811846689856,-0.19931811846689856,False,-0.19931811846689856,False,-0.19931811846689856,False,-0.31726674542079353
GBPJPY,2023-04-28 16:00:00+00:00,-1.140856827586208,-1.140856827586208,False,-1.140856827586208,False,-1.140856827586208,False,-1.140856827586208
GBPJPY,2023-05-17 16:00:00+00:00,0.3245060606060585,0.3245060606060585,False,0.3245060606060585,False,0.3245060606060585,False,0.2542524590078714
GBPJPY,2023-05-19 12:00:00+00:00,-1.2104982635342156,-1.2104982635342156,False,-1.2104982635342156,False,-1.2104982635342156,False,-1.4711855539763754
GBPJPY,2023-05-26 12:00:00+00:00,0.797547773766541,0.797547773766541,False,0.797547773766541,False,0.797547773766541,False,0.5291113362695904
GBPJPY,2023-06-13 16:00:00+00:00,1.8606998696219055,1.8606998696219055,False,1.8606998696219055,False,1.8606998696219055,False,1.8606998696219055
GBPJPY,2023-06-15 04:00:00+00:00,1.7931804034582126,1.7931804034582126,False,1.7931804034582126,False,1.7931804034582126,False,1.7931804034582126
GBPJPY,2023-07-21 08:00:00+00:00,-1.1349202979515813,-1.1349202979515813,False,-1.1349202979515813,False,-1.1349202979515813,False,-1.1252361463062985
GBPJPY,2023-07-27 20:00:00+00:00,-1.0578093322606594,-1.0578093322606594,False,-1.0578093322606594,True,-1.0578093322606594,True,-1.0578093322606594
GBPJPY,2023-08-23 12:00:00+00:00,-1.148323056300269,-1.148323056300269,False,-1.148323056300269,True,-1.148323056300269,False,-1.3141422406782182
GBPJPY,2023-09-05 16:00:00+00:00,-1.2473087875417128,-1.2473087875417128,False,-1.2473087875417128,False,-1.2473087875417128,False,-1.1586957206583088
GBPJPY,2023-09-14 16:00:00+00:00,-1.1702040247678016,-1.1702040247678016,False,-1.1702040247678016,True,-1.1702040247678016,False,-1.3165390469274156
GBPJPY,2023-09-28 12:00:00+00:00,-1.2485394077448706,-1.2485394077448706,False,-1.2485394077448706,True,-1.2485394077448706,False,-1.2736644267969863
GBPJPY,2023-09-29 12:00:00+00:00,-1.2758035264483587,-1.2758035264483587,False,-1.2758035264483587,True,-1.2758035264483587,False,-1.2758035264483587
GBPJPY,2023-10-23 16:00:00+00:00,-1.21142275795564,-1.21142275795564,False,-1.21142275795564,False,-1.21142275795564,False,-1.2736742752691659
GBPJPY,2023-10-31 12:00:00+00:00,1.7735361963190204,1.7735361963190204,False,1.7735361963190204,False,1.7735361963190204,False,1.7735361963190204
GBPJPY,2023-11-03 16:00:00+00:00,-0.21658582028029524,-0.21658582028029524,False,-0.21658582028029524,False,-0.21658582028029524,False,-0.18672936628847236
GBPJPY,2023-11-14 16:00:00+00:00,-1.1436357005758166,-1.1436357005758166,False,-1.1436357005758166,False,-1.1436357005758166,False,-1.1436357005758166
GBPJPY,2023-11-20 12:00:00+00:00,-1.1887170483460556,-1.1887170483460556,False,-1.1887170483460556,True,-1.1887170483460556,True,-1.185318324547167
GBPJPY,2023-12-07 08:00:00+00:00,1.7918896289248367,1.7918896289248367,False,1.6633634633681806,True,1.6633634633681806,True,1.7918896289248367
GBPJPY,2023-12-07 16:00:00+00:00,-1.1483354180829364,-1.1483354180829364,False,-1.1483354180829364,False,-1.1483354180829364,False,-1.1483354180829364
GBPJPY,2023-12-14 04:00:00+00:00,-1.1350458646616537,-1.1350458646616537,False,-1.1350458646616537,False,-1.1350458646616537,False,-1.1350458646616537
GBPJPY,2024-01-17 08:00:00+00:00,0.29715074276778014,0.29715074276778014,False,0.29715074276778014,False,0.29715074276778014,False,0.29715074276778014
GBPJPY,2024-01-31 16:00:00+00:00,-1.1523331521739122,-1.1523331521739122,False,-1.1523331521739122,True,-1.1523331521739122,True,-1.1523331521739122
GBPJPY,2024-02-13 08:00:00+00:00,-1.3201830508474584,-1.3201830508474584,False,-1.3201830508474584,False,-1.3201830508474584,False,-1.2006217634714065
GBPJPY,2024-02-20 16:00:00+00:00,1.609087671232879,1.609087671232879,False,1.609087671232879,False,1.609087671232879,False,-1.4767824716419498
GBPJPY,2024-02-26 12:00:00+00:00,-1.307925806451613,-1.307925806451613,False,-1.307925806451613,False,-1.307925806451613,False,-1.307925806451613
GBPJPY,2024-02-29 04:00:00+00:00,-1.233451533742329,-1.233451533742329,False,-1.233451533742329,True,-1.233451533742329,True,-1.233451533742329
GBPJPY,2024-03-07 04:00:00+00:00,-0.035231407035196505,-0.035231407035196505,False,-0.035231407035196505,True,-0.035231407035196505,True,-0.03206684528255885
GBPJPY,2024-03-07 08:00:00+00:00,-1.245812581344903,-1.245812581344903,False,-1.245812581344903,True,-1.245812581344903,True,-1.245812581344903
GBPJPY,2024-03-19 04:00:00+00:00,1.7289643447461656,1.7289643447461656,False,1.7289643447461656,False,1.7289643447461656,False,1.6765984240215586
GBPJPY,2024-03-19 16:00:00+00:00,1.697085039370079,1.697085039370079,False,1.697085039370079,False,1.697085039370079,False,1.697085039370079
GBPJPY,2024-04-01 16:00:00+00:00,-1.30426063829788,-1.30426063829788,False,-1.30426063829788,True,-1.30426063829788,False,-1.3370839125558402
GBPJPY,2024-04-03 16:00:00+00:00,-1.2926836734693907,-1.2926836734693907,False,-1.2926836734693907,False,-1.2926836734693907,False,-1.390298213685413
GBPJPY,2024-04-12 12:00:00+00:00,-1.2622589041095877,-1.2622589041095877,False,-1.2622589041095877,True,-1.2622589041095877,True,-1.2622589041095877
GBPJPY,2024-04-25 08:00:00+00:00,-1.262703269447576,-1.262703269447576,False,-1.262703269447576,False,-1.262703269447576,False,-1.262703269447576
GBPJPY,2024-04-26 08:00:00+00:00,-1.2252858789625367,-1.2252858789625367,False,-1.2252858789625367,False,-1.2252858789625367,False,-1.2252858789625367
GBPJPY,2024-05-22 08:00:00+00:00,1.3095986541050186,1.3095986541050186,False,1.3095986541050186,False,1.3095986541050186,False,1.3095986541050186
GBPJPY,2024-06-14 12:00:00+00:00,-1.1792844776119398,-1.1792844776119398,False,-1.1792844776119398,True,-1.1792844776119398,False,-1.2363744324403256
GBPJPY,2024-07-10 16:00:00+00:00,-1.257664870466328,-1.257664870466328,False,-1.257664870466328,False,-1.257664870466328,False,-1.257664870466328
GBPJPY,2024-07-11 16:00:00+00:00,0.2842609223300941,0.2842609223300941,False,0.2842609223300941,True,0.2842609223300941,False,0.2842609223300941
GBPJPY,2024-07-24 04:00:00+00:00,1.820886917293231,1.820886917293231,False,1.820886917293231,False,1.820886917293231,False,1.820886917293231
GBPJPY,2024-07-25 04:00:00+00:00,-1.108056634746923,-1.108056634746923,False,-1.108056634746923,False,-1.108056634746923,False,-1.108056634746923
GBPJPY,2024-07-31 08:00:00+00:00,1.94018703752296,1.94018703752296,False,1.94018703752296,False,1.94018703752296,False,1.94018703752296
GBPJPY,2024-08-15 16:00:00+00:00,-1.102101340482574,-1.102101340482574,False,-1.102101340482574,True,-1.102101340482574,False,-1.102101340482574
GBPJPY,2024-09-06 16:00:00+00:00,0.5799412147505435,0.5799412147505435,False,0.5799412147505435,False,0.5799412147505435,False,0.5799412147505435
GBPJPY,2024-09-10 16:00:00+00:00,-0.6170581063553691,-0.6170581063553691,False,-0.6170581063553691,False,-0.6170581063553691,False,-0.7308661459220069
GBPJPY,2024-09-20 08:00:00+00:00,1.8977256387665202,1.8977256387665202,False,-0.012140969162996335,True,1.8977256387665202,False,1.8977256387665202
GBPJPY,2024-09-26 16:00:00+00:00,-1.146296786389415,-1.146296786389415,False,-1.146296786389415,True,-1.146296786389415,False,-1.146296786389415
GBPJPY,2024-10-31 16:00:00+00:00,-1.0853857142857135,-1.0853857142857135,False,-1.0853857142857135,True,-1.0853857142857135,True,-1.200883557357072
GBPJPY,2024-11-15 16:00:00+00:00,-1.140528724672229,-1.140528724672229,False,-1.140528724672229,True,-1.140528724672229,True,-1.1263541386895326
GBPJPY,2024-11-15 20:00:00+00:00,-1.1853895486935901,-1.1853895486935901,False,-1.1853895486935901,True,-1.1853895486935901,True,-1.1853895486935901
GBPJPY,2024-11-22 12:00:00+00:00,1.3631227008148885,1.3631227008148885,False,1.3631227008148885,True,1.3631227008148885,True,1.299719382426361
GBPJPY,2024-12-02 16:00:00+00:00,-1.1406979642196167,-1.1406979642196167,False,-1.1406979642196167,True,-1.1406979642196167,True,-1.1045007379321456
GBPJPY,2024-12-09 16:00:00+00:00,-1.194586868686866,-1.194586868686866,False,-1.194586868686866,True,-1.194586868686866,True,-1.1320031243573436
GBPJPY,2024-12-11 12:00:00+00:00,-1.1571535353535354,-1.1571535353535354,False,-1.1571535353535354,True,-1.1571535353535354,True,-1.1571535353535354
GBPJPY,2025-01-13 04:00:00+00:00,-1.1444216927899689,-1.1444216927899689,False,-1.1444216927899689,False,-1.1444216927899689,False,-1.1444216927899689
GBPJPY,2025-01-24 12:00:00+00:00,-1.1349195804195797,-1.1349195804195797,False,-1.1349195804195797,True,-1.1349195804195797,True,-1.1489250768552366
GBPJPY,2025-03-03 12:00:00+00:00,-1.087213302752294,-1.087213302752294,False,-1.087213302752294,True,-1.087213302752294,False,-1.0916197837141108
GBPJPY,2025-04-23 20:00:00+00:00,0.02909239574816882,0.02909239574816882,False,0.02909239574816882,True,0.02909239574816882,False,0.02380270924943534
GBPJPY,2025-05-01 08:00:00+00:00,-1.2350944785276052,-1.2350944785276052,False,1.204136400817977,True,-1.2350944785276052,False,-1.2047604885051137
GBPJPY,2025-05-08 12:00:00+00:00,1.7834413407821252,1.7834413407821252,False,1.7834413407821252,False,1.7834413407821252,False,1.7834413407821252
GBPJPY,2025-05-12 08:00:00+00:00,-1.2120817106460384,-1.2120817106460384,False,-1.2120817106460384,False,-1.2120817106460384,False,-1.2120817106460384
GBPJPY,2025-05-27 08:00:00+00:00,-1.2053011473962914,-1.2053011473962914,False,-1.2053011473962914,False,-1.2053011473962914,False,1.7303898203121015
GBPJPY,2025-06-05 16:00:00+00:00,-0.33675709037471924,-0.33675709037471924,False,-0.33675709037471924,False,-0.33675709037471924,False,-0.33980662399849487
GBPJPY,2025-06-23 08:00:00+00:00,-0.6393715008431552,-0.6393715008431552,False,-0.6393715008431552,False,-0.6393715008431552,False,-0.6393715008431552
GBPJPY,2025-07-07 16:00:00+00:00,-0.42585456760047613,-0.42585456760047613,False,-0.42585456760047613,False,-0.42585456760047613,False,-1.4539073082408964
GBPJPY,2025-08-01 16:00:00+00:00,-1.124576421052631,-1.124576421052631,False,-1.124576421052631,True,-1.124576421052631,False,-1.1331506965457647
GBPJPY,2025-08-07 12:00:00+00:00,1.8137096018735372,0.8470768149882923,True,1.8137096018735372,False,1.8137096018735372,False,1.8137096018735372
GBPJPY,2025-08-20 16:00:00+00:00,-1.269936054421767,-1.269936054421767,True,-1.269936054421767,True,-1.269936054421767,True,-1.2226883800421935
GBPJPY,2025-10-01 08:00:00+00:00,-3.693552452830118,-3.693552452830118,False,-3.693552452830118,False,-3.693552452830118,False,-3.693552452830118
GBPJPY,2025-10-06 04:00:00+00:00,1.7781846994535546,1.7781846994535546,False,1.7781846994535546,False,1.7781846994535546,False,1.7781846994535546
GBPJPY,2025-10-07 16:00:00+00:00,1.7654786602870784,1.7654786602870784,False,1.7654786602870784,False,1.7654786602870784,False,1.7654786602870784
GBPJPY,2025-10-14 08:00:00+00:00,-1.1513987523393656,-1.1513987523393656,True,-1.1513987523393656,True,-1.1513987523393656,True,-1.1513987523393656
GBPJPY,2025-11-04 12:00:00+00:00,-1.2412432,-1.2412432,False,-1.2412432,True,-1.2412432,True,-1.2412432
GBPJPY,2025-12-15 04:00:00+00:00,-1.296110320284701,-1.296110320284701,True,-1.296110320284701,True,-1.296110320284701,True,-1.296110320284701
GBPJPY,2025-12-19 08:00:00+00:00,0.9509649777777803,0.9509649777777803,False,0.9509649777777803,False,0.9509649777777803,False,0.9509649777777803
GBPJPY,2025-12-19 12:00:00+00:00,0.8844063806380899,0.8844063806380899,False,0.8844063806380899,False,0.8844063806380899,False,0.8844063806380899
GBPJPY,2026-01-08 08:00:00+00:00,-1.4025999999999907,-1.4025999999999907,True,-1.4025999999999907,True,-1.4025999999999907,True,-1.4025999999999907
GBPJPY,2026-01-13 04:00:00+00:00,-1.212784538653366,-1.212784538653366,False,-1.212784538653366,False,-1.212784538653366,False,-1.212784538653366
GBPJPY,2026-01-20 08:00:00+00:00,-1.2122678304239396,-1.2122678304239396,False,-1.2122678304239396,False,-1.2122678304239396,False,-1.2122678304239396
GBPJPY,2026-01-26 04:00:00+00:00,-1.1765039665970791,-1.1765039665970791,False,-1.1765039665970791,True,-1.1765039665970791,False,-1.1914620257244406
GBPJPY,2026-02-10 16:00:00+00:00,1.8464359633027514,1.8464359633027514,False,1.8464359633027514,False,1.8464359633027514,False,1.8585382552245555
GBPJPY,2026-02-24 08:00:00+00:00,-0.5150178723404395,-0.5150178723404395,False,-0.5150178723404395,True,-0.5150178723404395,False,-0.429019756863351
GBPJPY,2026-03-31 16:00:00+00:00,-1.1715730978260859,-1.1715730978260859,False,-1.1715730978260859,True,-1.1715730978260859,False,-1.1715730978260859
GBPJPY,2026-04-08 00:00:00+00:00,1.6150111278195445,1.6150111278195445,False,1.509811127819596,True,1.6150111278195445,False,1.6150111278195445
GBPJPY,2026-04-08 12:00:00+00:00,1.6925427544910208,1.6925427544910208,False,0.6979302994011893,True,1.6925427544910208,False,1.6925427544910208
GBPJPY,2026-04-17 16:00:00+00:00,-1.2350123974475824,-1.2350123974475824,False,-1.2350123974475824,True,-1.2350123974475824,False,-1.2350123974475824
GBPJPY,2026-04-30 12:00:00+00:00,-0.8213780275715834,-0.8213780275715834,False,-0.8213780275715834,False,-0.8213780275715834,False,-0.8213780275715834
GBPJPY,2026-09-03 04:00:00+00:00,1.8205142857142877,1.8205142857142877,False,1.9132148514851093,True,1.8205142857142877,False,1.8205142857142877
GBPJPY,2026-09-03 12:00:00+00:00,1.834468073878627,1.834468073878627,False,1.834468073878627,False,1.834468073878627,False,1.834468073878627
GBPJPY,2026-09-18 04:00:00+00:00,-0.709974914792081,-0.709974914792081,False,-0.709974914792081,True,-0.709974914792081,False,-0.7133213769201893
EURAUD,2017-01-25 04:00:00+00:00,-1.1646468538238113,-1.1646468538238113,False,-1.1646468538238113,True,-1.1646468538238113,True,-1.4527381449245753
EURAUD,2017-02-07 04:00:00+00:00,1.145154563492048,1.145154563492048,False,1.145154563492048,False,1.145154563492048,False,1.145154563492048
EURAUD,2017-02-10 16:00:00+00:00,-0.404190995907238,-0.404190995907238,False,-0.404190995907238,False,-0.404190995907238,False,-0.404190995907238
EURAUD,2017-02-22 08:00:00+00:00,-1.2701085526315752,-1.2701085526315752,False,-1.2701085526315752,False,-1.2701085526315752,False,-1.1547208031225382
EURAUD,2017-03-15 20:00:00+00:00,-1.1373192780968016,-1.1373192780968016,False,-1.1373192780968016,False,-1.1373192780968016,False,-1.1373192780968016
EURAUD,2017-03-29 08:00:00+00:00,-0.3016355978261048,-0.3016355978261048,True,-0.3016355978261048,True,-0.3016355978261048,False,-0.3016355978261048
EURAUD,2017-04-13 04:00:00+00:00,-1.183947231270355,-1.183947231270355,True,-1.183947231270355,True,-1.183947231270355,False,-1.2889137614955883
EURAUD,2017-05-04 08:00:00+00:00,1.7577177111716662,1.7577177111716662,False,1.7577177111716662,False,1.7577177111716662,False,1.7577177111716662
EURAUD,2017-05-05 04:00:00+00:00,-1.2273693877551,-1.2273693877551,False,-1.2273693877551,False,-1.2273693877551,False,-1.2273693877551
EURAUD,2017-06-01 04:00:00+00:00,-1.1488515970515962,-1.1488515970515962,False,-1.1488515970515962,False,-1.1488515970515962,False,-1.1488515970515962
EURAUD,2017-06-07 04:00:00+00:00,0.49312109533469123,0.49312109533469123,False,0.49312109533469123,True,0.49312109533469123,False,0.3860210012155101
EURAUD,2017-06-27 12:00:00+00:00,0.6351062500000128,0.6351062500000128,False,0.6351062500000128,True,0.6351062500000128,False,1.6385403122736732
EURAUD,2017-06-27 16:00:00+00:00,-1.1613500904159122,-1.1613500904159122,False,-1.1613500904159122,False,-1.1613500904159122,False,-1.321031675261738
EURAUD,2017-07-04 08:00:00+00:00,-0.036773553719005904,-0.036773553719005904,False,-0.036773553719005904,False,-0.036773553719005904,False,-0.04515410086291152
EURAUD,2017-07-06 12:00:00+00:00,-1.1704621082621094,-1.1704621082621094,False,-1.1704621082621094,False,-1.1704621082621094,False,-1.223441438873041
EURAUD,2017-07-12 16:00:00+00:00,1.8210970736629681,1.8210970736629681,False,1.1183547931382216,True,1.1183547931382216,True,1.8257612316914393
EURAUD,2017-07-13 08:00:00+00:00,1.8033913043478242,1.8033913043478242,False,1.8033913043478242,False,1.8033913043478242,False,1.8033913043478242
EURAUD,2017-07-18 04:00:00+00:00,-0.5730600379987356,-0.5730600379987356,False,-0.5730600379987356,False,-0.5730600379987356,False,-0.5730600379987356
EURAUD,2017-07-31 16:00:00+00:00,-1.1812239508700093,-1.1812239508700093,False,-1.1812239508700093,True,-1.1812239508700093,True,-1.2082395426033186
EURAUD,2017-08-17 08:00:00+00:00,-1.2444343878954645,-1.2444343878954645,False,-1.2444343878954645,True,-1.2444343878954645,True,-1.1541588601037833
EURAUD,2017-09-01 16:00:00+00:00,-0.35198697421981534,-0.35198697421981534,False,-0.35198697421981534,True,-0.35198697421981534,True,-0.3777189455947297
EURAUD,2017-10-13 16:00:00+00:00,-0.7812761497326294,-0.7812761497326294,False,-0.7812761497326294,True,-0.7812761497326294,True,-1.361534641232011
EURAUD,2017-10-24 08:00:00+00:00,1.6992661157024849,1.6992661157024849,False,1.6992661157024849,False,1.6992661157024849,False,1.7514017755253037
EURAUD,2017-10-25 04:00:00+00:00,-1.1458509615384609,-1.1458509615384609,False,-1.1458509615384609,False,-1.1458509615384609,False,-1.1458509615384609
EURAUD,2017-10-25 16:00:00+00:00,-1.2275115241635681,-1.2275115241635681,False,-1.2275115241635681,False,-1.2275115241635681,False,-1.2275115241635681
EURAUD,2017-11-14 16:00:00+00:00,1.7482857916102843,1.7482857916102843,False,1.7482857916102843,False,1.7482857916102843,False,1.7482857916102843
EURAUD,2017-11-15 04:00:00+00:00,-0.546402928870272,-0.546402928870272,False,-0.546402928870272,False,-0.546402928870272,False,-0.546402928870272
EURAUD,2017-11-21 12:00:00+00:00,-1.163383523225242,-1.163383523225242,True,-1.163383523225242,True,-1.163383523225242,True,-1.163383523225242
EURAUD,2017-11-24 16:00:00+00:00,-0.5738429028815268,-0.5738429028815268,False,-0.5738429028815268,False,-0.5738429028815268,False,-0.5738429028815268
EURAUD,2017-12-05 04:00:00+00:00,-1.2549492496589338,-1.2549492496589338,False,-1.2549492496589338,True,-1.2549492496589338,True,-1.1602834694442088
EURAUD,2017-12-13 16:00:00+00:00,-1.2385019255455725,-1.2385019255455725,False,-1.2385019255455725,True,-1.2385019255455725,True,-0.7015394779830266
EURAUD,2017-12-14 04:00:00+00:00,-1.2278269938650341,-1.2278269938650341,False,-1.2278269938650341,True,-1.2278269938650341,True,-1.2278269938650341
EURAUD,2017-12-14 16:00:00+00:00,-1.1509533442088098,-1.1509533442088098,False,-1.1509533442088098,True,-1.1509533442088098,True,-1.1509533442088098
EURAUD,2018-01-02 12:00:00+00:00,-1.2963393258426985,-1.2963393258426985,True,-1.2963393258426985,False,-1.2963393258426985,False,-1.180183883159318
EURAUD,2018-01-12 12:00:00+00:00,-1.202508571428569,-1.202508571428569,False,-1.202508571428569,False,-1.202508571428569,False,-1.202508571428569
EURAUD,2018-02-01 12:00:00+00:00,1.7725120000000025,1.7725120000000025,False,1.7725120000000025,False,1.7725120000000025,False,1.7725120000000025
EURAUD,2018-03-01 04:00:00+00:00,1.7326075949367152,1.7326075949367152,False,1.7326075949367152,False,1.7326075949367152,False,1.6862497485637318
EURAUD,2018-03-07 00:00:00+00:00,-1.1828630872483232,-1.1828630872483232,False,-1.1828630872483232,False,-1.1828630872483232,False,-1.1828630872483232
EURAUD,2018-03-16 12:00:00+00:00,1.7629762376237585,1.7629762376237585,False,1.7629762376237585,False,1.7629762376237585,False,1.7061763576701854
EURAUD,2018-04-04 04:00:00+00:00,-1.3138590163934427,-1.3138590163934427,False,-1.3138590163934427,True,-1.3138590163934427,False,-1.200376677802945
EURAUD,2018-04-10 16:00:00+00:00,-1.2180818700113984,-1.2180818700113984,False,-1.2180818700113984,True,-1.2180818700113984,False,-1.4467273084332035
EURAUD,2018-05-16 12:00:00+00:00,1.7327630681818242,1.7327630681818242,False,1.7327630681818242,False,1.7327630681818242,False,1.7327630681818242
EURAUD,2018-05-29 08:00:00+00:00,-1.1937194968553484,-1.1937194968553484,False,-1.1937194968553484,False,-1.1937194968553484,False,-1.1937194968553484
EURAUD,2018-08-03 12:00:00+00:00,-0.37305024958404515,-0.37305024958404515,False,-0.37305024958404515,True,-0.37305024958404515,False,-0.28213071901607645
EURAUD,2018-08-29 16:00:00+00:00,1.704858625954201,1.704858625954201,False,1.704858625954201,False,1.704858625954201,False,1.704858625954201
EURAUD,2018-09-07 04:00:00+00:00,-1.2803593073593031,-1.2803593073593031,False,-1.2803593073593031,False,-1.2803593073593031,False,-1.2803593073593031
EURAUD,2018-10-01 16:00:00+00:00,-1.2518313725490144,-1.2518313725490144,False,-1.2518313725490144,True,-1.2518313725490144,True,-1.3041736022948778
EURAUD,2018-10-23 12:00:00+00:00,-1.2970604580152647,-1.2970604580152647,True,-1.2970604580152647,False,-1.2970604580152647,False,-1.2572367846146533
EURAUD,2018-12-06 04:00:00+00:00,-0.006203535911602366,-0.006203535911602366,False,-0.006203535911602366,True,-0.006203535911602366,True,-0.006203535911602366
EURAUD,2018-12-06 12:00:00+00:00,-0.09430037267082435,-0.09430037267082435,False,-0.09430037267082435,True,-0.09430037267082435,True,-0.09430037267082435
EURAUD,2018-12-19 20:00:00+00:00,1.7331578947368422,1.7331578947368422,False,3.434352631578965,True,3.434352631578965,True,1.7331578947368422
EURAUD,2019-01-24 04:00:00+00:00,-1.1901546719681917,-1.1901546719681917,False,-1.1901546719681917,True,-1.1901546719681917,True,-1.4762744216606993
EURAUD,2019-01-30 20:00:00+00:00,-1.2288527075812323,-1.2288527075812323,False,-1.2288527075812323,True,-1.2288527075812323,False,-1.2241682983161861
EURAUD,2019-02-06 04:00:00+00:00,-0.2207698155394103,-0.2207698155394103,False,-0.2207698155394103,False,-0.2207698155394103,False,-0.2207698155394103
EURAUD,2019-03-22 12:00:00+00:00,1.7437329744279961,1.7437329744279961,False,1.0434476446837084,True,1.0434476446837084,True,1.6006397960942094
EURAUD,2019-03-26 16:00:00+00:00,-1.2679867418899842,-1.2679867418899842,False,-1.2679867418899842,False,-1.2679867418899842,False,-1.2679867418899842
EURAUD,2019-04-24 04:00:00+00:00,-1.133374247725683,-1.133374247725683,False,-1.133374247725683,False,-1.133374247725683,False,-1.133374247725683
EURAUD,2019-06-13 04:00:00+00:00,-1.241645925925926,-1.241645925925926,False,-1.241645925925926,False,-1.241645925925926,False,-1.241645925925926
EURAUD,2019-06-18 04:00:00+00:00,-1.3226052459016395,-1.3226052459016395,False,-1.3226052459016395,False,-1.3226052459016395,False,-1.3226052459016395
EURAUD,2019-06-18 16:00:00+00:00,-1.2740690909090913,-1.2740690909090913,True,-1.2740690909090913,True,-1.2740690909090913,True,-1.9215040382174404
EURAUD,2019-07-03 16:00:00+00:00,-1.3007198127925104,-1.3007198127925104,False,-1.3007198127925104,True,-1.3007198127925104,True,-1.3007198127925104
EURAUD,2019-07-16 12:00:00+00:00,-1.4214835164835113,-1.4214835164835113,False,-1.4214835164835113,True,-1.4214835164835113,False,-1.4214835164835113
EURAUD,2019-08-01 20:00:00+00:00,1.8965699059561139,1.8965699059561139,False,1.8965699059561139,False,1.8965699059561139,False,1.8965699059561139
EURAUD,2019-08-07 04:00:00+00:00,-1.0972777777777774,-1.0972777777777774,False,-1.0972777777777774,False,-1.0972777777777774,False,-1.0972777777777774
EURAUD,2019-08-23 16:00:00+00:00,-1.130945321831452,-1.130945321831452,False,-1.130945321831452,False,-1.130945321831452,False,-1.130945321831452
EURAUD,2019-09-05 04:00:00+00:00,-1.2995959938366772,-1.2995959938366772,False,-1.2995959938366772,False,-1.2995959938366772,False,-1.2995959938366772
EURAUD,2019-09-12 12:00:00+00:00,-1.1309038147138963,-1.1309038147138963,False,-1.1309038147138963,False,-1.1309038147138963,False,-1.1309038147138963
EURAUD,2019-09-19 04:00:00+00:00,-1.2163490545050042,-1.2163490545050042,False,-1.2163490545050042,True,-1.2163490545050042,False,-1.2163490545050042
EURAUD,2019-10-01 08:00:00+00:00,0.045282926829269925,0.045282926829269925,False,0.045282926829269925,True,0.045282926829269925,False,0.07402874063975523
EURAUD,2019-11-14 04:00:00+00:00,0.9472727076591406,0.9472727076591406,False,0.9472727076591406,True,0.9472727076591406,True,1.0058313426960066
EURAUD,2019-11-29 16:00:00+00:00,-1.252784974093266,-1.252784974093266,False,-1.252784974093266,False,-1.252784974093266,False,-1.3041901917084542
EURAUD,2019-12-03 04:00:00+00:00,-1.3611209647495357,-1.3611209647495357,False,-1.3611209647495357,False,-1.3611209647495357,False,-0.326376385236663
EURAUD,2020-01-07 08:00:00+00:00,-1.3321369863013661,1.2502167808219,True,1.1150239726027118,True,1.1150239726027118,True,-1.2432582707673656
EURAUD,2020-01-07 12:00:00+00:00,-1.2382352509179924,-1.2382352509179924,False,-1.2382352509179924,False,-1.2382352509179924,False,-1.2807502487800853
EURAUD,2020-01-30 16:00:00+00:00,-1.2336932384341652,-1.2336932384341652,False,-1.2336932384341652,False,-1.2336932384341652,False,-1.2336932384341652
EURAUD,2020-02-20 04:00:00+00:00,1.8414849315068498,1.8414849315068498,False,1.8414849315068498,False,1.8414849315068498,False,1.8414849315068498
EURAUD,2020-02-26 08:00:00+00:00,1.7299626016260221,1.7299626016260221,False,1.7299626016260221,False,1.7299626016260221,False,1.7299626016260221
EURAUD,2020-02-28 04:00:00+00:00,1.807605308056873,1.807605308056873,False,1.807605308056873,False,1.807605308056873,False,1.807605308056873
EURAUD,2020-03-19 04:00:00+00:00,-1.0299616424116425,-1.0299616424116425,False,-1.0299616424116425,False,-1.0299616424116425,False,-1.0299616424116425
EURAUD,2020-07-13 20:00:00+00:00,-1.277571914893617,-1.277571914893617,False,-1.277571914893617,False,-1.277571914893617,False,-0.47415945761536127
EURAUD,2020-07-21 08:00:00+00:00,1.7010040061633331,1.7010040061633331,False,1.7010040061633331,False,1.7010040061633331,False,-1.2644060811797637
EURAUD,2020-07-21 12:00:00+00:00,-1.227025700934582,-1.227025700934582,False,-1.227025700934582,False,-1.227025700934582,False,-1.2777460159569913
EURAUD,2020-08-06 16:00:00+00:00,-1.2014518367346931,-1.2014518367346931,False,-1.2014518367346931,True,-1.2014518367346931,True,-1.1863487310560077
EURAUD,2020-08-19 08:00:00+00:00,-1.2930563798219599,-1.2930563798219599,False,-1.2930563798219599,True,-1.2930563798219599,True,-1.4406082916032446
EURAUD,2020-09-30 16:00:00+00:00,-1.253125964010286,-1.253125964010286,True,-1.253125964010286,True,-1.253125964010286,True,-1.1417857279256152
EURAUD,2020-10-09 16:00:00+00:00,-1.221777878103835,-1.221777878103835,False,-1.221777878103835,True,-1.221777878103835,True,-1.1911863881090128
EURAUD,2020-10-20 12:00:00+00:00,-1.2496886956521773,-1.2496886956521773,False,-1.2496886956521773,False,-1.2496886956521773,False,-1.2496886956521773
EURAUD,2020-11-03 12:00:00+00:00,1.7942327731092431,1.7942327731092431,False,1.7427313025209972,True,1.7427313025209972,True,1.8235947212518506
EURAUD,2020-12-01 16:00:00+00:00,-0.40467798882681444,-0.40467798882681444,False,-0.40467798882681444,True,-0.40467798882681444,True,-0.40467798882681444
EURAUD,2020-12-07 16:00:00+00:00,1.7855506063947058,1.3078661521499686,True,1.1313545755237215,True,1.1313545755237215,True,-1.9101091225710407
EURAUD,2020-12-09 12:00:00+00:00,0.8304856179775435,0.8304856179775435,False,0.8304856179775435,False,0.8304856179775435,False,0.8304856179775435
EURAUD,2020-12-21 08:00:00+00:00,-1.222255568312279,-1.222255568312279,False,-1.222255568312279,True,-1.222255568312279,True,-1.2062842454152403
EURAUD,2020-12-31 12:00:00+00:00,-1.1771257884972168,-1.1771257884972168,False,-1.1771257884972168,False,-1.1771257884972168,False,-1.1771257884972168
EURAUD,2021-01-22 12:00:00+00:00,-1.2597456043956061,-1.2597456043956061,False,-1.2597456043956061,True,-1.2597456043956061,True,-1.165465580579098
EURAUD,2021-02-08 16:00:00+00:00,0.21262301075267645,0.21262301075267645,False,0.21262301075267645,False,0.21262301075267645,False,0.21262301075267645
EURAUD,2021-02-26 12:00:00+00:00,-1.1407755656108591,-1.1407755656108591,False,-1.1407755656108591,True,-1.1407755656108591,True,-1.1407755656108591
EURAUD,2021-03-16 16:00:00+00:00,-1.2439764861294629,-1.2439764861294629,False,-1.2439764861294629,False,-1.2439764861294629,False,-1.1760353298699944
EURAUD,2021-03-23 04:00:00+00:00,1.7087637499999984,1.7087637499999984,False,-1.2894362500000016,True,1.7087637499999984,False,-1.184292060098273
EURAUD,2021-04-14 16:00:00+00:00,-1.2306495049504924,-1.2306495049504924,False,-1.2306495049504924,False,-1.2306495049504924,False,-1.2306495049504924
EURAUD,2021-04-15 08:00:00+00:00,-1.2281317791411075,-1.2281317791411075,False,-1.2281317791411075,False,-1.2281317791411075,False,-1.2281317791411075
EURAUD,2021-04-20 16:00:00+00:00,-1.2203377514792881,-1.2203377514792881,False,-1.2203377514792881,False,-1.2203377514792881,False,-1.3661324533159678
EURAUD,2021-05-12 04:00:00+00:00,1.736546067415731,1.736546067415731,False,1.736546067415731,False,1.736546067415731,False,1.736546067415731
EURAUD,2021-05-12 16:00:00+00:00,1.7885656565656611,1.7885656565656611,False,1.7885656565656611,False,1.7885656565656611,False,1.7936601809908754
EURAUD,2021-06-03 16:00:00+00:00,-1.3388478571428541,-1.3388478571428541,False,-1.3388478571428541,False,-1.3388478571428541,False,-1.4065343336944505
EURAUD,2021-06-04 16:00:00+00:00,-0.21511823204421773,-0.21511823204421773,False,-0.21511823204421773,True,-0.21511823204421773,False,-1.3980262256475966
EURAUD,2021-06-15 16:00:00+00:00,-1.3371283422459823,-1.3371283422459823,False,-1.3371283422459823,False,-1.3371283422459823,False,-1.2606408829653375
EURAUD,2021-07-08 08:00:00+00:00,-1.1998744479495287,-1.1998744479495287,False,-1.1998744479495287,False,-1.1998744479495287,False,-1.3616836404002324
EURAUD,2021-08-16 04:00:00+00:00,1.6495391304347806,1.6495391304347806,False,1.6495391304347806,False,1.6495391304347806,False,1.7268149189554334
EURAUD,2021-08-17 04:00:00+00:00,1.6531291592128794,1.6531291592128794,False,1.6531291592128794,False,1.6531291592128794,False,1.6531291592128794
EURAUD,2021-08-17 08:00:00+00:00,1.6464167272727168,1.6464167272727168,False,1.6464167272727168,False,1.6464167272727168,False,1.6464167272727168
EURAUD,2021-08-19 08:00:00+00:00,-1.2238468427095293,-1.2238468427095293,False,-1.2238468427095293,False,-1.2238468427095293,False,-1.2238468427095293
EURAUD,2021-08-27 16:00:00+00:00,1.7733778823529398,1.7733778823529398,False,1.6450656470588174,True,1.758074588235297,True,1.7014064240699929
EURAUD,2021-09-01 08:00:00+00:00,1.7120917541229363,1.7120917541229363,False,1.0805286356821455,True,-0.21410074962519715,True,1.7358657607238992
EURAUD,2021-09-03 08:00:00+00:00,-1.2929701219512142,-1.2929701219512142,False,-1.2929701219512142,True,-1.2929701219512142,True,-1.2929701219512142
EURAUD,2021-10-01 12:00:00+00:00,1.2962819672131292,1.2962819672131292,False,1.2962819672131292,True,1.2962819672131292,True,1.670583521407761
EURAUD,2021-10-19 16:00:00+00:00,0.9957112676056337,0.9957112676056337,False,0.9957112676056337,False,0.9957112676056337,False,0.6926887403697036
EURAUD,2021-10-26 04:00:00+00:00,-1.3314335714285686,-1.3314335714285686,False,-1.3314335714285686,False,-1.3314335714285686,False,-1.3314335714285686
EURAUD,2021-10-29 16:00:00+00:00,-1.2227140794223816,-1.2227140794223816,False,-1.2227140794223816,False,-1.2227140794223816,False,-1.3242078832343327
EURAUD,2021-11-02 08:00:00+00:00,1.060331964056484,1.060331964056484,False,1.060331964056484,True,1.060331964056484,True,1.6108025719898664
EURAUD,2021-11-09 16:00:00+00:00,-1.23387164179105,-1.23387164179105,False,-1.23387164179105,True,-1.23387164179105,True,-1.2420921499346929
EURAUD,2021-11-18 16:00:00+00:00,-1.259565325936194,-1.259565325936194,True,-1.259565325936194,True,-1.259565325936194,False,-1.259565325936194
EURAUD,2021-11-26 04:00:00+00:00,1.7900504983388725,1.7900504983388725,False,1.9173273532668629,True,1.7900504983388725,False,1.7808364902970404
EURAUD,2021-11-26 16:00:00+00:00,-1.1849396299902628,-1.1849396299902628,False,-1.1849396299902628,False,-1.1849396299902628,False,-1.1849396299902628
EURAUD,2021-12-16 12:00:00+00:00,-1.2043529794149497,-1.2043529794149497,False,-1.2043529794149497,True,-1.2043529794149497,True,-1.201101437568974
EURAUD,2022-01-06 04:00:00+00:00,-0.7558019830028505,-0.7558019830028505,False,1.332179603399402,True,-0.7558019830028505,True,-0.5060804496685676
EURAUD,2022-01-19 12:00:00+00:00,1.7122958652373725,1.7122958652373725,False,1.7122958652373725,False,1.7122958652373725,False,1.6601036652940613
EURAUD,2022-01-28 12:00:00+00:00,-1.2130254464285697,-1.2130254464285697,False,-1.2130254464285697,False,-1.2130254464285697,False,-1.1461705040913441
EURAUD,2022-02-03 16:00:00+00:00,-1.064247514619876,-1.064247514619876,False,-1.064247514619876,False,-1.064247514619876,False,-1.064247514619876
EURAUD,2022-02-24 12:00:00+00:00,-1.186242502482621,-1.186242502482621,False,-1.186242502482621,False,-1.186242502482621,False,-1.186242502482621
EURAUD,2022-03-07 00:00:00+00:00,-1.1482702928870305,-1.1482702928870305,False,-1.1482702928870305,False,-1.1482702928870305,False,-1.1482702928870305
EURAUD,2022-03-09 16:00:00+00:00,-1.1440239616613435,-1.1440239616613435,True,-1.1440239616613435,True,-1.1440239616613435,True,-1.1440239616613435
EURAUD,2022-03-23 12:00:00+00:00,-1.188119148936173,-1.188119148936173,False,-1.188119148936173,False,-1.188119148936173,False,-1.188119148936173
EURAUD,2022-03-29 12:00:00+00:00,-1.1583542600896863,0.9843974586115134,True,-1.1583542600896863,True,-1.1583542600896863,True,-1.1511246837592577
EURAUD,2022-04-04 16:00:00+00:00,1.8174410094637208,1.8174410094637208,False,1.8174410094637208,False,1.8174410094637208,False,1.8503424499983205
EURAUD,2022-04-05 08:00:00+00:00,-1.1054524590163934,-1.1054524590163934,False,-1.1054524590163934,False,-1.1054524590163934,False,-1.1054524590163934
EURAUD,2022-05-04 20:00:00+00:00,-1.1266112068965524,-1.1266112068965524,False,-1.1266112068965524,False,-1.1266112068965524,False,-1.1545749704262982
EURAUD,2022-06-14 12:00:00+00:00,-1.1599365079365092,-1.1599365079365092,False,-1.1599365079365092,False,-1.1599365079365092,False,-1.1599365079365092
EURAUD,2022-08-02 08:00:00+00:00,-1.139861855670103,-1.139861855670103,False,-1.139861855670103,True,-1.139861855670103,True,-1.1365973985167082
EURAUD,2022-08-10 16:00:00+00:00,-1.1261077586206882,-1.1261077586206882,False,-1.1261077586206882,False,-1.1261077586206882,False,-1.1261077586206882
EURAUD,2022-08-12 16:00:00+00:00,-1.2321486631015994,-1.2321486631015994,False,-1.2321486631015994,False,-1.2321486631015994,False,-1.2321486631015994
EURAUD,2022-08-17 12:00:00+00:00,-1.1950120133481634,-1.1950120133481634,False,-1.1950120133481634,True,-1.1950120133481634,True,-1.1668144135857537
EURAUD,2022-08-30 16:00:00+00:00,0.8896109909910026,0.9787466666666834,True,1.3668019819820059,True,0.8896109909910026,True,0.8896109909910026
EURAUD,2022-09-30 16:00:00+00:00,0.514823137492425,0.514823137492425,False,0.514823137492425,False,0.514823137492425,False,0.514823137492425
EURAUD,2022-09-30 20:00:00+00:00,-1.1466128102481972,-1.1466128102481972,False,-1.1466128102481972,False,-1.1466128102481972,False,-1.1466128102481972
EURAUD,2022-10-14 16:00:00+00:00,-1.0034538734177203,-1.0034538734177203,False,-1.0034538734177203,False,-1.0034538734177203,False,-1.0976598893722207
EURAUD,2022-10-27 16:00:00+00:00,-0.5584184839044652,-0.5584184839044652,False,-0.5584184839044652,True,-0.5584184839044652,False,-1.1755564942995405
EURAUD,2022-11-15 16:00:00+00:00,-1.1016250825082503,-1.1016250825082503,False,-1.1016250825082503,True,-1.1016250825082503,False,-1.1261814473301994
EURAUD,2022-12-07 12:00:00+00:00,-1.1827586005830881,-1.1827586005830881,False,-1.1827586005830881,False,-1.1827586005830881,False,-1.2694570248141155
EURAUD,2022-12-13 16:00:00+00:00,-1.1228545454545438,-1.1228545454545438,False,-1.1228545454545438,False,-1.1228545454545438,False,-1.1343866455118083
EURAUD,2022-12-15 12:00:00+00:00,1.8016723849372343,1.8016723849372343,False,1.8016723849372343,False,1.8016723849372343,False,1.6324941631828904
EURAUD,2022-12-15 16:00:00+00:00,0.09038887451488345,0.09038887451488345,False,0.09038887451488345,False,0.09038887451488345,False,0.09038887451488345
EURAUD,2023-01-04 04:00:00+00:00,0.10316404697379795,0.10316404697379795,False,0.10316404697379795,True,0.10316404697379795,True,0.08227587720030824
EURAUD,2023-01-04 08:00:00+00:00,-1.1568593776282596,-1.1568593776282596,False,-1.1568593776282596,False,-1.1568593776282596,False,-1.1568593776282596
EURAUD,2023-01-17 16:00:00+00:00,-1.108838879159369,-1.108838879159369,False,-1.108838879159369,False,-1.108838879159369,False,-1.1394659013203339
EURAUD,2023-01-19 04:00:00+00:00,-1.1878192771084344,-1.1878192771084344,False,-1.1878192771084344,False,-1.1878192771084344,False,-1.2676876988217267
EURAUD,2023-01-25 04:00:00+00:00,-1.1634604774535817,-1.1634604774535817,False,-1.1634604774535817,False,-1.1634604774535817,False,-1.2028309138491529
EURAUD,2023-01-31 12:00:00+00:00,-1.2088899661781247,-1.2088899661781247,False,-1.2088899661781247,True,-1.2088899661781247,True,-1.1565139008753698
EURAUD,2023-02-03 16:00:00+00:00,-1.1809160349854244,-1.1809160349854244,False,-1.1809160349854244,False,-1.1809160349854244,False,-1.177430091689878
EURAUD,2023-03-06 12:00:00+00:00,1.7363994475138171,1.7363994475138171,False,1.7363994475138171,False,1.7363994475138171,False,1.6974047298745623
EURAUD,2023-03-09 20:00:00+00:00,-1.2346293040293064,-1.2346293040293064,False,-1.2346293040293064,False,-1.2346293040293064,False,1.6966248454179733
EURAUD,2023-03-15 12:00:00+00:00,-1.1269661822985475,-1.1269661822985475,False,-1.1269661822985475,True,-1.1269661822985475,True,-1.1352137782495093
EURAUD,2023-03-21 12:00:00+00:00,0.6097129455910009,0.6097129455910009,False,0.6097129455910009,False,0.6097129455910009,False,0.6097129455910009
EURAUD,2023-03-22 20:00:00+00:00,-0.3245859450726856,-0.3245859450726856,False,-0.3245859450726856,False,-0.3245859450726856,False,-0.34774728624689766
EURAUD,2023-04-03 12:00:00+00:00,-1.1765296262534195,-1.1765296262534195,False,-1.1765296262534195,True,-1.1765296262534195,True,-1.1754608729437086
EURAUD,2023-04-05 08:00:00+00:00,-1.2112935064935033,-1.2112935064935033,False,-1.2112935064935033,False,-1.2112935064935033,False,-1.2179925675142638
EURAUD,2023-04-26 04:00:00+00:00,1.7659200934579473,1.7659200934579473,False,1.7659200934579473,False,1.7659200934579473,False,1.7659200934579473
EURAUD,2023-05-02 08:00:00+00:00,-1.1101884122562666,-1.1101884122562666,False,-1.1101884122562666,True,-1.1101884122562666,True,-1.8742116959442663
EURAUD,2023-05-11 16:00:00+00:00,-0.4448820312499925,-0.4448820312499925,False,-0.4448820312499925,False,-0.4448820312499925,False,-0.4349485311085807
EURAUD,2023-05-24 08:00:00+00:00,0.5666372727272472,0.5666372727272472,False,0.5666372727272472,False,0.5666372727272472,False,0.4066628537449407
EURAUD,2023-06-02 04:00:00+00:00,1.7804854237288141,1.7804854237288141,False,1.7804854237288141,False,1.7804854237288141,False,1.7900197900417782
EURAUD,2023-06-06 08:00:00+00:00,1.0141642917016052,1.0141642917016052,False,1.0141642917016052,False,1.0141642917016052,False,1.0141642917016052
EURAUD,2023-06-09 16:00:00+00:00,0.17639610389608792,0.17639610389608792,False,0.17639610389608792,False,0.17639610389608792,False,0.17639610389608792
EURAUD,2023-06-20 04:00:00+00:00,1.81408982725528,1.81408982725528,False,1.3517953934740685,True,1.3517953934740685,True,1.82822965305483
EURAUD,2023-06-23 04:00:00+00:00,1.826739841688656,1.826739841688656,False,1.2545240105540756,True,1.826739841688656,False,1.826739841688656
EURAUD,2023-07-28 04:00:00+00:00,-1.176616860986547,-1.176616860986547,False,-1.176616860986547,False,-1.176616860986547,False,-1.1978993076340019
EURAUD,2023-08-22 12:00:00+00:00,0.23991517241380175,0.9610372413793247,True,0.23991517241380175,True,0.23991517241380175,False,0.22391905977414198
EURAUD,2023-09-14 16:00:00+00:00,-0.6348560317460402,-0.6348560317460402,False,-0.6348560317460402,True,-0.6348560317460402,False,-0.6348560317460402
EURAUD,2023-10-03 08:00:00+00:00,-1.2114166134185302,-1.2114166134185302,False,-1.2114166134185302,True,-1.2114166134185302,False,-1.1427324929524056
EURAUD,2023-10-12 16:00:00+00:00,-1.2076574999999987,-1.2076574999999987,False,-1.2076574999999987,False,-1.2076574999999987,False,-1.3437605225033225
EURAUD,2023-10-19 04:00:00+00:00,-1.221600664451825,-1.221600664451825,False,-1.221600664451825,False,-1.221600664451825,False,-1.221600664451825
EURAUD,2023-11-07 08:00:00+00:00,1.7606336114421965,1.7606336114421965,False,1.7606336114421965,False,1.7606336114421965,False,1.3876178012168487
EURAUD,2023-11-08 16:00:00+00:00,-0.5884784630940305,-0.5884784630940305,False,-0.5884784630940305,False,-0.5884784630940305,False,-0.5505894945138069
EURAUD,2023-11-09 20:00:00+00:00,-1.2684586345381494,-1.2684586345381494,False,-1.2684586345381494,False,-1.2684586345381494,False,-1.2684586345381494
EURAUD,2023-11-22 12:00:00+00:00,-0.025486908690870745,-0.025486908690870745,False,-0.025486908690870745,True,-0.025486908690870745,True,-0.03641406390135506
EURAUD,2023-11-30 16:00:00+00:00,0.5761727490039713,0.5761727490039713,False,0.5761727490039713,False,0.5761727490039713,False,0.5761727490039713
EURAUD,2023-12-01 16:00:00+00:00,-1.1347591780821922,-1.1347591780821922,False,-1.1347591780821922,False,-1.1347591780821922,False,-1.1347591780821922
EURAUD,2023-12-14 04:00:00+00:00,-1.2143078947368418,-1.2143078947368418,False,-1.2143078947368418,False,-1.2143078947368418,False,-1.2494743098186454
EURAUD,2024-01-11 16:00:00+00:00,-1.2407791921664624,-1.2407791921664624,False,-1.2407791921664624,True,-1.2407791921664624,True,-1.2475796585351506
EURAUD,2024-01-25 16:00:00+00:00,-1.2268171821305809,0.8087676975944752,True,0.9783997709049137,True,0.9783997709049137,True,-1.2962163909860422
EURAUD,2024-03-21 04:00:00+00:00,-1.2529668789808945,-1.2529668789808945,False,-1.2529668789808945,False,-1.2529668789808945,False,-1.308219198392398
EURAUD,2024-04-22 12:00:00+00:00,1.6640612244897894,1.1484459183673532,True,1.6640612244897894,False,1.6640612244897894,False,1.5853461929077926
EURAUD,2024-04-24 04:00:00+00:00,-0.9497522598870135,-0.9497522598870135,False,-0.9497522598870135,False,-0.9497522598870135,False,-0.6786310793773788
EURAUD,2024-06-07 16:00:00+00:00,-1.2826414388489293,-1.2826414388489293,False,-1.2826414388489293,False,-1.2826414388489293,False,-1.1982195777359277
EURAUD,2024-06-12 16:00:00+00:00,0.584862613981771,0.584862613981771,False,0.584862613981771,False,0.584862613981771,False,0.584862613981771
EURAUD,2024-06-18 16:00:00+00:00,0.13556521739129834,0.13556521739129834,False,0.13556521739129834,False,0.13556521739129834,False,1.2695857504168526
EURAUD,2024-06-24 12:00:00+00:00,-1.2901418290854592,-1.2901418290854592,True,-1.2901418290854592,True,-1.2901418290854592,True,-1.2580539305171816
EURAUD,2024-07-22 04:00:00+00:00,1.6061811623246534,1.6061811623246534,False,0.6668653306613194,True,0.6668653306613194,True,1.7525474429830978
EURAUD,2024-07-25 04:00:00+00:00,1.680573076923078,1.680573076923078,False,1.680573076923078,False,1.680573076923078,False,1.680573076923078
EURAUD,2024-07-25 08:00:00+00:00,-1.3526595744680794,-1.3526595744680794,False,-1.3526595744680794,False,-1.3526595744680794,False,-1.3526595744680794
EURAUD,2024-07-31 04:00:00+00:00,-1.1664939799331109,-1.1664939799331109,False,-1.1664939799331109,False,-1.1664939799331109,False,-1.1911375788415925
EURAUD,2024-09-06 16:00:00+00:00,-0.6570288928360051,-0.6570288928360051,False,-0.6570288928360051,False,-0.6570288928360051,False,-0.6570288928360051
EURAUD,2024-09-30 16:00:00+00:00,-1.194102106318956,-1.194102106318956,False,-1.194102106318956,False,-1.194102106318956,False,-1.194102106318956
EURAUD,2024-10-07 16:00:00+00:00,-0.41618568019092417,-0.41618568019092417,False,-0.41618568019092417,True,-0.41618568019092417,True,-0.46898813121305766
EURAUD,2024-10-08 04:00:00+00:00,-1.213330491803279,-1.213330491803279,False,-1.213330491803279,True,-1.213330491803279,True,-1.213330491803279
EURAUD,2024-10-24 16:00:00+00:00,1.7454367875647652,1.7454367875647652,False,1.7001272020725564,True,1.7001272020725564,True,1.7577933099989265
EURAUD,2024-11-06 08:00:00+00:00,1.8168633552014988,0.816263355201499,True,1.709019868791003,True,1.709019868791003,True,1.754084200347056
EURAUD,2024-11-07 04:00:00+00:00,-0.8131123595505555,-0.8131123595505555,False,-0.8131123595505555,False,-0.8131123595505555,False,-0.8131123595505555
EURAUD,2024-12-04 04:00:00+00:00,0.7292527568922393,0.7292527568922393,False,0.7292527568922393,False,0.7292527568922393,False,0.7292527568922393
EURAUD,2025-01-29 04:00:00+00:00,-1.2983696428571403,-1.2983696428571403,False,-1.2983696428571403,False,-1.2983696428571403,False,-1.2983696428571403
EURAUD,2025-03-03 12:00:00+00:00,1.745892095357592,1.745892095357592,False,1.745892095357592,False,1.745892095357592,False,1.745892095357592
EURAUD,2025-03-07 04:00:00+00:00,1.818490797546011,1.818490797546011,False,1.818490797546011,False,1.818490797546011,False,1.818490797546011
EURAUD,2025-04-03 00:00:00+00:00,1.9079808695652172,1.9079808695652172,False,1.9079808695652172,False,1.9079808695652172,False,1.9079808695652172
EURAUD,2025-04-04 04:00:00+00:00,1.9263289070480085,1.9263289070480085,False,1.9263289070480085,False,1.9263289070480085,False,1.9263289070480085
EURAUD,2025-04-09 20:00:00+00:00,-1.036218682235196,-1.036218682235196,True,-1.036218682235196,True,-1.036218682235196,True,-1.0527613736491597
EURAUD,2025-04-25 04:00:00+00:00,-1.1899469168900798,-1.1899469168900798,False,-1.1899469168900798,True,-1.1899469168900798,False,-1.1386933046681174
EURAUD,2025-05-12 08:00:00+00:00,-1.157151693002257,-1.157151693002257,False,-1.157151693002257,True,-1.157151693002257,False,-1.157151693002257
EURAUD,2025-05-20 08:00:00+00:00,0.14551542553192806,0.14551542553192806,False,0.14551542553192806,False,0.14551542553192806,False,0.1825007310399945
EURAUD,2025-05-29 16:00:00+00:00,-0.824302470930238,-0.824302470930238,False,-0.824302470930238,False,-0.824302470930238,False,-1.2306250650142458
EURAUD,2025-06-10 04:00:00+00:00,-1.300037714285719,-1.300037714285719,False,-1.300037714285719,False,-1.300037714285719,False,-1.2175048193370288
EURAUD,2025-06-20 16:00:00+00:00,0.6030049545829826,0.6030049545829826,False,0.6030049545829826,False,0.6030049545829826,False,0.6030049545829826
EURAUD,2025-06-23 04:00:00+00:00,-1.1881796669588094,-1.1881796669588094,False,-1.1881796669588094,False,-1.1881796669588094,False,-1.1881796669588094
EURAUD,2025-07-07 04:00:00+00:00,-1.2748083862769997,-1.2748083862769997,False,-1.2748083862769997,False,-1.2748083862769997,False,-1.2748083862769997
EURAUD,2025-07-10 16:00:00+00:00,-1.2255159114857743,-1.2255159114857743,False,-1.2255159114857743,True,-1.2255159114857743,False,-1.2255159114857743
EURAUD,2025-08-01 16:00:00+00:00,-0.20241143317229962,-0.20241143317229962,False,-0.20241143317229962,False,-0.20241143317229962,False,-0.24944973894920522
EURAUD,2025-08-19 16:00:00+00:00,-1.3533509803921497,-1.3533509803921497,False,-1.3533509803921497,False,-1.3533509803921497,False,-1.2368334042660118
EURAUD,2025-09-11 16:00:00+00:00,-1.232477631578947,-1.232477631578947,False,-1.232477631578947,False,-1.232477631578947,False,-1.232477631578947
EURAUD,2025-10-06 08:00:00+00:00,-1.2139909365558914,-1.2139909365558914,False,-1.2139909365558914,False,-1.2139909365558914,False,-1.2263989489155926
EURAUD,2025-10-08 16:00:00+00:00,-1.364206185567014,-1.364206185567014,False,-1.364206185567014,False,-1.364206185567014,False,-1.364206185567014
EURAUD,2025-10-10 16:00:00+00:00,0.38567013630731356,0.38567013630731356,False,0.38567013630731356,False,0.38567013630731356,False,0.38567013630731356
EURAUD,2025-10-28 16:00:00+00:00,0.17026376089663717,0.17026376089663717,False,0.17026376089663717,False,0.17026376089663717,False,1.662995617329976
EURAUD,2025-10-29 04:00:00+00:00,-1.2377802690582949,-1.2377802690582949,False,-1.2377802690582949,False,-1.2377802690582949,False,-1.2377802690582949
EURAUD,2025-11-06 16:00:00+00:00,-1.1405000659195768,-1.1405000659195768,False,-1.1405000659195768,True,-1.1405000659195768,True,-1.3800684442983087
EURAUD,2025-12-02 16:00:00+00:00,-1.3203357466063388,-1.3203357466063388,False,-1.3203357466063388,False,-1.3203357466063388,False,-1.3203357466063388
EURAUD,2025-12-12 16:00:00+00:00,0.3448447619047663,1.319259761904761,True,0.3448447619047663,True,0.3448447619047663,True,0.3448447619047663
EURAUD,2025-12-17 16:00:00+00:00,-1.2448835443038013,-1.2448835443038013,False,-1.2448835443038013,False,-1.2448835443038013,False,-1.3542715258342894
EURAUD,2026-01-21 16:00:00+00:00,1.710724369747905,1.710724369747905,False,1.710724369747905,False,1.710724369747905,False,1.615914767086257
EURAUD,2026-01-22 04:00:00+00:00,1.81017201112141,1.81017201112141,False,1.81017201112141,False,1.81017201112141,False,1.81017201112141
EURAUD,2026-01-29 04:00:00+00:00,-1.1992181818181826,-1.1992181818181826,False,-1.1992181818181826,False,-1.1992181818181826,False,-1.1992181818181826
EURAUD,2026-02-03 04:00:00+00:00,-1.1369459459459466,-1.1369459459459466,False,-1.1369459459459466,False,-1.1369459459459466,False,-1.1116644544190881
EURAUD,2026-02-11 04:00:00+00:00,-1.2093088449531761,-1.2093088449531761,False,-1.2093088449531761,False,-1.2093088449531761,False,-0.4791366367431018
EURAUD,2026-02-25 04:00:00+00:00,-1.7401524509803552,-1.7401524509803552,False,-1.7401524509803552,False,-1.7401524509803552,False,-1.3602637435207232
EURAUD,2026-03-11 04:00:00+00:00,-1.20053874614594,-1.20053874614594,False,-1.20053874614594,False,-1.20053874614594,False,-1.20053874614594
EURAUD,2026-04-08 00:00:00+00:00,-1.3098228710462299,-1.3098228710462299,False,-1.3098228710462299,False,-1.3098228710462299,False,-1.3098228710462299
EURAUD,2026-04-22 16:00:00+00:00,-1.3795289575289602,-1.3795289575289602,False,-1.3795289575289602,False,-1.3795289575289602,False,-0.8757105157702296
EURAUD,2026-08-26 04:00:00+00:00,0.08932478632477957,0.08932478632477957,False,0.08932478632477957,False,0.08932478632477957,False,0.10794404023915881
EURAUD,2026-09-10 16:00:00+00:00,-1.3001863987635252,-1.3001863987635252,False,-1.3001863987635252,True,-1.3001863987635252,False,-1.3917258818178961
EURAUD,2026-09-17 04:00:00+00:00,-1.354461791590488,-1.354461791590488,False,-1.354461791590488,False,-1.354461791590488,False,-1.354461791590488
