uuid,date,symbol,tf,side,crypto,entry_kind,tp1_atr,sl_atr,tp_src,has_sl,filled,why,A,self_label,A_final,B,C,A_mkt,B_mkt,fwd1,fwd3,fwd5,fwd10,fwd20,mfe10,mae10,g1_1,g1_2,g1_3,g1_5,g2_1,g2_2,g2_3,g2_5,g3_1,g3_2,g3_3,g3_5,A_sl2,A_sl3,A_0,B_0,C_0,tp_rate_0,fwd1_0,fwd3_0,fwd5_0,fwd10_0,fwd20_0,g1_1_0,g1_2_0,g1_3_0,g1_5_0,g2_1_0,g2_2_0,g2_3_0,g2_5_0,g3_1_0,g3_2_0,g3_3_0,g3_5_0,A_sl2_0,A_sl3_0,A_pre,B_pre,C_pre,tp_rate_pre,fwd1_pre,fwd3_pre,fwd5_pre,fwd10_pre,fwd20_pre,A0,B0,C0,beyond_tp_atr,mfe_share_of_tp,stopped_then_tp
r0mqrn5B,2018-03-29,XAUUSD,1D,1,False,limit,3.4689764648661097,0.8028295861409948,arrow,True,False,tp_before_fill,,,,,,2.2912143115863435,-0.10729531689495737,0.02180741615409022,0.02180741615409022,0.9575062744623816,0.5736119129981132,1.4861795923060597,1.6345118361948836,0.3558163723499389,,,,,,,,,,,,,,,-0.6766970842206362,-1.1027962959882343,0.869800339905267,0.0,0.06305655428408469,0.20869462856930007,0.41377988375915464,0.8656858424576985,0.10409981680207422,0.6400000000000032,1.4599999999999944,-0.8354192673771398,-0.8354192673771398,1.000000000000005,1.5199999999999958,-1.3247314425414556,-1.3247314425414556,1.000000000000005,1.492489958253075,-1.1081518142300928,-1.1081518142300928,-0.6766970842206362,-0.6766970842206362,-0.07509011294094792,0.17552678768832536,0.18476150121372392,0.12,0.008121000726237443,0.09769413570654656,0.14567778542834997,0.1599480642479397,0.2940518872628677,-0.6766970842206362,-1.1027962959882343,0.869800339905267,,,
9JhPYz76,2018-04-04,USDCAD,1D,-1,False,market,1.693266680863134,,stated,False,True,tp,1.693266680863134,target_reached,1.693266680863134,-0.8093863589433342,2.403733066513722,1.693266680863134,-0.8093863589433342,0.22094354338243977,0.11879881309218282,1.986271767997294,2.3804173950045717,-0.5107238735191139,2.842289469958904,0.716123672906783,1.000000000000008,1.9999999999999911,-1.000000000000008,-1.000000000000008,1.000000000000008,1.9999999999999911,-1.9999999999999911,-1.9999999999999911,1.000000000000008,1.9999999999999911,-0.8093863589433342,-0.8093863589433342,1.693266680863134,1.693266680863134,-1.4001927910296126,-2.407058329714567,-1.4010211026693866,0.43,0.21445962331878785,0.4159957118044811,0.12301783962964134,-1.3884028910221524,-2.060260158184057,-0.060000000000000456,0.0649999999999917,-0.8000000000000074,-1.0000000000000078,-0.5899999999999914,-0.5799999999999974,-1.749999999999992,-1.9603608367951924,-1.119999999999996,-1.2250000000000028,-2.002763193875225,-2.167191142302835,-0.4118953272288472,-0.9818953272288521,-0.716298839401807,-1.8588240024116829,-0.3607376030828111,0.6,-0.0009603842202055102,-0.14692194185165114,-0.2159085216384549,-0.35796748430290776,-1.207490054554743,-1.4001927910296126,-2.407058329714567,-1.4010211026693866,1.1490227890957698,,
nfIXhe9L,2018-04-04,AUDUSD,60,1,False,limit,2.793507422244056,,arrow,False,True,tp,2.793507422244056,target_reached,2.793507422244056,1.470437859927088,3.3779563905156453,2.1859945449431577,0.8629249826261897,0.11808445412642572,-0.19983528585938848,0.6449228855700193,2.2254381799008,2.3889398433665243,3.1065300643974436,1.21717843567934,,1.9999999999999838,2.999999999999976,4.99999999999996,,1.9999999999999838,2.999999999999976,4.99999999999996,,1.9999999999999838,2.999999999999976,4.99999999999996,2.793507422244056,2.793507422244056,,,,,,,,,,,,,,,,,,,,,,,,-0.03811604522747789,-0.08774585177235877,-0.44458805547277336,0.48,-0.1248062082719083,-0.34358041429875813,-0.20287821268040518,-0.3929942219069642,-0.4260124620084815,,,,2.38296635965854,,
LF3rmaNz,2018-04-05,USDCHF,240,1,False,market,2.0734078236256996,,stated,False,True,time,-1.2542551910029054,target_reached,-1.2542551910029054,-1.2542551910029054,-1.1557806043220082,-1.2542551910029054,-1.2542551910029054,-0.5908474682500109,0.9951115582116842,0.20213201906323672,-1.4615700557676419,-3.633193704777848,1.8088225320013882,1.9021142729807856,1.0000000000000142,-1.0000000000000142,-1.0000000000000142,-1.0000000000000142,1.0000000000000142,-2.0000000000000284,-2.0000000000000284,-2.0000000000000284,1.0000000000000142,-2.9999999999999853,-2.9999999999999853,-2.9999999999999853,-2.0000000000000284,-2.9999999999999853,0.4930919212600443,0.41773952636616746,-2.4845395625388464,0.275,-0.1499145881485659,-0.5005359309347831,-1.095529700367724,-2.493480015433888,-2.0810529279417365,0.05000000000000071,-1.0000000000000142,-1.0000000000000142,-1.0000000000000142,-0.350000000000005,-2.0000000000000284,-2.0000000000000284,-2.0000000000000284,-0.6999999999999856,-1.9999999999999827,-1.834444021157163,-1.96982157786029,-2.0000000000000284,-1.9853184352748485,-0.3392749792443852,-0.6926909266668093,0.2553601333990965,0.685,-0.01407149838972721,0.13006418958816288,0.09199598756745508,0.19539429813966983,-0.3068260586848134,0.4930919212600443,0.41773952636616746,-2.4845395625388464,,0.8723910999999799,
bgMWJQQP,2018-04-05,BTCUSD,240,1,True,market,2.8009229854934126,,stated,False,True,time,-0.27258865165073065,,-0.27258865165073065,-0.27258865165073065,0.27448853946609486,-0.27258865165073065,-0.27258865165073065,-0.13520867532210654,0.1686828889964628,-1.0051763043884017,0.14995542403399026,0.8604681899894864,0.5845773528046916,1.309429749946696,-1.0000000000000004,-1.0000000000000004,-1.0000000000000004,-1.0000000000000004,1.0000000000000004,-0.27258865165073065,-0.27258865165073065,-0.27258865165073065,1.0000000000000004,-0.27258865165073065,-0.27258865165073065,-0.27258865165073065,-0.27258865165073065,-0.27258865165073065,0.9217393416021429,0.8898497273801412,1.292793293392811,0.025,0.05760730973132493,0.2275149462866856,0.5411321244392836,1.2688603624725598,0.7029041695852065,0.30000000000000016,0.8750000000000003,0.43632555908772563,0.43632555908772563,1.0000000000000004,1.3701454372748973,0.8898497273801412,0.8898497273801412,1.0000000000000004,1.3701454372748973,0.8898497273801412,0.8898497273801412,0.9217393416021429,0.9217393416021429,-0.9275921031458452,-1.768390372426268,-0.8520055469736808,0.525,-0.07634110589685676,-0.14915882654408624,-0.3070840520408468,-0.8186607098677504,-1.3913370744857343,0.9217393416021429,0.8898497273801412,1.292793293392811,,0.6078283255288233,
iueMawPp,2018-04-09,USDJPY,1D,-1,False,limit,4.390494639654902,1.1621897575557194,stated,True,True,sl,-1.1621897575557194,,-1.1621897575557194,-4.245962784422365,,-2.4212286615744003,-5.5050016884410455,-0.09816526179731618,0.2854540782103344,-0.15628934161316727,-0.9584024953444129,-2.7318344631211797,0.6225740768860025,1.0191098647269305,,-0.9999999999999915,-0.9999999999999915,-0.9999999999999915,,-2.0000000000000013,-2.0000000000000013,-2.0000000000000013,,-2.9999999999999925,-2.9999999999999925,-2.9999999999999925,-1.1621897575557194,-1.1621897575557194,-1.1621897575557194,-2.9390082726806366,-2.607164652952623,0.0,-0.22804682606071364,-0.8216880165408798,-1.31828773558604,-2.5969800089781354,-3.451482330002354,-0.9799999999999914,-0.9999999999999912,-0.9999999999999912,-0.9999999999999912,-1.970000000000001,-2.000000000000001,-2.000000000000001,-2.000000000000001,-2.959999999999992,-2.999999999999992,-2.999999999999992,-2.999999999999992,-1.1621897575557194,-1.1621897575557194,0.7442663814308027,0.4959538914882091,0.9301476556239252,0.31,0.14991507041064328,0.4280390699637186,0.4624808481653729,0.9286041384936956,0.7815629845053972,-1.1621897575557194,-2.9390082726806366,-2.607164652952623,,,False
QgBVFOOX,2018-04-09,BTCUSD,240,-1,True,limit,4.014426876317541,,arrow,False,False,tp_before_fill,,target_reached,,-5.186207583484894,,2.444492410266975,-6.75614204953546,3.182012814578003,3.931780641065173,3.1574718781452438,2.38485559731846,-3.615748812316236,4.258121205475196,0.0833930132248546,,,,,,,,,,,,,,,-10.540136649485218,-10.540136649485218,-1.6094409558692093,0.0,0.029287566124598312,-0.12084294107777063,-0.4323743191383496,-1.4732541612711672,-9.174399087138687,-0.7500000000000003,-0.8500000000000003,-0.8000000000000004,-1.0000000000000004,-1.6250000000000007,-1.8000000000000007,-1.7500000000000007,-2.000000000000001,-2.5000000000000013,-2.7500000000000013,-2.7000000000000015,-3.0000000000000013,-2.000000000000001,-3.0000000000000013,0.4962972766687726,2.754341276766342,0.7204017946805584,0.665,0.11227554091725858,0.33689778032799667,0.6465451237247519,0.6569915605161358,1.679782657938448,-10.540136649485218,-10.540136649485218,-1.6094409558692093,,,
4ph9lVUt,2018-04-09,EURUSD,1D,1,False,market,2.7142125591687445,,arrow,False,True,time,-6.753531696193238,,-6.753531696193238,-6.753531696193238,-1.1173755822719487,-6.753531696193238,-6.753531696193238,0.43610915402319905,0.030798614771876617,0.8401876796839873,-0.8931613069487093,-4.8538698694368065,1.239338397409993,1.084113063532667,1.0000000000000009,-1.0000000000000009,-1.0000000000000009,-1.0000000000000009,1.0000000000000009,-2.0000000000000018,-2.0000000000000018,-2.0000000000000018,1.0000000000000009,-3.0000000000000027,-3.0000000000000027,-3.0000000000000027,-2.0000000000000018,-3.0000000000000027,-8.103184702008207,-8.103184702008207,-3.3377500914150176,0.0,-0.15516368637657602,-0.5991018290288109,-1.160364417060626,-3.3235334271300054,-5.947487447760284,-0.5800000000000005,-1.0000000000000007,-1.0000000000000007,-1.0000000000000007,-1.3700000000000012,-2.0000000000000013,-2.0000000000000013,-2.0000000000000013,-2.1600000000000024,-3.0000000000000027,-3.0000000000000027,-3.0000000000000027,-2.0000000000000013,-3.0000000000000027,-1.1981929452441777,-1.4529147910726379,0.3278086937771802,0.23,0.03220924630637648,0.10913199733962664,0.07732929149145815,0.3306914447851832,-0.4107556610554903,-8.103184702008207,-8.103184702008207,-3.3377500914150176,,0.45661066345870605,
m0wjB7Ck,2018-04-10,AUDUSD,1W,1,False,market,2.916786980241744,,arrow,False,True,time,-3.8413335158944735,,-3.8413335158944735,-3.8413335158944735,-2.3910116519019162,-3.8413335158944735,-3.8413335158944735,0.26583114863705415,-1.426822986429334,-1.5134751264427386,-2.409370154831354,-2.9564535907364924,0.5683793031329925,2.5099747550089844,-1.0000000000000038,-1.0000000000000038,-1.0000000000000038,-1.0000000000000038,-1.9999999999999996,-1.9999999999999996,-1.9999999999999996,-1.9999999999999996,-3.000000000000003,-3.000000000000003,-3.000000000000003,-3.000000000000003,-1.9999999999999996,-3.000000000000003,-2.6754032443640257,-2.6754032443640257,-1.7425231725771075,0.0,-0.42311580046440617,-0.8062541215456435,-0.4821090199628469,-1.74813353179557,-3.0468031372964295,-0.45000000000000173,-1.0000000000000038,-1.0000000000000038,-1.0000000000000038,-1.1755740085879254,-2.0005740085879262,-2.0005740085879262,-2.0005740085879262,-1.9000000000000012,-2.9894684600534447,-2.9894684600534447,-2.9894684600534447,-2.0005740085879262,-2.9894684600534447,-4.798046599427856,-4.798046599427856,-1.7996952278676144,0.0,-0.12693070131772696,-0.5798754000344668,-0.9586076795656835,-1.8062492140320692,-3.1657111714420396,-2.6754032443640257,-2.6754032443640257,-1.7425231725771075,,0.19486486568377548,
pQphnF7o,2018-04-10,BTCUSD,240,1,True,market,1.8069908743965788,,arrow,False,True,tp,1.8069908743965788,,1.8069908743965788,7.911553895363544,0.6712819094735749,1.8069908743965788,7.911553895363544,-0.3586727860491709,0.23013837438488496,0.31524818489560374,0.7912993369245162,7.9111940238906495,1.210430680544001,0.7791236543992872,1.0000000000000018,1.9999999999999982,3.0,4.999999999999998,1.0000000000000018,1.9999999999999982,3.0,4.999999999999998,1.0000000000000018,1.9999999999999982,3.0,4.999999999999998,1.8069908743965788,1.8069908743965788,1.8069908743965786,7.827024376627063,4.119142504123724,1.0,0.21151797755267326,0.3151987038441376,0.6870593107108678,4.045695554935764,7.144640407744473,0.8000000000000014,1.6999999999999982,2.6,4.399999999999999,1.0000000000000018,1.9999999999999982,3.0,4.999999999999998,1.0000000000000018,1.9999999999999982,3.0,4.999999999999998,1.8069908743965786,1.8069908743965786,-0.5407119844962612,-1.798809091793814,-0.5312678676269925,0.775,-0.06784373852521838,-0.2622119987321516,-0.3015295520341867,-0.5521728543911449,-1.0539716726952768,1.8069908743965786,7.827024376627063,4.119142504123724,6.927231231675793,,
io3N6vWF,2018-04-11,NZDUSD,1D,1,False,market,2.7413113906960036,,arrow,False,True,time,-7.734874167686134,,-7.734874167686134,-7.734874167686134,-4.528073141814474,-7.734874167686134,-7.734874167686134,0.23656728592086237,0.049065799791218806,-0.22079614287277263,-4.398399221086007,-6.795614401440777,0.7727864825297891,4.417675070378087,-0.9999999999999967,-0.9999999999999967,-0.9999999999999967,-0.9999999999999967,-1.9999999999999933,-1.9999999999999933,-1.9999999999999933,-1.9999999999999933,-2.99999999999999,-2.99999999999999,-2.99999999999999,-2.99999999999999,-1.9999999999999933,-2.99999999999999,-5.832049557941964,-5.832049557941964,-4.5935409467615145,0.0,-0.492541856643318,-1.5726642878077204,-2.722442643061375,-4.586207360775293,-6.486166872989755,-0.9999999999999966,-0.9999999999999966,-0.9999999999999966,-0.9999999999999966,-1.9999999999999931,-1.9999999999999931,-1.9999999999999931,-1.9999999999999931,-2.9999999999999996,-2.9999999999999996,-2.9999999999999996,-2.9999999999999996,-1.9999999999999931,-2.9999999999999996,-1.1217332196141272,-2.2464079246121127,-0.19835729014938913,0.26,-0.0027687128505232317,0.023043406664257228,0.08179095009401985,-0.19297757473970475,-1.1537299049719045,-5.832049557941964,-5.832049557941964,-4.5935409467615145,,0.2819039402647296,
mmqUrEd5,2018-04-12,ETHUSD,240,1,True,market,3.484678387405136,,arrow,False,True,tp,3.484678387405136,,3.484678387405136,8.362804200131503,6.344900388237635,3.484678387405136,8.362804200131503,3.3824080671033823,3.717985562989502,6.0261905441437085,6.470963885031195,8.813791944187548,9.568397420502938,0.14293115746366128,1.0000000000000013,1.9999999999999976,2.9999999999999987,5.000000000000001,1.0000000000000013,1.9999999999999976,2.9999999999999987,5.000000000000001,1.0000000000000013,1.9999999999999976,2.9999999999999987,5.000000000000001,3.484678387405136,3.484678387405136,2.1419692607114875,2.4284313897822174,1.8490497437493552,0.625,0.5820893455779703,1.1505292109746663,1.9121702724732337,1.7554120823861694,2.5461054545053714,-1.27675647831893e-16,0.12499999999999925,0.4999999999999988,1.0783661754541751,0.40000000000000036,0.4999999999999992,1.1249999999999987,1.8321151863103171,0.30000000000000127,0.7500000000000007,1.1804856964745583,1.8876008827848765,1.4279239921282092,1.4834096886027688,-3.3204225128905365,-3.2932802865099786,-1.7006277266806906,0.435,-0.44922107784752924,-0.6706889077170873,-0.7320028213158425,-1.6792590748813934,-2.654724254746774,2.1419692607114875,2.4284313897822174,1.8490497437493552,6.793935948327266,,
6ptsnod2,2018-04-12,BTCUSD,240,1,True,market,,,,False,True,time,1.7410975357629903,target_reached,1.7410975357629903,1.7410975357629903,1.1860651822323498,1.7410975357629903,1.7410975357629903,-0.4624958187346393,0.9249449271427476,1.7481043402950387,1.466010381935818,2.669639288148028,2.398943067639028,0.727399749665473,1.0000000000000018,2.0000000000000036,3.0000000000000013,1.7410975357629903,1.0000000000000018,2.0000000000000036,3.0000000000000013,1.7410975357629903,1.0000000000000018,2.0000000000000036,3.0000000000000013,1.7410975357629903,1.7410975357629903,1.7410975357629903,0.8152008495913552,0.8152008495913552,1.0761284154073631,0.0,0.27693578004933805,0.5722796030837504,0.8282767140022902,1.0596355650415288,1.1813425939797955,0.5000000000000007,1.1000000000000008,0.9314362049473175,0.4798340028446312,1.0000000000000013,1.4353668467467249,1.2668030516940414,0.8152008495913552,1.0000000000000013,1.4353668467467249,1.2668030516940414,0.8152008495913552,0.8152008495913552,0.8152008495913552,-1.7896645001295781,-1.7896645001295781,-0.4227207585438476,0.0,-0.007922126091132018,-0.09213434320294024,-0.14819298366751177,-0.2902146085188545,-1.0625723499985071,0.8152008495913552,0.8152008495913552,1.0761284154073631,,,
EbEM9py1,2018-04-13,USDCAD,1D,-1,False,market,1.5306639072542592,,arrow,False,True,time,-3.6645543241323826,,-3.6645543241323826,-3.6645543241323826,-3.2830006102467806,-3.6645543241323826,-3.6645543241323826,-0.2141851274011735,0.24227488805603267,-0.868444381430898,-3.301727156372676,-2.050558732407517,0.7432104359287321,3.5896481396287996,-1.0000000000000064,-1.0000000000000064,-1.0000000000000064,-1.0000000000000064,-1.999999999999987,-1.999999999999987,-1.999999999999987,-1.999999999999987,-2.9999999999999933,-2.9999999999999933,-2.9999999999999933,-2.9999999999999933,-1.999999999999987,-2.9999999999999933,-2.653649884514857,-2.8572112620024033,-1.77030395611683,0.085,-0.32069824554852183,-0.9656937565456843,-1.4531052355584382,-1.766804429956021,-1.34590151170847,-0.9600000000000064,-1.0000000000000067,-1.0000000000000067,-1.0000000000000067,-0.9499999999999976,-2.0,-2.0,-2.0,-1.4352422446472497,-2.3015243536805285,-2.3015243536805285,-2.3015243536805285,-1.699893567883388,-2.0979629761929823,-0.8944979844715352,-1.7689931107654957,-0.4252509982366874,0.63,-0.06283932758490514,-0.03008539635663924,-0.06360594728637102,-0.40709793012347617,-1.4070847177236996,-2.653649884514857,-2.8572112620024033,-1.77030395611683,,0.48554776290630675,
CZLbukyO,2018-04-13,AUDUSD,240,1,False,market,1.7270041886255891,,stated,False,True,time,-4.596109870706542,,-4.596109870706542,-4.596109870706542,-0.7708360183062052,-4.596109870706542,-4.596109870706542,-0.13971401173535283,-1.5079479864391483,-1.1610717661412833,-1.1851603871908316,-0.7756537811083797,0.5010434239591596,2.2836017675475815,-1.000000000000003,-1.000000000000003,-1.000000000000003,-1.000000000000003,-2.000000000000006,-2.000000000000006,-2.000000000000006,-2.000000000000006,-3.0000000000000093,-3.0000000000000093,-3.0000000000000093,-3.0000000000000093,-2.000000000000006,-3.0000000000000093,-0.8115305805949878,-5.787171963059697,-0.2022240233984236,0.7,-0.205235096205576,-0.08611683954823426,0.01373051785745697,-0.2127025718665551,-0.39541479943115526,-0.5000000000000016,-0.9250000000000028,-1.000000000000003,-1.000000000000003,0.5500000000000018,-0.7000000000000022,-2.000000000000006,-2.000000000000006,0.5000000000000016,-1.3750000000000042,-3.0000000000000093,-3.0000000000000093,0.6089029320379106,0.3089029320379096,-0.4086212120392419,-1.2436234961901842,-0.4423635274525782,0.68,0.026955174721126726,-0.18550650900531573,-0.3084789445481802,-0.43190906297441783,-1.0279821157876945,-0.8115305805949878,-5.787171963059697,-0.2022240233984236,,0.3738121787709493,
3vWtQF5t,2018-04-13,ETHBTC,1D,1,True,market,5.838817382800242,,stated,False,True,tp,5.838817382800242,,5.838817382800242,6.633579331807331,3.1075485597872725,5.838817382800242,6.633579331807331,-0.14972529978618898,0.07411402346856194,0.12352337120758228,3.1041797408768876,5.423050295461018,3.5009517830782517,0.627348999556814,1.0000000000000009,2.0000000000000018,3.000000000000002,4.999999999999999,1.0000000000000009,2.0000000000000018,3.000000000000002,4.999999999999999,1.0000000000000009,2.0000000000000018,3.000000000000002,4.999999999999999,5.838817382800242,5.838817382800242,5.635934571891019,6.74843173551837,2.6945069963072696,0.915,0.3604037649362114,0.9988979406858135,1.6513933034980053,2.6839401333950175,5.627966210624062,0.6700000000000006,1.190000000000001,1.8399999999999994,3.2599999999999993,1.0000000000000007,2.0000000000000013,2.9999999999999996,4.999999999999999,1.0000000000000007,2.0000000000000013,2.9999999999999996,4.999999999999999,5.635934571891019,5.635934571891019,-2.0998164186053736,-3.4197913124029835,-1.4891753004942831,0.39,-0.1663223475064078,-0.5308173556108692,-0.8512669254798857,-1.4786177957843443,-2.603329904778609,5.635934571891019,6.74843173551837,2.6945069963072696,2.155390594631787,,
HpVn1Mh0,2018-04-16,XRPUSD,1D,1,True,market,1.6745608095214397,,stated,False,True,tp,1.6745608095214397,,1.6745608095214397,0.1887464539480242,2.452870255371813,1.6745608095214397,0.1887464539480242,-0.09788715237363178,1.031390766070942,3.8540833606275275,2.101464769307758,4.005893155609961,5.044472087123858,0.566982604064753,1.0000000000000007,1.9999999999999996,3.0000000000000004,5.0,1.0000000000000007,1.9999999999999996,3.0000000000000004,5.0,1.0000000000000007,1.9999999999999996,3.0000000000000004,5.0,1.6745608095214397,1.6745608095214397,-0.27505100867376425,-2.336676978319409,0.9528719011441709,0.67,0.22570610448481568,0.8128106002301024,0.9230426627162774,0.9513317604701206,-0.7110979357977929,0.5900000000000003,0.6199999999999994,0.5199999999999997,0.019945802342719577,0.6250000000000006,0.17999999999999997,-0.0999999999999996,-0.5689276271678669,0.5000000000000006,-0.2750000000000003,-0.7200000000000003,-1.1848513816682456,0.4619557423793647,0.13195574237936447,-0.5898212003381762,-2.2386547600168365,-1.0423500522049187,0.67,0.04971776436316496,-0.26985408928519794,-0.48881082937872994,-1.0254528407610892,-1.982654327408782,-0.27505100867376425,-2.336676978319409,0.9528719011441709,3.3699112776024185,,
iNVz9EjJ,2018-04-16,XVGBTC,240,1,True,limit,5.654681617005154,,arrow,False,False,tp_before_fill,,,,-3.1603341507864737,-0.3982909685391205,5.2467545762688275,-3.5682611915228,0.08957978099070713,0.7912880503095158,3.896720382445366,-1.4780663515973504,-2.6724634027674874,6.255654554767054,3.045712481163728,,,,,,,,,,,,,,,-1.1080989231858434,-4.732425067024052,-3.377157662821891,0.375,0.21088572867443095,0.2616476035493482,-1.1350504470192124,-3.3469244874551762,-3.8425992637436637,0.5499999999999994,0.7250000000000008,0.9,1.4000000000000004,0.399999999999999,0.4000000000000001,0.4999999999999993,0.7999999999999994,0.19999999999999934,0.2110975250370347,0.21109752503703402,0.4110975250370343,0.8705056063769323,0.4566031314139673,0.17286590875085392,-0.03762350722290619,0.03187547132132745,0.105,-0.03993765145940736,-0.020827298785725798,-0.05986915220104558,0.021424497099037595,-0.016049710390679362,-1.1080989231858434,-4.732425067024052,-3.377157662821891,,,
Z2lX17SW,2018-04-17,GBPUSD,1D,1,False,limit,4.387888852480652,,arrow,False,True,time,-9.897254814813735,,-9.897254814813735,-9.897254814813735,-5.22008999922246,-10.84906065024988,-10.84906065024988,-0.3496945297912474,-2.726124969036251,-4.135564699165719,-6.123919491292632,-8.250872667913038,0.440316677503976,6.639932231695339,,-0.9999999999999881,-0.9999999999999881,-0.9999999999999881,,-2.0,-2.0,-2.0,,-3.000000000000012,-3.000000000000012,-3.000000000000012,-2.0,-3.000000000000012,-6.916404113671721,-6.916404113671721,-4.65852332205851,0.0,-0.7162448348011116,-1.957927078940044,-2.9174281952753227,-4.647611362177635,-6.168606808307776,-1.000000000000002,-1.000000000000002,-1.000000000000002,-1.000000000000002,-2.0,-2.0,-2.0,-2.0,-2.9999999999999982,-2.9999999999999982,-2.9999999999999982,-2.9999999999999982,-2.0,-2.9999999999999982,-0.9206605736296806,-1.6359148865873323,-0.044372827790058675,0.255,0.16101408713525864,0.2859339473947208,0.20796697969318154,-0.05588716298811797,-0.6760406213292603,-6.916404113671721,-6.916404113671721,-4.65852332205851,,0.08765453180754532,
qBe7HdBR,2018-04-17,EOSUSD,1D,1,True,market,3.9278955187580267,,arrow,False,True,tp,3.9278955187580267,target_reached,3.9278955187580267,4.926585381536481,8.665031150283186,3.9278955187580267,4.926585381536481,-0.059827625365448146,1.1726570168153843,3.2419607591056328,7.913039662388816,10.080948004856316,8.251316537773423,0.4702473820651426,1.0000000000000004,2.000000000000001,2.9999999999999996,5.000000000000001,1.0000000000000004,2.000000000000001,2.9999999999999996,5.000000000000001,1.0000000000000004,2.000000000000001,2.9999999999999996,5.000000000000001,3.9278955187580267,3.9278955187580267,3.927895518758027,0.9298113059194071,7.259125690135097,1.0,1.0014474331842012,3.3939093579083557,4.894249566592258,7.249576522138348,4.039858234560569,0.73,1.5349999999999997,2.36,4.04,0.94,1.88,2.85,4.79,0.98,1.975,2.97,4.96,3.7500586531952864,3.8932560411642374,-0.3495837844575921,1.6282841268916193,-0.27623955689487434,0.41,-0.005208874120133648,-0.12329593957723839,-0.21333966975231372,-0.2704409495752226,0.9667859402081259,3.927895518758027,0.9298113059194071,7.259125690135097,12.357359639451062,,
JEqyThd4,2018-04-18,ICXBTC,240,1,True,limit,2.2371957916296434,,arrow,False,False,tp_before_fill,,,,,,1.3906305427758638,3.6596067308297644,0.6786025692839018,2.043886315639922,3.7727071576739015,3.3930128628576792,3.0375543667488483,4.112008446425391,0.048471613852939605,,,,,,,,,,,,,,,2.2224667673810385,3.753520475478139,0.5414683023518186,0.975,0.14723252235233114,0.3576801060588945,0.3399071816644072,0.690114580039701,0.01211790366871186,0.15000000000000005,0.5000000000000002,0.2000000000000001,0.030665888730769808,0.7000000000000003,0.9000000000000004,0.5000000000000002,1.0248034026204613,1.0000000000000004,1.3750000000000004,2.2106768480007846,3.270392904521112,0.4363875801870446,1.5825463176759378,-0.1346183213270085,-1.2462455448423169,-0.5982608743362967,0.61,-0.23892465540682617,-0.5249475608905461,-0.6257281216246585,-0.6750075943249346,-1.0511069125794654,2.2224667673810385,3.753520475478139,0.5414683023518186,,,
Jt9lNJ3w,2018-04-18,XVGBTC,240,-1,True,market,0.8816547034885516,,stated,False,True,tp,0.8816547034885516,,0.8816547034885516,0.7530870724664324,0.15723796031986176,0.8816547034885516,0.7530870724664324,-0.12413523200333254,0.670330251675108,1.0261845827104936,0.041378410395662236,0.761362754545564,1.1089414035018175,0.5958491121465707,1.0000000000000002,0.7530870724664324,0.7530870724664324,0.7530870724664324,1.0000000000000002,0.7530870724664324,0.7530870724664324,0.7530870724664324,1.0000000000000002,0.7530870724664324,0.7530870724664324,0.7530870724664324,0.8816547034885516,0.8816547034885516,0.6872652424483887,0.8757740597181514,0.3390960746210553,0.6,0.07489492308146067,-0.06951572985247659,-0.08482574178050606,0.3281307958253876,0.4696449599908112,0.2674807476016603,0.3952251744504391,0.3952251744504391,0.3952251744504391,0.7480296328693725,0.8757740597181514,0.8757740597181514,0.8757740597181514,0.7480296328693725,0.8757740597181514,0.8757740597181514,0.8757740597181514,0.6872652424483887,0.6872652424483887,-0.12437200042701668,-0.06012283061102664,-0.031240700044647855,0.32,0.0013241091571515834,-0.0029378671340102446,-0.026399426016110228,-0.023544315678400932,-0.07352943546901422,0.6872652424483887,0.8757740597181514,0.3390960746210553,0.22728670001326592,,
xbiF4sc0,2018-04-23,ETHUSD,1D,1,True,market,3.0924562405880387,,stated,False,True,tp,3.0924562405880387,target_reached,3.0924562405880387,-0.5163421390359825,1.8801069078129056,3.0924562405880387,-0.5163421390359825,1.0673461352557438,-0.3643080642088777,0.8631997525998263,1.9142906696433066,1.04009474295788,2.2687977969599045,1.040333791824711,0.999999999999999,-0.999999999999999,-0.999999999999999,-0.999999999999999,0.999999999999999,2.000000000000001,2.9999999999999996,-0.5163421390359825,0.999999999999999,2.000000000000001,2.9999999999999996,-0.5163421390359825,3.0924562405880387,3.0924562405880387,2.9356520499270857,-2.2036203583855856,1.8988326776286166,0.975,0.2959524930866271,1.0229156104083261,1.4377068762247447,1.904106060771734,0.7679561411960298,0.16999999999999982,0.5000000000000009,0.9200000000000003,-0.48999999999999894,0.7449999999999989,1.6600000000000004,2.4749999999999996,-1.2969788764373755,0.9999999999999989,2.0000000000000004,2.8799999999999994,-1.8362702077730373,2.5322860541233547,2.9401448345733376,-2.1184763891423812,-1.793702071347733,-0.9940327219122775,0.46,-0.1872457394536214,-0.32123293853386486,-0.720841116092662,-0.9928087997832459,-1.2305532785446973,2.9356520499270857,-2.2036203583855856,1.8988326776286166,1.7515979726120607,,
djYbMGem,2018-04-24,GBPUSD,1D,-1,False,market,1.6579637758931616,,arrow,False,True,tp,1.6579637758931616,target_reached,1.6579637758931616,5.50008493328365,4.1772171766379484,1.6579637758931616,5.50008493328365,-0.06327621153712737,0.5091755901109473,1.8636815019700324,3.938942709565043,4.753623673520469,4.392751676387012,0.667366069508968,1.0000000000000042,2.0000000000000084,2.9999999999999902,4.999999999999998,1.0000000000000042,2.0000000000000084,2.9999999999999902,4.999999999999998,1.0000000000000042,2.0000000000000084,2.9999999999999902,4.999999999999998,1.6579637758931616,1.6579637758931616,1.6579637758931614,3.6059320239285753,2.0325893671379793,1.0,0.43119756442407636,1.171311458235364,1.5635694504287152,2.0317736972777136,3.8636094756877286,0.980000000000004,1.970000000000008,2.9599999999999898,3.7528316476011296,1.000000000000004,2.000000000000008,2.9959151427817856,3.78530952526361,1.000000000000004,2.000000000000008,2.9959151427817856,3.78530952526361,1.6579637758931614,1.6579637758931614,0.6804874236422356,2.2571061381576154,0.7128705277962459,0.755,0.01030709763525163,0.01941293842206996,0.11847971588529325,0.7133599296135154,1.4398397839106623,1.6579637758931614,3.6059320239285753,2.0325893671379793,5.522894914466255,,
s65Bu2fR,2018-04-24,BTCUSD,1D,1,True,market,5.025848203460941,,stated,False,True,time,-3.8836745266734094,,-3.8836745266734094,-3.8836745266734094,0.8136051231690521,-3.8836745266734094,-3.8836745266734094,-0.31690912691352036,0.03438380373942712,-0.08606818171532733,0.9260153839320461,-1.857225285463741,1.0961304463431534,1.4091925882200893,-1.0000000000000018,-1.0000000000000018,-1.0000000000000018,-1.0000000000000018,1.0000000000000018,-1.9999999999999998,-1.9999999999999998,-1.9999999999999998,1.0000000000000018,-2.9999999999999996,-2.9999999999999996,-2.9999999999999996,-1.9999999999999998,-2.9999999999999996,-3.8696660600509665,-3.8696660600509665,-0.21394517619672931,0.0,0.06711731499169762,0.3074974854413613,0.3021372417592128,-0.2013084763872507,-2.133724751108057,0.23000000000000043,-0.3550000000000014,-1.0000000000000018,-1.0000000000000018,0.6550000000000017,-1.1399999999999997,-1.9999999999999998,-1.9999999999999998,0.5400000000000014,-1.925,-3.0,-3.0,-1.9999999999999998,-3.0,-0.08200385689321248,-0.50081379242556,0.013710813454636343,0.31,-0.1680734441143459,0.012049654252797052,0.08499406758080873,0.00175396528996405,0.2529929626429454,-3.8696660600509665,-3.8696660600509665,-0.21394517619672931,,0.282529645272829,
aUo0MCFB,2018-04-25,BTCUSD.P,1D,1,True,market,3.593618902522979,,stated,False,True,time,-3.7141828392084237,,-3.7141828392084237,-3.7141828392084237,0.9387657235573943,-3.7141828392084237,-3.7141828392084237,-1.1863335627624385,-0.5006875325264976,-0.21242675542666883,0.9157472895413203,-1.3862841968593766,1.0260777941193355,1.5131039675661904,-1.0000000000000016,-1.0000000000000016,-1.0000000000000016,-1.0000000000000016,1.0000000000000016,-1.9999999999999993,-1.9999999999999993,-1.9999999999999993,1.0000000000000016,-3.000000000000001,-3.000000000000001,-3.000000000000001,-1.9999999999999993,-3.000000000000001,-3.6933249478400074,-3.6933249478400074,-0.44833991274876345,0.0,0.1797149891744415,0.3083928705585891,0.2458007947053865,-0.4458504066632684,-2.276022931235243,0.2800000000000004,-0.49000000000000155,-1.0000000000000018,-1.0000000000000018,0.49000000000000155,-1.3199999999999996,-1.9999999999999998,-1.9999999999999998,0.32000000000000123,-2.1500000000000004,-3.0000000000000004,-3.0000000000000004,-1.9999999999999998,-3.0000000000000004,0.5277663785724339,0.09796728561958291,0.29782060584166276,0.535,-0.013516525497163956,0.045329178749581304,0.16619097831967433,0.28146815410464193,0.552569794837676,-3.6933249478400074,-3.6933249478400074,-0.44833991274876345,,0.3321358603351955,
wXVEtKJ1,2018-04-25,EURUSD,1D,-1,False,market,1.6164555958379871,,stated,False,True,tp,1.6164555958379871,,1.6164555958379871,5.843508167448967,4.406295775650897,1.6164555958379871,5.843508167448967,0.36663584958916434,1.1652352757265778,2.722437579512729,4.6769397489539895,6.403461045639629,5.110236601531621,0.08265964903617601,0.99999999999999,2.0000000000000098,2.9999999999999996,5.00000000000001,0.99999999999999,2.0000000000000098,2.9999999999999996,5.00000000000001,0.99999999999999,2.0000000000000098,2.9999999999999996,5.00000000000001,1.6164555958379871,1.6164555958379871,1.6164555958379874,4.143751263663086,2.3211179872410397,1.0,0.41682491752651557,0.9128965040085028,1.2626737318512367,2.3200447446798167,4.574021713581321,0.789999999999992,1.5650000000000102,2.4200000000000013,4.130000000000009,0.9699999999999899,1.9600000000000102,2.949999999999999,4.828583996435617,0.9999999999999899,2.00000000000001,2.9999999999999996,4.884101007985388,1.580291039879607,1.6164555958379874,1.3037434995804946,3.5153441442146436,0.8387760708336551,0.89,0.16531942133874503,0.3144801981758471,0.40544587302917484,0.8454688379857009,1.8919207705557597,1.6164555958379874,4.143751263663086,2.3211179872410397,7.656097395802216,,
NNtSKT8N,2018-04-26,TRXBTC,240,-1,True,market,2.181392416328706,,stated,False,True,time,-5.392015619498007,closed_manually,-5.392015619498007,-5.392015619498007,-1.6339441276163773,-5.392015619498007,-5.392015619498007,-0.10892960814419358,-0.5718804454837554,-0.21785921628838717,-1.7701061377966216,-3.7853038939176766,0.272324020360484,2.1241273642652483,-1.0000000000000007,-1.0000000000000007,-1.0000000000000007,-1.0000000000000007,-2.0000000000000013,-2.0000000000000013,-2.0000000000000013,-2.0000000000000013,-3.0000000000000018,-3.0000000000000018,-3.0000000000000018,-3.0000000000000018,-2.0000000000000013,-3.0000000000000018,-4.686696404105786,-4.686696404105786,-2.3249663311898248,0.0,-0.29479075326725723,-0.7543375387844373,-1.262902648716358,-2.2793520577794437,-4.8786848377100736,-1.0000000000000007,-1.0000000000000007,-1.0000000000000007,-1.0000000000000007,-2.0000000000000013,-2.0000000000000013,-2.0000000000000013,-2.0000000000000013,-3.0000000000000018,-3.0000000000000018,-3.0000000000000018,-3.0000000000000018,-2.0000000000000013,-3.0000000000000018,0.03494673254835916,-0.00680810053627944,0.24740637330188733,0.275,0.020151977588477924,0.04071244116659554,0.12132035139780405,0.22766288174395016,0.15304609989250362,-4.686696404105786,-4.686696404105786,-2.3249663311898248,,0.12483953750000039,
gYi89kzu,2018-04-27,LTCUSD,240,-1,True,market,5.426530264582995,,stated,False,True,time,0.3487795761994237,closed_manually,0.3487795761994237,0.3487795761994237,-0.5298400097631308,0.3487795761994237,0.3487795761994237,-0.10863626391714484,-0.19821352189970035,0.8614664787319638,-0.6480057483056715,-0.22870792005828697,0.9491378380105153,0.8347838779813745,-1.0000000000000004,-1.0000000000000004,-1.0000000000000004,-1.0000000000000004,1.0000000000000004,0.3487795761994237,0.3487795761994237,0.3487795761994237,1.0000000000000004,0.3487795761994237,0.3487795761994237,0.3487795761994237,0.3487795761994237,0.3487795761994237,-0.3993335478255665,-0.3993335478255665,-0.45670111582107714,0.0,-0.020154883046074844,-0.016581322976075775,-0.2563434526833641,-0.4729965539915545,0.5693397632377014,0.10000000000000005,-0.6883441580310314,-0.7542285608374188,-0.7542285608374188,0.5581890277688182,-0.3234190445415764,-0.3893034473479636,-0.3893034473479636,0.5581890277688182,-0.3334491450191792,-0.3993335478255665,-0.3993335478255665,-0.3893034473479636,-0.3993335478255665,0.4595480386422438,0.3294537503980716,-0.03460160174102457,0.345,-0.0482668996055094,0.09604779456913425,0.008109602008652015,-0.010167972986862957,0.007070886553661477,-0.3993335478255665,-0.3993335478255665,-0.45670111582107714,,0.24515069986072408,
g0gwLOYV,2018-05-02,XVGBTC,240,1,True,market,1.3887020130328784,,stated,False,True,time,-3.492311477637167,closed_manually,-3.492311477637167,-3.492311477637167,-1.98483889730861,-3.492311477637167,-3.492311477637167,-0.4271172307211163,-0.6281135757568542,-0.9547326339601016,-2.1355861560854112,-2.587827929935998,0.17587180190627175,2.738575186232978,-0.9999999999999992,-0.9999999999999992,-0.9999999999999992,-0.9999999999999992,-1.9999999999999984,-1.9999999999999984,-1.9999999999999984,-1.9999999999999984,-2.999999999999998,-2.999999999999998,-2.999999999999998,-2.999999999999998,-1.9999999999999984,-2.999999999999998,-1.7564910616730642,-1.8435133425153354,-1.177712953366187,0.05,-0.2832792225448304,-0.42837345818756917,-0.8799871188318911,-1.23361506170526,-2.008707212847635,-0.8499999999999993,-0.9999999999999993,-0.9999999999999993,-0.9999999999999993,-1.5409519253428765,-1.7659519253428761,-1.7659519253428761,-1.7659519253428761,-1.9558751151508198,-2.062280794000658,-2.062280794000658,-2.062280794000658,-1.5965168246912325,-1.975258513158387,0.2704771256761962,0.23516572214192258,-0.031028810876484254,0.625,0.054645881108205216,0.1319038508221456,-0.029646960942367944,-0.005150531663918141,0.15753088416944788,-1.7564910616730642,-1.8435133425153354,-1.177712953366187,,0.12664473750000094,
lPoLjkV0,2018-05-02,EURUSD,1D,-1,False,limit,4.791263174019978,,arrow,False,False,tp_before_fill,,target_reached,,,,3.604608948086319,2.5808999557909047,0.026844415340713593,0.8117243157912274,1.2131124044634172,2.2383139015416975,4.566109315149765,2.690834282823213,0.6659974349713292,,,,,,,,,,,,,,,4.327638541204221,3.674765632758901,2.536101719120235,0.69,0.18887611470688526,0.6664640446385777,0.9733917206038631,2.5291285605628655,2.3056742712580847,0.41000000000000403,1.0399999999999907,1.7199999999999969,2.814154616665167,0.9850000000000101,1.9799999999999918,2.975000000000001,4.403497735474042,1.00000000000001,1.9999999999999918,3.0000000000000004,4.431502676081695,4.299633600596569,4.327638541204221,2.3067418747177886,2.9278130445111867,0.7471762853290247,0.41,0.03654677079809199,0.1292559140944547,0.4431056223215707,0.7404971331158542,1.8443975193184763,4.327638541204221,3.674765632758901,2.536101719120235,,,
sOwf3sUV,2018-05-03,ETHBTC,1D,-1,True,limit,3.112422989388054,,stated,False,True,time,0.9372433283532443,closed_manually,0.9372433283532443,0.9372433283532443,-0.3039285605468042,0.2954713339919095,0.2954713339919095,-0.9373683900011183,-1.4331321169386313,-0.9556350561350792,-0.9940911951955914,-0.9703765759478419,0.8963485096200406,2.2022549013576,0.9999999999999991,-0.9999999999999991,-0.9999999999999991,-0.9999999999999991,0.9999999999999991,1.9999999999999982,0.9372433283532443,0.9372433283532443,0.9999999999999991,1.9999999999999982,0.9372433283532443,0.9372433283532443,0.9372433283532443,0.9372433283532443,1.4008716152110443,0.611343652882286,-0.9674330798445487,0.35,-0.11515370379380423,-0.2136046246378376,-0.4564503360848059,-0.9683191734017211,1.148293904654143,0.049999999999999954,-0.6249999999999996,-0.8599999999999994,-0.9101327035047655,0.5199999999999996,1.199999999999999,1.1307423435990025,0.18062040236214968,0.9999999999999994,1.9604516611523346,1.5614655941191387,0.611343652882286,0.9701483646909079,1.4008716152110443,-1.1537159136206305,0.5880071856638169,0.5433019240781644,0.495,0.013693590239147664,0.015877578654057665,0.18548998234725744,0.52900425198754,0.49151913042145806,1.4008716152110443,0.611343652882286,-0.9674330798445487,,0.8545618329896912,
URnWkur7,2018-05-03,GBPJPY,1W,-1,False,market,2.7458629355854858,,arrow,False,True,tp,2.7458629355854858,target_reached,2.7458629355854858,1.2542166195426745,-0.06788368694502511,2.7458629355854858,1.2542166195426745,0.04960731470734871,0.5234877543434739,0.3740130768184581,-0.007506385220429367,-0.1344619396931077,1.7440888808106314,0.4791022742507192,0.9999999999999989,1.9999999999999978,1.2542166195426745,1.2542166195426745,0.9999999999999989,1.9999999999999978,1.2542166195426745,1.2542166195426745,0.9999999999999989,1.9999999999999978,1.2542166195426745,1.2542166195426745,2.7458629355854858,2.7458629355854858,1.9686933450267161,1.6639910226997086,0.479281763708171,0.41,0.1068956124236177,0.4438565903438281,0.4905788530843171,0.4764570839560338,-0.191921577726539,0.5199999999999995,1.280521555658752,1.0285317266208083,0.9089696278939335,1.0002511958785072,1.882405940706368,1.7692516446601647,1.6496895459332899,1.0002511958785072,1.8967074174727865,1.783553121426583,1.6639910226997086,1.9543918682602979,1.9686933450267161,2.131091201205195,1.1636799985455502,0.5885386181026412,0.805,0.14411089206389366,0.2114675125198573,0.31289653062898,0.5900121522651315,1.5537501789775232,1.9686933450267161,1.6639910226997086,0.479281763708171,0.07457422878190897,,
2B3EcjVX,2018-05-04,ICXBTC,240,-1,True,market,2.985983268941169,,stated,False,True,time,-1.1399579894825114,,-1.1399579894825114,-1.1399579894825114,0.24216724198676057,-1.1399579894825114,-1.1399579894825114,0.42526929928829704,-0.8741646759636095,-0.6201843982107751,0.11222384270510956,0.07678473540689772,0.8032864613671826,1.577040324536882,-0.9999999999999992,-0.9999999999999992,-0.9999999999999992,-0.9999999999999992,0.9999999999999992,-1.9999999999999984,-1.9999999999999984,-1.9999999999999984,0.9999999999999992,-1.1399579894825114,-1.1399579894825114,-1.1399579894825114,-1.9999999999999984,-1.1399579894825114,0.19181417520423683,0.19181417520423683,0.8933608602544476,0.0,-0.009745754507008726,0.4320617983667107,0.5289286948686719,0.8818431496506696,-0.5383791221641836,0.6999999999999995,0.05000000000000081,-0.9999999999999993,-0.9999999999999993,0.6999999999999993,-0.18960585266994287,-0.6754945715058309,-0.6754945715058309,0.6893105267757907,0.6012390441722371,0.11535032533634908,0.11535032533634908,-0.6754945715058309,0.11535032533634908,0.11760552894613674,0.16402400720329763,0.13895083804331587,0.4,0.014234708507956568,0.037890313463832974,0.16538250625784706,0.13481627508607572,0.0438854294517688,0.19181417520423683,0.19181417520423683,0.8933608602544476,,0.37979163529411725,
BXNc15H1,2018-05-07,BCHUSD,1D,1,True,limit,,,,False,True,time,-0.7359278020161588,,-0.7359278020161588,-0.7359278020161588,0.07188303462260404,-3.2305528682375013,-3.2305528682375013,-0.2887652724388416,0.285174693488752,-1.1815070817756188,-2.3570068479677935,-4.225833278076443,0.5256743269416753,2.7780020318797227,,,,-0.9999999999999998,,,,-1.9999999999999996,,,,-0.7359278020161588,-1.9999999999999996,-0.7359278020161588,-3.317002233735425,-3.317002233735425,-2.3117565948980126,0.0,-0.2746470553191335,-0.8440839586386312,-1.1382271577584646,-2.3058846198866454,-2.9385298386654712,-0.8699999999999999,-0.9999999999999999,-0.9999999999999999,-0.9999999999999999,-1.8049999999999997,-1.9999999999999998,-1.9999999999999998,-1.9999999999999998,-2.734568870367839,-2.990437598770178,-2.990437598770178,-2.990437598770178,-1.9999999999999998,-2.990437598770178,-0.3190973659825078,-0.3190973659825078,0.17884838151469468,0.0,0.08364284336799405,0.026962128362563353,0.0805449348065915,0.16800138540729426,-0.13223060415009205,-3.317002233735425,-3.317002233735425,-2.3117565948980126,,,
nmkjNWkv,2018-05-08,USDJPY,240,-1,False,market,4.926153208789461,,stated,False,True,time,-3.4747732381032304,,-3.4747732381032304,-3.4747732381032304,-2.8437045619636176,-3.4747732381032304,-3.4747732381032304,0.3233251818768004,-0.5921138725137387,-0.08180532145078002,-2.867077288248216,-1.0323038549955041,0.7245603607326919,3.1904028598523597,-1.0000000000000253,-1.0000000000000253,-1.0000000000000253,-1.0000000000000253,-1.9999999999999953,-1.9999999999999953,-1.9999999999999953,-1.9999999999999953,-3.0000000000000204,-3.0000000000000204,-3.0000000000000204,-3.0000000000000204,-1.9999999999999953,-3.0000000000000204,-3.5716733413522155,-3.5716733413522155,-1.050222893183422,0.0,-0.2007148653647352,-0.9186528919433001,-1.4387002121150079,-1.1353392599214729,-0.5544249421661083,-0.6500000000000165,-0.9250000000000247,-1.0000000000000253,-1.0000000000000253,-0.42499999999998456,-1.299999999999997,-1.9999999999999953,-1.9999999999999953,-0.8999999999999965,-2.1250000000000173,-2.845083036936684,-2.845083036936684,-1.9999999999999953,-2.845083036936684,-0.2480356860033871,-0.32805831873762814,-0.0545173108102661,0.28,-0.04549926246877911,-0.15176810628260437,-0.0024346849698022276,-0.03807837705477471,-0.19280706439176673,-3.5716733413522155,-3.5716733413522155,-1.050222893183422,,0.14708441455696084,
KduoyBeU,2018-05-09,BTCUSD,1D,1,True,limit,6.221458588184678,,arrow,False,True,time,-2.6681957263266756,,-2.6681957263266756,-2.6681957263266756,-1.4106450198695881,-2.9843666746746034,-2.9843666746746034,0.5830834577095553,-1.347752628525023,-1.3716010525618627,-1.7074628656811313,-4.053979122047808,0.7316190506935663,2.3570053426837783,,-1.0000000000000002,-1.0000000000000002,-1.0000000000000002,,-2.0000000000000004,-2.0000000000000004,-2.0000000000000004,,-3.0000000000000004,-3.0000000000000004,-3.0000000000000004,-2.0000000000000004,-3.0000000000000004,-3.740688789606506,-3.740688789606506,-1.6462179974504914,0.0,-0.18156017581789632,-0.40703395640190054,-0.6428431804319392,-1.6336396412886143,-2.2110192096863144,-0.6500000000000002,-1.0000000000000002,-1.0000000000000002,-1.0000000000000002,-1.4750000000000005,-2.0000000000000004,-2.0000000000000004,-2.0000000000000004,-2.3000000000000007,-3.0000000000000004,-3.0000000000000004,-3.0000000000000004,-2.0000000000000004,-3.0000000000000004,-0.7947298509861856,-1.334390755502886,0.14762576561868507,0.145,0.06627055440556959,0.08650520493854269,0.14633995567113844,0.12643253502608406,-0.4339578793024981,-3.740688789606506,-3.740688789606506,-1.6462179974504914,,0.04133466781001914,
SvlgCU0W,2018-05-09,ADABTC,240,-1,True,limit,4.918893915092214,,stated,False,False,tp_before_fill,,target_reached,,,,4.328626645281154,3.619621555797471,0.1961854502053883,0.12752054410917105,0.79455106890481,2.1089935921673386,3.5607659177845172,2.658312850774861,0.05885563801294712,,,,,,,,,,,,,,,4.121203305086934,3.035724607766806,3.019539307805134,0.625,0.2847141335161104,0.9801915546909564,1.6614455302586166,2.948667315160459,2.326268973178745,0.9999999999999997,1.9999999999999993,2.9999999999999987,3.9475351659879983,0.9999999999999997,1.9999999999999993,2.9999999999999987,3.9475351659879983,0.9999999999999997,1.9999999999999993,2.9999999999999987,3.9475351659879983,4.121203305086934,4.121203305086934,0.7856845169732881,0.8882786717271912,0.4684908549232169,0.245,0.03173299695685405,0.0618474633518681,0.21855059132220525,0.4321475001964265,0.6319623812650436,4.121203305086934,3.035724607766806,3.019539307805134,,,
5EZvrWFH,2018-05-10,GBPUSD,1D,-1,False,limit,5.61470161339026,,arrow,False,False,tp_before_fill,,target_reached,,,,3.5965462580002328,4.410091935646836,0.345315758989414,0.32775731897657256,0.8154914490175276,1.8475368287197995,1.2593295278684884,2.7049733802943576,0.3443402846729324,,,,,,,,,,,,,,,2.8122310399359716,2.8122310399359716,1.4939881353664715,0.0,0.15911837803638845,0.6462525855116534,1.108497718677134,1.4987484231678474,1.7351775375523646,0.9400000000000095,1.6549999999999978,2.540000000000006,2.5255242430156373,1.0000000000000102,1.999999999999999,2.8983176437284266,2.8122310399359716,1.0000000000000102,1.999999999999999,2.8983176437284266,2.8122310399359716,2.8122310399359716,2.8122310399359716,2.50987695893121,2.9843036309334154,0.7205149826922892,0.395,0.07271139985529133,0.10795506565580769,0.2097841970502911,0.7155937406518479,1.6830436316458117,2.8122310399359716,2.8122310399359716,1.4939881353664715,,,
3jD5ZGYx,2018-05-11,XVGBTC,240,1,True,market,4.323244871310378,,arrow,False,True,time,-4.329416765209986,closed_manually,-4.329416765209986,-4.329416765209986,-2.9884469730369547,-4.329416765209986,-4.329416765209986,-3.1033872409374994,-2.7202530107909624,-2.758566437235865,-3.026760395670472,-3.026760395670472,0.19156711316757594,4.329416765209986,-1.000000000000001,-1.000000000000001,-1.000000000000001,-1.000000000000001,-1.999999999999999,-1.999999999999999,-1.999999999999999,-1.999999999999999,-3.0,-3.0,-3.0,-3.0,-1.999999999999999,-3.0,-1.5143380319718038,-1.5143380319718038,0.036397751406554255,0.0,-0.36780885852044715,-0.2480794126954276,-0.1273921306375771,-0.008620520568964762,-0.6034364085741278,-0.20000000000000018,-1.000000000000001,-1.000000000000001,-1.000000000000001,0.17500000000000107,-1.4925151146724944,-1.4925151146724944,-1.4925151146724944,0.17979409447851089,-1.4158784359162535,-1.4158784359162535,-1.4158784359162535,-1.4925151146724944,-1.4158784359162535,0.37585184190619797,-0.0032566412668736076,-0.041953197974268476,0.435,-0.0053638794354891935,0.03907969100995789,0.07317863686793218,0.03773872077947521,0.047508643932160234,-1.5143380319718038,-1.5143380319718038,0.036397751406554255,,0.044310955976340945,
aKsSZQid,2018-05-14,ETHUSD,1D,1,True,limit,4.360206995149087,,stated,False,True,time,-1.536646002951252,target_reached,-1.536646002951252,-1.536646002951252,0.5913952877878201,-3.747997650657698,-3.747997650657698,0.6132059479205058,0.25790443791067064,-0.07479040349367934,-1.8853963546367112,-1.9279722516886464,0.9023829476719929,2.5620893708397756,,,,-0.9999999999999999,,,,-1.536646002951252,,,,-1.536646002951252,-1.536646002951252,-1.536646002951252,-3.47286127777802,-3.47286127777802,-2.187894334736476,0.0,-0.22086905881244398,-0.6161278609827745,-1.1626469563901336,-2.1882927773099348,-2.0211550655381374,-0.9199999999999998,-0.9999999999999999,-0.9999999999999999,-0.9999999999999999,-1.8649999999999998,-1.9999999999999998,-1.9999999999999998,-1.9999999999999998,-2.786761103313779,-2.960404387159008,-2.960404387159008,-2.960404387159008,-1.9999999999999998,-2.960404387159008,-1.5304395556155799,-1.3742519899071244,-0.5489285897764665,0.275,-0.031329078171688514,-0.14294574806115715,-0.35227881102630426,-0.5427202328427225,-1.1562907141976462,-3.47286127777802,-3.47286127777802,-2.187894334736476,,0.2168627466666668,
3f8FWYqE,2018-05-14,EOSBTC,1D,1,True,limit,5.65133666245816,,arrow,False,False,never_filled,,,,,,-0.7046975850966362,-0.7046975850966362,-0.1640479319919982,-0.36897159034427207,-0.5940606068152424,-1.103099700172628,1.5145820472458262,0.14279254815153009,1.4350106240648048,,,,,,,,,,,,,,,0.13714897402411086,0.13714897402411086,0.6102473972521484,0.0,0.01642114311956609,0.14026642976398565,0.22702107886249437,0.5959463417856599,1.314740602183702,0.11000000000000004,0.6650000000000001,0.25663347566014766,-0.24811523411526026,1.0000000000000002,2.0,0.6418976837995187,0.13714897402411086,1.0000000000000002,2.0,0.6418976837995187,0.13714897402411086,0.13714897402411086,0.13714897402411086,2.087883162282943,1.5927195464333843,0.5654015440137699,0.31,0.050220739316459644,0.18959553322307357,0.2829952134150098,0.566727007668847,1.0771757653227934,0.13714897402411086,0.13714897402411086,0.6102473972521484,,,
4tNT1T9p,2018-05-15,XRPUSD,1D,1,True,market,2.4375951821322706,2.2866568163932177,stated,True,True,sl,-2.2866568163932177,,-2.2866568163932177,-2.827957477406576,-1.8777487939444042,-2.2866568163932177,-2.827957477406576,-0.8948503174865511,-1.0587048089881679,-0.9097086842674478,-1.952774128881828,-1.1709812185676016,0.1441701141168812,2.5674356222921464,-1.0,-1.0,-1.0,-1.0,-2.0,-2.0,-2.0,-2.0,-3.0,-3.0,-3.0,-3.0,-2.2866568163932177,-2.2866568163932177,-2.19945229392405,-2.096980997538125,-0.8061205376058672,0.0,-0.1492644637718452,-0.3860692732581876,-0.6520339697260473,-0.8083640259159537,-0.6016057433381602,-0.86,-1.0,-1.0,-1.0,-1.325,-1.9765824638964822,-1.9765824638964822,-1.9765824638964822,-1.500909959062107,-2.151589495137923,-2.151589495137923,-2.151589495137923,-2.19945229392405,-2.19945229392405,-0.3102122883898728,-1.1389776160808986,-0.501791623235404,0.4,-0.011142463459501217,-0.14798136229211156,-0.154213124328998,-0.500305221422383,-0.8764901291737007,-2.19945229392405,-2.096980997538125,-0.8061205376058672,,,False
NMFvwiUR,2018-05-15,EURUSD,240,-1,False,market,2.705483400311067,,stated,False,True,tp,2.705483400311067,target_reached,2.705483400311067,4.0568580827279535,3.3325437687026302,2.705483400311067,4.0568580827279535,3.356919582206151,3.085301583873159,2.9529748935208606,3.952389862889386,5.286103692854888,5.693530690354375,0.045269666388780404,0.9999999999999745,2.000000000000026,3.000000000000001,5.000000000000027,0.9999999999999745,2.000000000000026,3.000000000000001,5.000000000000027,0.9999999999999745,2.000000000000026,3.000000000000001,5.000000000000027,2.705483400311067,2.705483400311067,2.705483400311067,3.0601421290177835,1.1590774792409548,1.0,0.24819962824557748,0.5431489041260444,0.6968916282926725,1.1170289485052778,2.012062424969438,0.49999999999998723,1.175000000000026,1.9000000000000075,2.2088280834139304,0.9999999999999745,2.000000000000026,3.000000000000001,3.316528693463289,0.9999999999999745,2.000000000000026,3.000000000000001,3.316528693463289,2.705483400311067,2.705483400311067,1.4361185894532178,1.7085641401433886,0.6395906911504935,0.665,0.05714423498651594,0.159836734994847,0.3621921158972478,0.609834592142361,1.1342488141263118,2.705483400311067,3.0601421290177835,1.1590774792409548,4.6073083535986665,,
5nXsAMMl,2018-05-16,NZDUSD,1D,-1,False,limit,1.8229173778069374,,stated,False,True,time,1.4945702731525954,,1.4945702731525954,1.4945702731525954,-0.18030074742066068,0.9531638119439446,0.9531638119439446,-0.8365242612332142,-0.4811381330098159,-0.45562323243117087,-0.5777302592331487,-2.4075131813850827,0.14215445128937548,1.8698777528975539,-0.9999999999999974,-0.9999999999999974,-0.9999999999999974,-0.9999999999999974,-1.999999999999995,-1.999999999999995,-1.999999999999995,-1.999999999999995,0.9999999999999974,1.4945702731525954,1.4945702731525954,1.4945702731525954,-1.999999999999995,1.4945702731525954,1.7917476294753993,2.379592587407026,-1.8399068639529725,0.945,-0.1338894445234246,-0.48939403047533175,-0.8366244989936849,-1.8305119130092522,-0.11919103839878882,-0.5899999999999985,-0.9999999999999978,-0.9999999999999978,-0.9999999999999978,-1.3849999999999967,-1.7799999999999958,-1.7249999999999956,-1.6891612775620404,0.21999999999999942,1.0232340418789243,1.7502573846227614,1.4120513184208305,-1.789739544220614,0.8819542938636701,1.5274691754659855,2.728791347135939,0.9862238323540444,0.905,0.1905780869898549,0.49261984246292284,0.584099875806549,0.9773391782370004,1.6914010257197178,1.7917476294753993,2.379592587407026,-1.8399068639529725,,0.8938610000000049,
obpZ33EH,2018-05-21,ADAUSD,240,1,True,market,5.41848147290139,,label,False,True,time,-6.076738063883467,,-6.076738063883467,-6.076738063883467,-4.314389296549647,-6.076738063883467,-6.076738063883467,-0.7306819396296239,-0.8223959202288963,-1.5486469094350432,-4.552057099692415,-5.907248511114667,0.07212889816995041,4.838343917270268,-0.9999999999999983,-0.9999999999999983,-0.9999999999999983,-0.9999999999999983,-2.0,-2.0,-2.0,-2.0,-3.0000000000000018,-3.0000000000000018,-3.0000000000000018,-3.0000000000000018,-2.0,-3.0000000000000018,-4.936822343667918,-4.936822343667918,-3.5816190830561054,0.0,-0.5692836773119585,-1.4475878662553998,-2.3389342588006636,-3.70064187826316,-4.128001575993259,-1.0000000000000007,-1.0000000000000007,-1.0000000000000007,-1.0000000000000007,-2.0,-2.0,-2.0,-2.0,-2.999999999999999,-2.999999999999999,-2.999999999999999,-2.999999999999999,-2.0,-2.999999999999999,-0.8154329583798527,-0.7535023995366364,-0.19239602517748072,0.275,-0.10164010309562595,-0.1213702078612184,0.015810451270855716,-0.20190871527659174,-0.526001125149402,-4.936822343667918,-4.936822343667918,-3.5816190830561054,,0.013311644328891307,
xMTY3doZ,2018-05-28,EURAUD,1D,-1,False,limit,4.197130947260423,,stated,False,True,time,-1.1726792702710749,target_reached,-1.1726792702710749,-1.1726792702710749,,-3.178466059803944,-3.178466059803944,1.1806046684584617,0.029818848167261658,1.402589267496865,-0.49587600010806,-2.2607088154831425,2.045350602603986,1.0867305331838784,,,,-1.0000000000000027,,,,-2.0000000000000053,,,,-1.1726792702710749,-2.0000000000000053,-1.1726792702710749,-4.076785771078923,-4.076785771078923,-2.1304612748079865,0.0,-0.0844204131529413,-0.29684089779423034,-0.5852607350128417,-2.1137903441352597,-4.074853069041027,-0.5000000000000013,-0.8050000000000023,-1.0000000000000029,-1.0000000000000029,-0.4700000000000013,-1.740000000000005,-2.0000000000000058,-2.0000000000000058,-0.9600000000000023,-2.675000000000007,-3.000000000000008,-3.000000000000008,-2.0000000000000058,-3.000000000000008,1.587552450624589,1.4984291621858141,0.7394130200872621,0.5,-0.04005662251478987,0.14248981340347622,0.21901928239607668,0.736674108285581,1.4634251701625036,-4.076785771078923,-4.076785771078923,-2.1304612748079865,,0.5649915526315775,
e0AKPYMz,2018-05-28,ETHUSD,1D,-1,True,market,1.2992292458781196,,stated,False,True,tp,1.2992292458781196,,1.3320841579683222,1.7810054210595507,-1.3663605433059245,1.2992292458781196,1.7810054210595507,0.17125052164184237,-0.7081391234771605,-1.1410021430737183,-1.3964204752477039,0.5478194876711885,0.48970361827693754,1.7456622294252855,-1.0,-1.0,-1.0,-1.0,1.0,2.0,1.7810054210595507,1.7810054210595507,1.0,2.0,1.7810054210595507,1.7810054210595507,1.2992292458781196,1.2992292458781196,1.2992292458781196,2.2796796527406222,0.8786399686983429,1.0,-0.1635633769183702,-0.26376679367346767,-0.10674555100884085,0.865421796802405,1.7323711847593708,0.3,0.95,1.6,1.188461851009681,0.94,1.8959467481985122,2.6790158210260997,2.2100332725954974,1.0,1.9655931283436374,2.7486622011712245,2.2796796527406222,1.2332446609605572,1.2992292458781196,-0.19815227241191358,0.9582277376344933,0.6218315938190908,0.74,0.13512030493510127,0.15097919633155243,0.3251619272852506,0.610192934680937,0.8502360657571808,1.2992292458781196,2.2796796527406222,0.8786399686983429,0.7678009825850881,,
bGcF8BOj,2018-06-06,GBPUSD,1D,1,False,market,2.07077896379787,,stated,False,True,time,-3.2689280680474133,,-3.2689280680474133,-3.2689280680474133,-2.694435551699512,-3.2689280680474133,-3.2689280680474133,0.21953042082901408,0.1299707597009431,-0.4849328552198545,-2.6693151243138753,-2.1854744520918117,0.6793428486632315,2.834236067598809,-0.9999999999999901,-0.9999999999999901,-0.9999999999999901,-0.9999999999999901,-2.0000000000000044,-2.0000000000000044,-2.0000000000000044,-2.0000000000000044,-2.9999999999999947,-2.9999999999999947,-2.9999999999999947,-2.9999999999999947,-2.0000000000000044,-2.9999999999999947,-2.3725404448689322,-2.5287501567689294,-1.6675792846404252,0.06,-0.2741235926270354,-0.6464788596599823,-0.9331244259226196,-1.666110288132668,-1.2457313715363239,-0.7599999999999923,-0.9999999999999899,-0.9999999999999899,-0.9999999999999899,-1.6100000000000045,-1.7000000000000035,-2.000000000000004,-2.000000000000004,-1.8199999999999992,-2.5882842702926143,-2.774785298578203,-2.774785298578203,-1.7557532621721317,-2.6185755866782063,-2.0561541419751834,-4.080699153687599,-1.0152135105663374,0.39,-0.09185873528124353,-0.314900550114436,-0.4891487252786115,-0.9908030392634936,-2.49694008285558,-2.3725404448689322,-2.5287501567689294,-1.6675792846404252,,0.3280614978902898,
zwdKLt7J,2018-06-07,LTCUSD,1D,1,True,limit,8.730112508234377,,stated,False,True,time,-3.765912648528818,,-3.765912648528818,-3.765912648528818,-2.1067009149756406,-5.095575938244516,-5.095575938244516,-0.381967162031009,-1.380442714390728,-2.058601950467783,-3.3251246450577177,-5.557957237034972,0.06299107918966385,4.751135375695947,,-1.0000000000000007,-1.0000000000000007,-1.0000000000000007,,-1.9999999999999993,-1.9999999999999993,-1.9999999999999993,,-3.0,-3.0,-3.0,-1.9999999999999993,-3.0,-3.615908873105169,-3.615908873105169,-2.322179401136459,0.0,-0.3545258351101815,-0.9530415703622757,-1.2352817956554443,-2.312288462047771,-3.325151450196626,-0.3400000000000002,-0.010000000000000729,0.01999999999999945,-1.0000000000000004,-0.7249999999999994,-0.29999999999999993,-0.6749999999999996,-1.9999999999999998,-0.3599999999999996,-0.4750000000000003,-1.41,-2.953805189114949,-1.9999999999999998,-2.953805189114949,-1.9760848462595482,-2.2574393174536103,-0.8155400933594906,0.08,-0.06931698781532904,-0.22419461928091855,-0.3792263781294978,-0.792226694812733,-1.8153424855360851,-3.615908873105169,-3.615908873105169,-2.322179401136459,,0.11914764923076925,
rQhJUblU,2018-06-11,IOTUSD,1D,1,True,limit,8.920591087243073,,arrow,False,True,time,0.3303273428459837,,0.3303273428459837,0.3303273428459837,,-2.105024599531831,-2.105024599531831,0.3896162350819756,-0.34533396452408877,-0.813492180065992,-0.9844516153136379,-1.77316126888857,0.7957055984820551,1.5038509949893721,,,,0.3303273428459837,,,,0.3303273428459837,,,,0.3303273428459837,0.3303273428459837,0.3303273428459837,-1.2093281604759536,-1.2093281604759536,-1.3423611924714414,0.0,-0.14095457403300607,-0.4573052421921957,-0.7633883683213557,-1.3377108426370932,-0.8180271196138957,-0.9999999999999999,-0.9999999999999999,-0.9999999999999999,-0.9999999999999999,-1.2254405548584797,-1.2254405548584797,-1.2254405548584797,-1.2254405548584797,-1.2341340531258695,-1.2341340531258695,-1.2341340531258695,-1.2341340531258695,-1.2254405548584797,-1.2341340531258695,0.22868228367142876,0.055243397612670726,0.0792676205186123,0.11,-0.006776094688554695,0.04846795952048605,-0.025378114944412077,0.07364264347691216,0.00762170605141911,-1.2093281604759536,-1.2093281604759536,-1.3423611924714414,,0.21491976873689186,
qUy7k9E8,2018-06-14,ETHUSD,1D,1,True,market,3.2006287028373777,,stated,False,True,time,-1.234053272900001,,-1.234053272900001,-1.234053272900001,-1.0250046965795643,-1.234053272900001,-1.234053272900001,0.24476302680246914,0.3616683244631255,0.8407181368707606,-1.0816716222884803,-0.4085733015682422,1.4397685005087804,1.326910841764044,1.0000000000000002,-1.0000000000000002,-1.0000000000000002,-1.0000000000000002,1.0000000000000002,-1.234053272900001,-1.234053272900001,-1.234053272900001,1.0000000000000002,-1.234053272900001,-1.234053272900001,-1.234053272900001,-1.234053272900001,-1.234053272900001,-0.8208442368657595,-0.8208442368657595,-1.274746316477092,0.0,-0.11385528358949092,-0.35588496388693047,-0.726219993853527,-1.2799701498739526,-1.114831298159506,-0.2000000000000003,-0.9460868181096822,-0.9610868181096822,-0.9610868181096822,-0.31847625223043663,-1.533908488712085,-1.546225165995009,-1.546225165995009,-0.3133004968723462,-1.0046357827436447,-1.0169524600265687,-1.0169524600265687,-1.546225165995009,-1.0169524600265687,-0.09268093664037037,0.05305143350146633,0.0468692623320851,0.435,0.01438816107994859,-0.05532168213614514,0.07133842196693502,0.053480006847519725,-0.026356073155741833,-0.8208442368657595,-0.8208442368657595,-1.274746316477092,,0.4498392766497458,
2en0ANpB,2018-06-20,GBPUSD,1D,-1,False,market,1.3340479768628224,,stated,False,True,tp,1.3340479768628224,target_reached,1.3340479768628224,0.6168858366856004,-0.42909052745034826,1.3340479768628224,0.6168858366856004,-0.024020287091092732,-1.1169454239512475,-0.7500894354830776,-0.46839647163017517,0.5502839827022428,1.21302679065407,1.6857905772854487,-0.9999999999999987,-0.9999999999999987,-0.9999999999999987,-0.9999999999999987,0.9999999999999987,-1.9999999999999973,-1.9999999999999973,-1.9999999999999973,0.9999999999999987,1.9999999999999973,0.6168858366856004,0.6168858366856004,-1.9999999999999973,1.3340479768628224,1.3340479768628222,3.174172329351569,-0.40914269964430916,1.0,-0.036674683015621955,-0.05462442081384804,-0.14179639286258966,-0.41625053510318777,0.8682258417400098,-0.0841404354693186,-0.0974685597065215,-0.5524685597065208,-0.5037916840419786,-0.06828835829871593,0.22171164170128368,0.7064750167955413,1.0075437694203533,0.7799999999999987,1.7082918774647504,2.352511955859151,2.8775228986707297,-0.08454053171827784,1.0956753381353672,1.3340479768628222,4.603589575683435,1.6989308346839964,1.0,0.18325329835896248,0.5863254012217888,0.8862683913957042,1.6875430125110409,3.3449186713797547,1.3340479768628222,3.174172329351569,-0.40914269964430916,0.8834655216621727,,
hxmaxIK5,2018-06-21,ETHUSD,240,1,True,limit,4.880968138064562,,arrow,False,True,time,-5.8761518635901675,,-5.8761518635901675,-5.8761518635901675,-3.0239036653358276,-8.353012571406632,-8.353012571406632,-0.09541879303325985,-0.7452981234779759,-1.740748218808808,-5.421678528297962,-6.9191518141967165,0.3790962760927477,7.305984752663375,,,-1.000000000000001,-1.000000000000001,,,-2.000000000000002,-2.000000000000002,,,-2.9999999999999987,-2.9999999999999987,-2.000000000000002,-2.9999999999999987,-6.285605427639766,-6.285605427639766,-4.021192863427865,0.0,-0.6082088320869067,-1.5740232244666748,-2.5236336158296724,-3.888681090194274,-4.7081866695935215,-0.8499999999999985,-0.9999999999999986,-0.9999999999999986,-0.9999999999999986,-1.775000000000001,-2.000000000000001,-2.000000000000001,-2.000000000000001,-2.6999999999999984,-2.9999999999999987,-2.9999999999999987,-2.9999999999999987,-2.000000000000001,-2.9999999999999987,-0.6577505076392378,-0.32670190664455306,-0.22339172313929864,0.325,-0.03322035287015321,0.08040107750081173,-0.19153388168939325,-0.26364813747709354,-0.32187938890043705,-6.285605427639766,-6.285605427639766,-4.021192863427865,,0.10061903257280429,
AoogGuZ0,2018-06-22,BTCUSD,1D,1,True,limit,4.0287703876495184,,arrow,False,True,tp,4.0287703876495184,,4.0287703876495184,4.190511318906355,0.7177182585132685,2.7543110798654875,2.9160520111223245,-1.2070878724839353,-1.1206342807394012,-1.3643418067316897,-0.5725511388759631,-1.0428072258200163,0.03955659459517888,2.3157077378136837,,-1.0000000000000007,-1.0000000000000007,-1.0000000000000007,,2.0000000000000013,2.999999999999999,4.190511318906355,,2.0000000000000013,2.999999999999999,4.190511318906355,4.0287703876495184,4.0287703876495184,4.028770387649518,5.794306613063213,1.2288675254090289,1.0,0.11198280908112164,0.41904111897859425,0.6652206987592869,1.2344074878342974,2.1107493611161714,-0.050000000000000024,0.33499999999999974,0.7799999999999991,1.67,1.0000000000000004,2.0,2.9999999999999996,4.936998963259824,1.0000000000000004,2.0,2.9999999999999996,4.936998963259824,4.028770387649518,4.028770387649518,-1.9571656177471968,-1.8949707976529482,-0.3962761570176259,0.245,-0.012447623199775482,-0.1445243045235609,-0.1530727328023353,-0.38722519385985565,-0.9518258019378658,4.028770387649518,5.794306613063213,1.2288675254090289,0.9596485991498811,,
OXtGXkdG,2018-07-11,NZDUSD,240,-1,False,market,1.589374084406861,,stated,False,True,tp,1.589374084406861,,2.1824887583553996,2.1824887583553996,1.7748844858594603,1.589374084406861,2.1824887583553996,-0.5004761477289187,1.3930779220816518,3.0441332925668845,1.7955226631546455,1.2434510463862343,3.281472460469219,0.5572311997944731,0.9999999999999866,1.9999999999999731,3.000000000000017,-0.9999999999999866,0.9999999999999866,1.9999999999999731,3.000000000000017,2.1824887583553996,0.9999999999999866,1.9999999999999731,3.000000000000017,2.1824887583553996,1.589374084406861,1.589374084406861,0.8551237477477496,0.6660976301792776,0.41018405755865245,0.8,0.08319770866206196,0.3870950821963043,0.5749026207199152,0.4435921254388283,-0.8234638468718799,0.19999999999999732,0.7999999999999892,0.10000000000001438,-0.9999999999999865,0.9999999999999865,0.6999999999999906,-0.6249999999999758,-1.4570666655717488,0.9999999999999865,0.37499999999997635,-1.3500000000000076,-1.763526051845146,0.871499267525494,0.6714992675254854,0.8214928328499486,1.564736097321404,0.6091104293874475,0.84,0.02711342535323098,0.1772562691558752,0.3352932215792706,0.5744898646564524,1.2292622900782042,0.8551237477477496,0.6660976301792776,0.41018405755865245,2.868475307536918,,
xdiMLVml,2018-07-18,BTCUSD,1D,1,True,market,1.1581836698787285,,stated,False,True,tp,1.1581836698787285,target_reached,-2.7365561340334086,-2.7365561340334086,2.625675583169223,1.1581836698787285,-2.7365561340334086,-0.1207845697173458,-0.15586129495844625,1.1063295086881886,2.685194918024509,-1.0170346361158777,3.60252276585806,0.47640862251104843,0.9999999999999997,1.9999999999999993,3.0000000000000018,-0.9999999999999997,0.9999999999999997,1.9999999999999993,3.0000000000000018,-1.9999999999999993,0.9999999999999997,1.9999999999999993,3.0000000000000018,-2.999999999999999,1.1581836698787285,1.1581836698787285,-0.805171765701687,-3.876952130928657,-0.4983847471581469,0.685,0.2541259708124948,0.7703982618935202,0.9354798171777946,-0.4826411690972495,-4.367767923417959,0.39,0.8149987887575437,0.9399987887575442,-1.000001211242456,0.08497753729548295,0.41997753729548293,0.42497753729548343,-2.000022462704517,-0.21999999999999978,0.025000000000000088,-0.08999999999999929,-2.9999999999999996,0.16333335116241202,-0.15164418613307074,-0.7439893348320621,-1.858063937379423,-0.32626419744492824,0.65,0.01736837655861529,-0.04113611318298372,-0.1198557495842101,-0.3099200294707353,-1.081701044690012,-0.805171765701687,-3.876952130928657,-0.4983847471581469,2.4443390959793314,,
DOTrg7xF,2018-07-25,BTCUSD.P,1D,1,True,market,4.3155856476028225,,stated,False,True,time,-5.2824141381635625,,-5.2824141381635625,-5.2824141381635625,-2.5354979398254884,-5.2824141381635625,-5.2824141381635625,-0.42085609276689645,-0.5011353300432121,-0.39453644128774357,-2.4960615168021216,-6.867677976444258,0.30478557026358233,3.0070416026345668,-1.0000000000000002,-1.0000000000000002,-1.0000000000000002,-1.0000000000000002,-2.0000000000000004,-2.0000000000000004,-2.0000000000000004,-2.0000000000000004,-3.000000000000001,-3.000000000000001,-3.000000000000001,-3.000000000000001,-2.0000000000000004,-3.000000000000001,-2.954677695366563,-2.954677695366563,-3.8513736951060626,0.0,-0.3322024960775514,-0.9608939900623783,-1.832486008630644,-3.8329819423312483,-4.408111225235261,-0.8900000000000002,-1.0000000000000002,-1.0000000000000002,-1.0000000000000002,-1.8350000000000006,-2.0000000000000004,-2.0000000000000004,-2.0000000000000004,-2.78,-3.0,-3.0,-3.0,-2.0000000000000004,-3.0,-1.402700319873697,-2.015741957156281,-0.406196304622533,0.275,-0.02425383065836846,-0.06370661376050929,-0.05345500931304859,-0.3955256522983735,-1.1428530428728576,-2.954677695366563,-2.954677695366563,-3.8513736951060626,,0.07062438221632364,
pohTOCdv,2018-07-26,USDCAD,1D,-1,False,market,0.7368329103495173,,stated,False,True,tp,0.7368329103495173,target_reached,0.7368329103495173,-1.6080472790147289,0.22519447333697065,0.7368329103495173,-1.6080472790147289,-0.2715914042550141,-0.298750544680513,0.2998821660994993,0.2817761102107544,-0.023764276168514873,0.8521179459614933,0.9324637458190036,-1.0000000000000115,-1.0000000000000115,-1.0000000000000115,-1.0000000000000115,1.0000000000000115,-1.6080472790147289,-1.6080472790147289,-1.6080472790147289,1.0000000000000115,-1.6080472790147289,-1.6080472790147289,-1.6080472790147289,0.7368329103495173,0.7368329103495173,0.7368329103495173,-0.39047484657548365,-0.658456327004811,1.0,0.025105227742683485,-0.15091993218163957,-0.32093613539940363,-0.6585298829629699,-0.11808566789557463,-0.5414405512037362,-0.9758113209262206,-1.005811320926221,-1.005811320926221,0.5778322930534641,-1.1277730602911398,-1.4644245358538683,-1.4644245358538683,0.9549266793275538,-0.053823371012755104,-0.39047484657548365,-0.39047484657548365,0.351508595954039,0.7368329103495173,-0.016368461839237715,-0.25647279778660226,-0.12937368719121545,0.805,-0.07179065590945034,-0.09464959589401105,-0.14653486918905848,-0.14143121640878423,-0.42174180727330407,0.7368329103495173,-0.39047484657548365,-0.658456327004811,0.9640081173164601,,
sEk8ORMM,2018-08-13,EURUSD,1W,-1,False,market,0.920736505458831,1.8277306750152746,stated,True,True,sl,-1.8277306750152746,stop_reached,-1.8277306750152746,0.0907050238287024,-0.8042510243853107,-1.8277306750152746,0.0907050238287024,-0.3265380198200815,-1.3160471108234817,-1.4831642496329034,-0.7932564960312865,-0.39470418356595277,0.36172054353456823,2.465526886212324,-1.000000000000002,-1.000000000000002,-1.000000000000002,-1.000000000000002,-2.000000000000004,-2.000000000000004,-2.000000000000004,-2.000000000000004,1.000000000000002,0.0907050238287024,0.0907050238287024,0.0907050238287024,-1.8277306750152746,-1.8277306750152746,-0.02748467180473545,1.5303500647394825,0.8192805658634293,0.655,-0.33956654636377437,-0.5768783177424673,-0.5210260249285565,0.8137970368763071,0.7169790661117398,-0.3400000000000007,-0.009999999999999964,0.1492702620065001,0.14764512702230104,-0.005000000000000036,0.6267396416669146,0.7718858899863763,0.7702607550021773,0.8955504180785762,1.3868289514042198,1.5319751997236812,1.5303500647394825,-0.02748467180473545,-0.02748467180473545,0.893719385300642,1.7105644115389693,0.4534865303894096,0.99,0.26588109854638275,0.24993076147076862,0.3493077121178335,0.4528708366366766,1.4328944111105038,-0.02748467180473545,1.5303500647394825,0.8192805658634293,,,True
hTLBwtxP,2018-08-17,BTCUSD,1D,1,True,market,1.1846592190643885,2.162293233976949,stated,True,True,tp,1.1846592190643885,,0.19198548976153523,0.19198548976153523,0.6807975199756181,1.1846592190643885,0.19198548976153523,0.23907829030665187,0.2351695086978838,0.8365062909173222,0.677986409211998,0.08743893579737334,1.3216504904085489,0.5066692766582301,0.9999999999999993,1.9999999999999987,0.19198548976153523,0.19198548976153523,0.9999999999999993,1.9999999999999987,0.19198548976153523,0.19198548976153523,0.9999999999999993,1.9999999999999987,0.19198548976153523,0.19198548976153523,1.1846592190643885,1.1846592190643885,1.1846592190643883,-0.023651482514359654,1.4907475135134698,1.0,0.076154868847593,0.37708067815969587,0.6698763532284034,1.4869288200964212,-0.3359119588536636,0.8999999999999995,1.355,-0.47794438358185964,-0.47794438358185964,0.9999999999999994,1.533929656955949,-0.023651482514359654,-0.023651482514359654,0.9999999999999994,1.533929656955949,-0.023651482514359654,-0.023651482514359654,1.1846592190643883,1.1846592190643883,-0.28534604207791664,-0.5811135181205676,-0.3093382595887261,0.52,-0.050147006025659725,-0.10725967729640756,-0.08462983266539605,-0.30153461563116685,-0.41362070259273837,1.1846592190643883,-0.023651482514359654,1.4907475135134698,1.4891088513011737,,
B2GpMR5R,2018-09-19,NZDUSD,1D,1,False,market,2.1998963606622106,,stated,False,True,time,-1.0660974890984827,,-1.0660974890984827,-1.0660974890984827,-0.5390156996390655,-1.0660974890984827,-1.0660974890984827,0.9069784677090988,1.2112935953696995,1.1556019348971425,-0.5032139292830324,-0.3679627481614894,1.8597036309239487,0.7458704413812408,0.9999999999999926,-0.9999999999999926,-0.9999999999999926,-0.9999999999999926,0.9999999999999926,-2.000000000000007,-2.000000000000007,-2.000000000000007,0.9999999999999926,-3.0,-3.0,-3.0,-2.000000000000007,-3.0,0.9630071243325964,1.2184141770069465,-2.769715306278584,0.51,-0.21522837538759135,-1.0531093967453264,-1.8098794944065104,-2.775145243174659,-1.8109634926414275,-0.6499999999999951,-0.9999999999999928,-0.9999999999999928,-0.9999999999999928,-1.4750000000000072,-2.000000000000007,-2.000000000000007,-2.000000000000007,-2.280000000000001,-2.975,-2.97,-2.965418414607798,-2.000000000000007,-2.974000518196689,-1.6439460911717179,-2.148335611922116,-0.4137890326326418,0.29,-0.1265692418559101,-0.2769466681656699,-0.2740526902685954,-0.4209294984462352,-1.4929243350269423,0.9630071243325964,1.2184141770069465,-2.769715306278584,,0.8453596561085918,
38nmRtAQ,2018-10-01,EURAUD,1D,-1,False,market,0.9410167217413539,1.7446511998036904,stated,True,True,tp,0.9410167217413539,,-1.7446511998036904,4.7188026202195745,-1.4570192642537967,0.9410167217413539,4.7188026202195745,0.22082305374368616,-1.536474336533046,-1.8594537937272477,-1.3373208010041937,0.4096577366433489,1.0483934438618545,2.7860850451316144,1.0000000000000007,-1.0000000000000007,-1.0000000000000007,-1.0000000000000007,1.0000000000000007,-2.0000000000000013,-2.0000000000000013,-2.0000000000000013,1.0000000000000007,2.0000000000000013,3.000000000000002,4.7188026202195745,0.9410167217413539,0.9410167217413539,0.04131796802376406,5.637261335590057,0.4761883729233827,0.665,-0.2423223285019065,-0.39226013943823573,-0.08772040691986166,0.46595724970276203,3.7685463693039862,-0.18000000000000013,0.1400000000000001,0.5200000000000005,1.2800000000000011,0.22000000000000014,0.9400000000000006,1.6750000000000014,3.1450000000000022,0.48000000000000026,1.3500000000000008,2.2200000000000015,3.953199704547501,0.04131796802376406,0.04131796802376406,-0.05268040923031248,-1.4514987276787628,-0.7122265318464465,0.63,-0.07576087665856483,-0.20652113815104267,-0.38962368070013204,-0.7109779514013806,-1.0962212834471665,0.04131796802376406,5.637261335590057,0.4761883729233827,3.7912003965666554,,
8zHrSYWm,2018-11-15,AUDUSD,1D,1,False,market,3.2003508055630276,,stated,False,True,time,-4.087990740943194,,-4.087990740943194,-4.087990740943194,0.567684540409972,-4.087990740943194,-4.087990740943194,-0.27970462763721193,0.013240452902161056,-0.7249149579852567,0.6537475091343327,-0.7282250753541918,0.8440790506782672,1.4531400333394668,-1.0000000000000082,-1.0000000000000082,-1.0000000000000082,-1.0000000000000082,1.5061018449481112,-1.999999999999998,-1.999999999999998,-1.999999999999998,1.5061018449481112,-3.000000000000006,-3.000000000000006,-3.000000000000006,-1.999999999999998,-3.000000000000006,-2.2563915733582545,-2.2563915733582545,0.2265764689779539,0.0,-0.021058312964515928,0.05185567981040853,0.565430671645057,0.2269091438405567,-1.9946680151446128,0.5075376884422153,1.0857743998926752,-1.006443742854782,-1.006443742854782,1.0138249163210806,1.2690073740629553,-2.0026966740709264,-2.0026966740709264,1.0238751675773623,1.0505985204956916,-3.000000000000006,-3.000000000000006,-2.0026966740709264,-3.000000000000006,0.16783113859680598,-0.2835278111266272,-0.16000263345512258,0.38,-0.0551713239435421,-0.03169434148905298,-0.010459960444473495,-0.16447956284603912,0.010004819264811688,-2.2563915733582545,-2.2563915733582545,0.2265764689779539,,0.5507632729155894,
t613ZSro,2018-11-15,BTCUSD,1D,-1,True,market,3.582274506859155,2.046860830168851,stated,True,True,tp,3.582274506859155,target_reached,3.582274506859155,12.473470081076744,9.039394361704733,3.582274506859155,12.473470081076744,-0.7833197866716077,-0.6306359775630668,6.019889470321597,9.049930049761521,8.549512902838575,10.749965875477198,1.423153578376454,1.000000000000001,-1.000000000000001,-1.000000000000001,-1.000000000000001,1.000000000000001,2.000000000000002,2.9999999999999982,5.000000000000001,1.000000000000001,2.000000000000002,2.9999999999999982,5.000000000000001,3.582274506859155,3.582274506859155,3.1037980032117747,6.0314405381113305,4.596452430777226,0.915,0.8752754062941801,2.7687745540642172,3.80044968881415,4.59006440546292,7.694795182562118,0.6900000000000008,1.4000000000000012,2.1999999999999993,3.44,0.8650000000000011,1.6600000000000017,2.574999999999999,4.405,0.9200000000000014,1.700000000000002,2.64,4.520000000000001,3.1037980032117747,3.1037980032117747,1.3099004690659866,4.942420062511797,0.9482405959323869,0.43,0.08480807955057694,0.25999560957108625,0.30092284169669964,0.9423623529949922,3.0803621288771286,3.1037980032117747,6.0314405381113305,4.596452430777226,9.089366785493786,,
9qoHhxed,2018-11-20,NZDUSD,1D,1,False,limit,1.3666389509589663,2.0499584264384776,stated,True,True,tp,1.3666389509589663,,-0.430182221236316,-0.430182221236316,2.6849352527330916,0.6218207226863337,-1.1750004495089486,-0.8368462431763364,-0.6609377560518462,-1.4021444359007331,1.7898262698866374,0.04098838916404641,1.8256911125405348,1.5678058300049635,,1.9999999999999944,-1.0000000000000067,-1.0000000000000067,,1.9999999999999944,-0.430182221236316,-0.430182221236316,,1.9999999999999944,-0.430182221236316,-0.430182221236316,1.3666389509589663,1.3666389509589663,1.4376988359968976,-0.17941103701958466,1.402974234460681,1.0,0.09902632473741646,0.5375094435950415,1.0680234592658986,1.387584290479504,-0.7566448669571525,0.505319396464132,1.1473306886889323,0.4222106458602259,-1.0015181676990987,1.0294853400377324,1.6516737151450878,0.31296457444309367,-0.6304581382513295,1.0294853400377324,1.6527933575092661,0.723176072741477,-0.22024663995294613,1.4376988359968976,1.4376988359968976,0.4667632973273509,1.7128961858105805,0.5908988451068686,0.735,-0.0070790364461598455,0.1406243262004907,0.16913687363331686,0.5710194769602116,1.2759172763332853,1.4376988359968976,-0.17941103701958466,1.402974234460681,1.4959126434296677,,
p8GsoMGE,2018-11-29,ETHUSD,60,1,True,market,4.210076070888597,1.7939217830147645,stated,True,True,time,-1.0015045034721681,,-1.0015045034721681,-1.0015045034721681,0.4271122173916441,-1.0015045034721681,-1.0015045034721681,0.44552222142926984,1.1156465430605838,1.3034286351873712,0.30560614707788,0.34610817051580306,2.5626732679620217,0.38661019395373136,1.0000000000000016,1.9999999999999978,-1.0000000000000016,-1.0000000000000016,1.0000000000000016,1.9999999999999978,-1.0015045034721681,-1.0015045034721681,1.0000000000000016,1.9999999999999978,-1.0015045034721681,-1.0015045034721681,-1.0015045034721681,-1.0015045034721681,,,,,,,,,,,,,,,,,,,,,,,,-0.33679241293052237,-1.12118796999547,-0.3771474479484978,0.115,-0.06609193214318941,-0.09678141975388163,-0.23224226643280005,-0.4362803972555014,-0.6535553256389021,,,,,0.6086999913569573,
Yb1fgucj,2019-04-12,EURUSD,1D,-1,False,limit,1.8603143964857918,1.302220077540075,stated,True,False,tp_before_fill,,,,,,0.2864884170588297,2.0721230965378177,-0.022340887650269814,0.08191689810342816,1.1431118519631527,3.2282671949741606,1.435406124221991,3.513114442672397,0.32022019579020006,,,,,,,,,,,,,,,1.148744139829972,0.692066782843589,0.8680669170734717,0.775,0.29692983901794157,0.6258630935407811,0.8710270911982354,0.8712784308350854,1.043629555585792,0.6099999999999923,1.2050000000000152,1.1395019114099627,0.9037570972079348,0.41499999999998666,1.0013618903518184,0.9419800279029164,0.706235213700888,0.3318487622939225,0.9319110680965895,0.8725292056476873,0.6367843914456592,1.148744139829972,1.148744139829972,0.2948598318429878,1.3557046884856971,0.4317388537443911,0.505,0.09854220230979058,0.22489888601706448,0.2542586208251611,0.4358253803347486,1.1905771412826152,1.148744139829972,0.692066782843589,0.8680669170734717,,,
0PHJKuYP,2019-04-17,BTCUSD,1D,1,True,market,1.5385647889187364,,stated,False,True,tp,1.5385647889187364,target_reached,4.041517105363725,10.442037184080467,-0.27149566827258476,1.5385647889187364,10.442037184080467,0.22551333556452782,0.6013688998446365,0.43913124507391155,-0.17888125645873032,3.3514120732664248,2.13028134349747,1.046397876491304,0.9999999999999987,2.0000000000000018,-0.9999999999999987,-0.9999999999999987,0.9999999999999987,2.0000000000000018,3.000000000000001,4.999999999999998,0.9999999999999987,2.0000000000000018,3.000000000000001,4.999999999999998,1.5385647889187364,1.5385647889187364,1.5385647889187362,12.809454901206804,0.5666882249470965,1.0,-0.02162219085137977,-0.09120545039647228,-0.14578922416858234,0.5448368722416018,8.443178585681297,0.4699999999999993,-0.4299999999999985,-0.3799999999999987,-0.06999999999999902,0.2199999999999985,0.9200000000000008,1.6500769416142833,3.109999999999999,0.9399999999999984,1.9250000000000012,2.910076941614284,4.879999999999999,0.5831522959106771,1.4704863170849551,1.3931848710406904,4.242180504842798,0.9526656461228689,0.87,0.12035074993258825,0.2799176792177737,0.4660791385206322,0.956648615719477,2.002342261647147,1.5385647889187362,12.809454901206804,0.5666882249470965,14.406157747619845,,
ZxXcJoGw,2019-04-18,ETHUSD,1D,1,True,market,1.6155018302679618,1.871192767432677,stated,True,True,sl,-1.871192767432677,target_reached,-1.871192767432677,6.94591004812122,-1.2019509325469886,-1.871192767432677,6.94591004812122,0.1921413531556769,-0.3821478137749245,0.2956842011568581,-1.2222325173004942,-0.03309101393228047,0.6426060978973323,2.1989510827595256,-1.0000000000000007,-1.0000000000000007,-1.0000000000000007,-1.0000000000000007,-1.9999999999999984,-1.9999999999999984,-1.9999999999999984,-1.9999999999999984,1.0000000000000007,1.9999999999999984,2.999999999999999,5.000000000000001,-1.871192767432677,-1.871192767432677,-0.18014588754786715,9.254435076975842,-0.30262263682003493,0.485,-0.1277526529834808,-0.42972414409320964,-0.6275390082389676,-0.3051471608213419,4.172563053275985,-0.5000000000000003,-0.25000000000000056,-7.327471962526033e-16,0.4999999999999997,-0.36499999999999955,0.17999999999999994,0.7249999999999994,1.8150000000000006,1.0000000000000004,2.0,2.9999999999999996,5.000000000000001,-0.18014588754786715,-0.18014588754786715,1.3105038932661557,2.2470771558830767,0.6125679946615575,0.85,0.049978101696757184,0.20780087744756404,0.33506784016020114,0.6101128551431428,1.482722827029754,-0.18014588754786715,9.254435076975842,-0.30262263682003493,,,True
GBtzAomW,2019-04-25,EURUSD,1D,-1,False,market,0.5148694867293556,,stated,False,True,time,-3.171926217813853,,-3.171926217813853,-3.171926217813853,-1.4318536028048814,-3.171926217813853,-3.171926217813853,-0.1892231175311322,-1.8766255591792536,-1.5762093550413492,-1.2894485038284085,-0.2926132010454685,0.27115484502811193,2.756415620549274,-1.0000000000000098,-1.0000000000000098,-1.0000000000000098,-1.0000000000000098,-2.0000000000000195,-2.0000000000000195,-2.0000000000000195,-2.0000000000000195,-2.9999999999999862,-2.9999999999999862,-2.9999999999999862,-2.9999999999999862,-2.0000000000000195,-2.9999999999999862,0.45007778102287205,-1.652747164500733,-0.1312662438028396,0.98,-0.17476806210345872,-0.4317213937218625,-0.38516665192402416,-0.13739161098172087,-0.13981054389064046,-0.6000000000000059,-0.6400000000000062,-1.00000000000001,-1.00000000000001,0.34000000000000336,-1.4600000000000144,-2.00000000000002,-2.00000000000002,0.20000000000001059,-1.7288429651964285,-2.244286850676249,-2.244286850676249,0.0873416739853618,0.4445720969947687,0.5022201410000456,1.472838863871247,0.6270308975460407,0.99,0.025476856778791655,0.15488987759586334,0.28346408143128554,0.6230513620683692,1.0262917418457216,0.45007778102287205,-1.652747164500733,-0.1312662438028396,,0.6327348484849196,
SreaKi1m,2019-04-30,EURUSD,240,-1,False,market,3.027056722580955,2.192006592213775,stated,True,True,sl,-2.192006592213775,,-2.192006592213775,-0.9863674768657116,-0.3548837796540997,-2.192006592213775,-0.9863674768657116,0.3079137755398793,-0.8767713225056494,-1.1846850980455286,-0.3079137755398793,1.873576926000903,0.657578491879266,3.9924409553894686,-1.0000000000000016,-1.0000000000000016,-1.0000000000000016,-1.0000000000000016,-2.000000000000003,-2.000000000000003,-2.000000000000003,-2.000000000000003,-3.000000000000005,-3.000000000000005,-3.000000000000005,-3.000000000000005,-2.192006592213775,-2.192006592213775,-1.2786705121246973,1.11240358933371,1.253965632303751,0.175,0.03718450830443252,-0.17887693652374598,-0.12394829142722855,1.202690161908071,1.2711879540979543,-0.7000000000000011,-1.0000000000000016,-1.0000000000000016,-1.0000000000000016,-1.1000000000000016,-1.4000000000000021,-1.250000000000002,-1.1339812237416527,-1.3322676295501878e-16,0.7500000000000011,1.5000000000000024,0.6373395342883443,-1.2786705121246973,-1.2786705121246973,-0.030870553353999845,0.7222925440613682,0.08538084355425603,0.39,0.05524180716210248,-0.040446292399589565,-0.0482224149092151,0.0601475648870435,0.2863858569876056,-1.2786705121246973,1.11240358933371,1.253965632303751,,,False
tjFWULv0,2019-05-05,BTCUSD,1D,1,True,limit,2.178654477987332,,stated,False,False,tp_before_fill,,target_reached,,,,1.3296646509586063,10.915979139617804,-0.34476578486654946,0.6419488844720694,2.8130256154125926,11.145102791775313,11.803207202121513,12.886265766762621,0.7311234594525073,,,,,,,,,,,,,,,2.178654477987332,6.409179026379173,5.73700948766216,1.0,1.1862142952070847,2.9567837641984225,4.4609272590958655,5.730853692360099,9.38953218004149,0.5700000000000003,1.0550000000000006,1.6000000000000005,2.8099999999999996,0.7450000000000003,1.2400000000000007,1.8000000000000005,3.2499999999999987,0.8600000000000003,1.4000000000000006,1.8300000000000012,3.359999999999999,1.3011370376099922,1.4795361234590418,1.941553510442883,6.515852143756426,1.478613590815906,0.86,0.08668274139364575,0.31871193257115293,0.5806558532901449,1.4683582694843702,3.800773698903768,2.178654477987332,6.409179026379173,5.73700948766216,,,
KjIZta5R,2019-05-13,USDJPY,1W,-1,False,market,1.0231477267296278,,stated,False,True,tp,1.0231477267296278,target_reached,4.099690621290552,0.9225941565352288,1.430849613402532,1.0231477267296278,0.9225941565352288,-0.3843484806460139,1.2832661152647102,0.8902362616559696,1.4213789888587745,1.4174328887250767,2.3416054695366335,0.7308145420027202,0.9999999999999977,1.9999999999999953,3.0000000000000044,0.9225941565352288,0.9999999999999977,1.9999999999999953,3.0000000000000044,0.9225941565352288,0.9999999999999977,1.9999999999999953,3.0000000000000044,0.9225941565352288,1.0231477267296278,1.0231477267296278,1.0231477267296276,0.3990121013375056,1.7424046760492047,1.0,0.3201772579124011,1.1029261793869145,1.3317358435892117,1.7282224522795724,1.3423547514809342,0.919999999999998,1.8799999999999961,2.720190539465914,0.2916687548659527,0.9999999999999978,1.9999999999999956,2.903403277212508,0.3990121013375056,0.9999999999999978,1.9999999999999956,2.903403277212508,0.3990121013375056,1.0231477267296276,1.0231477267296276,1.0277204989295283,2.25225435405733,1.616264197922609,1.0,0.0640173013204595,0.17362369403939035,0.5217155477834422,1.6143661295169522,3.122263002905129,1.0231477267296276,0.3990121013375056,1.7424046760492047,3.1604892073247624,,
8fqVhIrl,2019-05-15,BTCUSD,1D,1,True,market,0.816478434020599,,stated,False,True,tp,0.816478434020599,target_reached,0.576709918022291,0.576709918022291,0.1260909988678858,0.816478434020599,0.576709918022291,-0.629148204380874,-2.178718987190816,-0.4026014667339426,0.12192040180544393,-0.33270228853576544,0.8933415129088039,5.259537737799666,-0.9999999999999992,-0.9999999999999992,-0.9999999999999992,-0.9999999999999992,-2.000000000000001,-2.000000000000001,-2.000000000000001,-2.000000000000001,-3.0,-3.0,-3.0,-3.0,0.816478434020599,0.816478434020599,0.816478434020599,4.9614647362112825,1.9810833728707815,1.0,0.05068705196498668,0.665902130871788,1.1527113922773256,1.99497423563744,0.34414876621941004,0.09000000000000022,0.5000000000000004,0.7600000000000005,0.8626967510823801,0.625,1.4,2.25,3.5340713177176406,0.5200000000000001,1.275,2.13,3.4126062896844562,0.4644186297680241,0.35850102193812716,0.7893123778117263,4.332396329833873,1.176713724243085,0.95,0.1632861740142156,0.3924537131283515,0.5629801798076943,1.1726369673031811,2.739620959245227,0.816478434020599,4.9614647362112825,1.9810833728707815,2.0393784078735533,,
yHblb89c,2019-06-24,USDCAD,1D,-1,False,market,1.3620534586391522,,stated,False,True,tp,1.3620534586391522,,-0.5236443939739166,-0.5236443939739166,1.7974535567540033,1.3620534586391522,-0.5236443939739166,0.051481943486415896,0.9413832479384482,1.403249250892717,1.7474425133309222,1.9327773922099916,2.2813833548381686,0.32801321465160127,0.999999999999989,2.0000000000000107,-0.999999999999989,-0.999999999999989,0.999999999999989,2.0000000000000107,-0.5236443939739166,-0.5236443939739166,0.999999999999989,2.0000000000000107,-0.5236443939739166,-0.5236443939739166,1.3620534586391522,1.3620534586391522,-0.6825226236522204,-2.112390307308208,0.7337567006208054,0.495,0.15605632702848926,0.3080235151084329,0.4783182621256145,0.7352129049215976,-0.6475907291860851,0.5199999999999944,-0.24999999999998912,-0.9844704715644922,-0.9844704715644922,0.27999999999998904,-1.0000000000000053,-1.7283583040138524,-1.7283583040138524,0.039999999999991764,-1.7345693754447382,-2.464369837560964,-2.464369837560964,-0.3357835379736251,-0.8407835379736196,0.8042712804607041,2.181140684464002,0.6362499962956947,0.81,0.08654105609901758,0.1312861802159836,0.33411747639063116,0.6376914893895028,1.4259013266193257,-0.6825226236522204,-2.112390307308208,0.7337567006208054,1.2355757632540183,,
QJ0RBWnL,2019-06-28,USDJPY,1D,-1,False,market,1.1731092429466998,2.4475982970121923,stated,True,True,sl,-2.4475982970121923,,-2.4475982970121923,3.1482636804210364,-1.2600295774693004,-2.4475982970121923,3.1482636804210364,-1.2455465662741068,-0.18284917044006124,-0.7313965007249559,-1.3052893268956798,-1.7814212391337443,0.2045737777506251,2.434971079466591,-1.0000000000000069,-1.0000000000000069,-1.0000000000000069,-1.0000000000000069,-1.999999999999988,-1.999999999999988,-1.999999999999988,-1.999999999999988,-2.9999999999999947,-2.9999999999999947,-2.9999999999999947,-2.9999999999999947,-2.4475982970121923,-2.4475982970121923,0.2860358956567712,3.8537173581285744,0.4440156108814055,0.755,0.013930930235404055,0.08840121476861239,0.09322589808329627,0.4520175229937242,1.7672277623428716,0.24000000000000163,0.2599999999999909,-0.38000000000000667,-0.07000000000000454,0.17500000000000832,0.4599999999999973,1.0750000000000015,2.3050000000000095,0.9200000000000068,1.8999999999999884,2.879999999999994,4.5490295266315375,0.2860358956567712,0.2860358956567712,0.8953499425694283,2.8042357765406773,0.6886532652377508,0.91,0.088220178486437,0.23350376595440442,0.43207610871558316,0.6907171083633097,1.946881566956077,0.2860358956567712,3.8537173581285744,0.4440156108814055,,,True
LSkEqznG,2019-07-15,ETHUSD,1D,-1,True,market,1.447425138585133,,stated,False,True,time,0.37455349564878804,,0.37455349564878804,0.37455349564878804,-0.18770334442701367,0.37455349564878804,0.37455349564878804,-0.461152993337978,0.17618518450862994,-0.31781589356607853,-0.21201946267958277,-0.13864451562322744,1.0967847804701338,0.7691571220040923,0.9999999999999997,0.37455349564878804,0.37455349564878804,0.37455349564878804,0.9999999999999997,0.37455349564878804,0.37455349564878804,0.37455349564878804,0.9999999999999997,0.37455349564878804,0.37455349564878804,0.37455349564878804,0.37455349564878804,0.37455349564878804,1.2789840002036181,1.1769853020695697,0.15498750629412353,0.765,0.044114552336771536,-0.004257453289855218,0.08120516017090144,0.1534773475205756,0.0025979849521956156,0.31999999999999984,0.6562002148071897,0.5419732322664779,0.5419732322664779,0.9808899984113998,1.2912122846102818,1.1769853020695697,1.1769853020695697,0.9808899984113998,1.2912122846102818,1.1769853020695697,1.1769853020695697,1.2789840002036181,1.2789840002036181,-0.7770711979326471,-0.4718307549579402,-0.36866217007566804,0.48,-0.017464942856165414,-0.07909563045917109,-0.24834005914833418,-0.37177207331819134,-0.45559441546056495,1.2789840002036181,1.1769853020695697,0.15498750629412353,,0.7577488819506394,
F6QGSF3L,2019-08-01,EURUSD,1D,-1,False,market,1.8713921298005738,,stated,False,True,tp,1.8713921298005738,target_reached,0.601127857242441,0.601127857242441,-2.006929986986876,1.8713921298005738,0.601127857242441,-0.536449578395349,-3.169237375146498,-3.1349960340885743,-1.9441540999563054,-0.7342890083874821,0.35573072384110666,3.8806988228287116,-0.9999999999999871,-0.9999999999999871,-0.9999999999999871,-0.9999999999999871,-2.0000000000000164,-2.0000000000000164,-2.0000000000000164,-2.0000000000000164,-3.0000000000000036,-3.0000000000000036,-3.0000000000000036,-3.0000000000000036,-2.0000000000000164,-3.0000000000000036,1.8713921298005731,2.6898759905892944,1.396395308096286,1.0,-0.1196929226599031,0.08826688186092856,0.5112440364776504,1.3935798994335276,2.8528463206532138,0.43999999999999445,1.1600000000000152,1.8800000000000063,2.9656628320128537,0.32499999999998636,1.1000000000000092,1.874999999999999,2.964714756004886,0.5199999999999884,1.4000000000000141,2.2800000000000025,3.1218945992632756,1.000328900595441,1.2868250742245044,0.5478902257770962,0.8891080630712099,0.21719548697834867,0.585,0.04729126205288965,-0.04157484089927598,0.07172634669584892,0.21356209167456286,0.2591507843699799,1.8713921298005731,2.6898759905892944,1.396395308096286,0.4056649431094268,,
u8ugXwXJ,2019-09-03,GBPUSD,1W,1,False,market,1.5148259015583954,0.6444127924589461,stated,True,True,tp,1.5148259015583954,target_reached,3.194233774682993,1.93360108149438,4.062912679229566,1.5148259015583954,1.93360108149438,1.6030996579318009,2.2271669038386688,1.2356626811340174,4.056197111009595,4.927300936575709,4.914349534990493,0.026862224896782135,1.0000000000000002,2.0000000000000004,3.0000000000000004,5.000000000000001,1.0000000000000002,2.0000000000000004,3.0000000000000004,5.000000000000001,1.0000000000000002,2.0000000000000004,3.0000000000000004,5.000000000000001,1.5148259015583954,1.5148259015583954,0.014155009216343016,0.3093473891877318,2.5346387221565703,0.305,0.17865063402675052,-0.02901360948001684,1.7037107190491332,2.5317150549053418,2.9656552329950125,0.08000000000000002,0.6200000000000001,1.16,2.2400000000000007,1.0000000000000002,2.0000000000000004,3.0000000000000004,3.32,1.0000000000000002,2.0000000000000004,3.0000000000000004,3.0800000000000005,0.014155009216343016,0.014155009216343016,-0.4719043540123162,1.6059345929483029,0.05136202817795264,0.08,-0.17354201394781213,-0.46449357067181923,-0.8023916760668218,0.04446658985671799,2.5436207827749655,0.014155009216343016,0.3093473891877318,2.5346387221565703,5.809449603943281,,
oZEfcJTE,2020-02-26,USDCHF,240,1,False,market,0.2765138393764654,2.7698250690078843,stated,True,True,tp,0.2765138393764654,,-2.7698250690078843,-7.778318460696455,-3.251130681836761,0.2765138393764654,-7.778318460696455,1.1306240808018426,0.7318562555572328,-0.755313205751968,-2.692855754614371,-8.28967958126273,1.3792675747732575,3.5373052586264615,0.9999999999999941,-0.9999999999999941,-0.9999999999999941,-0.9999999999999941,0.9999999999999941,-1.9999999999999882,-1.9999999999999882,-1.9999999999999882,0.9999999999999941,-2.9999999999999822,-2.9999999999999822,-2.9999999999999822,0.2765138393764654,0.2765138393764654,-1.3228140875253183,-9.590600993704347,-4.189525235526075,0.475,-0.5403304128141346,-1.6114911883765353,-2.2095256527405005,-4.34152615726194,-7.257457295922646,-0.849999999999995,-0.9999999999999941,-0.9999999999999941,-0.9999999999999941,-1.6249999999999905,-1.9999999999999882,-1.9999999999999882,-1.9999999999999882,-2.499999999999985,-2.9999999999999822,-2.9999999999999822,-2.9999999999999822,-1.3228140875253183,-1.3228140875253183,-0.028120051461969577,-1.068838538524184,-0.20304319741510046,0.9,0.01611491044261287,-0.04459162492067899,-0.09352278398706208,-0.19539623647886656,-0.6386618715911372,-1.3228140875253183,-9.590600993704347,-4.189525235526075,1.102753735396792,,
P5UYhsdb,2020-02-27,BTCUSD,1D,1,True,limit,3.5335734201285183,,stated,False,True,time,-4.1426927120642025,,-4.1426927120642025,-4.1426927120642025,,-5.954921176311317,-5.954921176311317,-0.23253742790040907,-0.6671132718173849,-0.13117856339211462,-0.14382792466856206,-8.559776081013423,0.9376222087831906,0.9577440648855016,,,-1.0000000000000004,-1.0000000000000004,,,-2.000000000000001,-2.000000000000001,,,-2.9999999999999996,-2.9999999999999996,-2.000000000000001,-2.9999999999999996,-5.2223801369736496,-5.2223801369736496,-5.603735078722084,0.0,-0.14173855526122942,-0.4620907799026692,-1.3476327568088977,-5.553703574504402,-6.022549113474749,-0.040000000000000015,-1.0000000000000002,-1.0000000000000002,-1.0000000000000002,-0.5600000000000003,-2.0000000000000004,-2.0000000000000004,-2.0000000000000004,-1.0799999999999996,-2.9999999999999996,-2.9999999999999996,-2.9999999999999996,-2.0000000000000004,-2.9999999999999996,0.22344265763278073,0.3392647766070991,0.5466138133676836,0.51,0.04561968784957374,0.1382013020248556,0.238791835527744,0.5454912995657379,0.49111977611527863,-5.2223801369736496,-5.2223801369736496,-5.603735078722084,,0.13755481400000039,
4LwVwWlM,2020-02-28,ETHUSD,1D,1,True,limit,0.9768192092071903,,stated,False,False,tp_before_fill,,,-3.555498055954349,-3.555498055954349,-0.20526208764302445,0.20659726274732026,-4.3257200024142195,0.3559198496207721,0.3031909826485026,0.3227201920955548,-0.7421099785243671,-4.4614480107574845,1.6638886878688899,1.0911946041060567,,,-0.9999999999999993,-0.9999999999999993,,,-2.0,-2.0,,,-3.000000000000001,-3.000000000000001,,,-0.6768583954458889,-3.992258740702679,-4.149117354803207,0.625,-0.09385982423300292,-0.4442797614538946,-1.4265697273030964,-4.1247741946267125,-4.519911140193663,0.17999999999999997,-1.0,-1.0,-1.0,-0.23000000000000004,-2.0,-2.0,-2.0,-0.64,-3.0,-3.0,-3.0,-0.13948799424550606,-0.514487994245506,-0.031115551860877142,0.4432007724744328,0.5235756768296533,0.74,0.10137856987011803,0.22602863451962932,0.32183161507063546,0.5319683551157854,0.6078222475890215,-0.6768583954458889,-3.992258740702679,-4.149117354803207,,,
4mfF17iq,2021-01-14,BTCUSD,60,1,True,market,0.5802958363673112,,stated,False,True,tp,0.5802958363673112,,-1.6906576332526608,-1.6906576332526608,1.3699808644890146,0.5802958363673112,-1.6906576332526608,0.24220704968178258,0.3520595568998994,0.06061884538456764,1.4752971642662962,0.6079901830115957,2.412870391760188,1.1391334501848764,-0.9999999999999987,-0.9999999999999987,-0.9999999999999987,-0.9999999999999987,0.9999999999999987,1.9999999999999973,-1.9999999999999973,-1.9999999999999973,0.9999999999999987,1.9999999999999973,-1.6906576332526608,-1.6906576332526608,0.5802958363673112,0.5802958363673112,,,,,,,,,,,,,,,,,,,,,,,,0.15418306931167003,0.6388100243713943,0.19143774746990944,0.585,0.04236029501155052,0.1100803912217297,0.1298777991293206,0.18048897918481344,0.37826761993036184,,,,1.8325745553928772,,
OtprMNQs,2021-01-15,EURUSD,1D,1,False,market,3.021432664900392,,arrow,False,True,time,-0.07753655824081081,,-0.07753655824081081,-0.07753655824081081,-0.18792775962182795,-0.07753655824081081,-0.07753655824081081,-0.8095348634190088,0.05388135713240389,0.6426339492268889,-0.18267104826440095,-0.36665620864939613,0.7701093968007813,1.0184894684705448,-1.000000000000009,-1.000000000000009,-1.000000000000009,-1.000000000000009,-1.9999999999999891,-1.9999999999999891,-1.9999999999999891,-1.9999999999999891,1.000000000000009,-0.07753655824081081,-0.07753655824081081,-0.07753655824081081,-1.9999999999999891,-0.07753655824081081,-1.9620641243871213,-1.9620641243871213,-0.8091077526638696,0.0,0.036277938073735715,-0.0778191666089397,-0.4385352868241277,-0.8069327853823901,-0.014383701096294556,-0.550000000000005,-1.000000000000009,-1.000000000000009,-1.000000000000009,-1.1449999999999896,-1.340021531256193,-1.6826385699884019,-1.6826385699884019,0.4874944171553108,-1.5865674030845747,-1.939184441816784,-1.939184441816784,-1.6826385699884019,-1.939184441816784,1.1360036110046066,1.7662907355508997,0.6181442639203186,0.545,0.026303317758015005,0.2121480729736745,0.3391635721047308,0.6238346625081735,1.2416175258797,-1.9620641243871213,-1.9620641243871213,-0.8091077526638696,,0.4880168003619305,
RfZ0J0Oy,2021-01-28,ADAUSD,240,1,True,market,2.503571148423707,,stated,False,True,tp,2.503571148423707,,6.793366197090869,6.793366197090869,1.260992715918168,2.503571148423707,6.793366197090869,0.2991823016432832,0.8918346006564599,1.1624553457207971,1.4366462888787,1.248140015457643,2.7490498066389795,0.3748704265775003,1.0000000000000016,1.9999999999999991,3.0000000000000004,4.999999999999999,1.0000000000000016,1.9999999999999991,3.0000000000000004,4.999999999999999,1.0000000000000016,1.9999999999999991,3.0000000000000004,4.999999999999999,2.503571148423707,2.503571148423707,2.503571148423707,5.864580081377974,0.515643199622349,1.0,0.2964154025222691,0.18656051535442933,0.25218069159456313,0.5620200267652965,0.6446164772287132,0.10000000000000016,0.4999999999999988,0.6999999999999993,1.5499999999999985,0.9250000000000016,1.6999999999999993,2.625000000000001,4.475,1.0000000000000016,1.9999999999999993,3.0000000000000004,4.999999999999999,2.165803312291929,2.503571148423707,0.7120391613810658,0.9201890845030006,0.3566124533830344,0.305,0.015708856217014955,0.08123620700037176,0.1708695113990342,0.3349949252226946,0.541216502816045,2.503571148423707,5.864580081377974,0.515643199622349,4.795334593072149,,
